Order_ID,Order_Date,Customer_ID,Customer_Name,City,Region,Product_Name,Category,Quantity,Unit_Price,Discount,Sales,Profit
ORD00001,2024-04-12,C020,Sara Khan,Bhopal,Central,Backpack,Accessories,3,2200,0.1,5940.0,1324.16
ORD00002,2024-05-01,C019,Neil Bhat,Indore,West,Study Desk,Furniture,3,7200,0.05,20520.0,6550.38
ORD00003,2025-10-25,C003,Rohan Deshmukh,Nashik,West,Office Chair,Furniture,5,9500,0.2,38000.0,2541.79
ORD00004,2025-01-20,C001,Aarav Sharma,Mumbai,West,File Organizer,Stationery,2,380,0.1,684.0,177.54
ORD00005,2025-07-14,C010,Diya Das,Bhubaneswar,East,File Organizer,Stationery,4,380,0.05,1444.0,423.75
ORD00006,2025-11-17,C019,Neil Bhat,Indore,West,File Organizer,Stationery,4,380,0.1,1368.0,472.28
ORD00007,2025-10-08,C009,Vivaan Gupta,Kolkata,East,Study Desk,Furniture,2,7200,0.15,12240.0,1106.98
ORD00008,2024-08-29,C009,Vivaan Gupta,Kolkata,East,Notebook Pack,Stationery,5,450,0.0,2250.0,836.54
ORD00009,2025-03-30,C012,Myra Kapoor,Lucknow,North,Backpack,Accessories,3,2200,0.15,5610.0,1440.41
ORD00010,2025-01-22,C002,Isha Patel,Pune,West,Travel Bottle,Accessories,2,900,0.1,1620.0,564.73
ORD00011,2025-02-05,C012,Myra Kapoor,Lucknow,North,Wireless Mouse,Electronics,2,1200,0.15,2040.0,361.01
ORD00012,2024-09-27,C008,Sanya Rao,Hyderabad,South,Travel Bottle,Accessories,4,900,0.0,3600.0,1277.76
ORD00013,2025-12-20,C013,Reyansh Shah,Surat,West,Wireless Mouse,Electronics,5,1200,0.1,5400.0,761.69
ORD00014,2024-07-06,C013,Reyansh Shah,Surat,West,LED Table Lamp,Furniture,5,1800,0.15,7650.0,2295.81
ORD00015,2025-06-04,C001,Aarav Sharma,Mumbai,West,File Organizer,Stationery,3,380,0.0,1140.0,316.61
ORD00016,2025-02-22,C001,Aarav Sharma,Mumbai,West,Premium Pen Set,Stationery,5,650,0.15,2762.5,454.3
ORD00017,2024-01-28,C007,Arjun Nair,Chennai,South,LED Table Lamp,Furniture,4,1800,0.05,6840.0,2572.48
ORD00018,2025-02-10,C005,Kabir Verma,Jaipur,North,Mechanical Keyboard,Electronics,4,4500,0.1,16200.0,2566.03
ORD00019,2025-09-04,C015,Yash Kulkarni,Nagpur,West,Travel Bottle,Accessories,3,900,0.1,2430.0,560.91
ORD00020,2025-02-01,C007,Arjun Nair,Chennai,South,Premium Pen Set,Stationery,1,650,0.1,585.0,193.58
ORD00021,2025-04-05,C019,Neil Bhat,Indore,West,USB-C Cable,Accessories,1,750,0.05,712.5,201.21
ORD00022,2025-04-29,C007,Arjun Nair,Chennai,South,Backpack,Accessories,3,2200,0.0,6600.0,1527.43
ORD00023,2025-11-29,C019,Neil Bhat,Indore,West,Office Chair,Furniture,4,9500,0.15,32300.0,4118.29
ORD00024,2025-10-07,C012,Myra Kapoor,Lucknow,North,File Organizer,Stationery,4,380,0.15,1292.0,246.44
ORD00025,2025-05-20,C007,Arjun Nair,Chennai,South,Travel Bottle,Accessories,1,900,0.05,855.0,216.42
ORD00026,2025-09-24,C020,Sara Khan,Bhopal,Central,Backpack,Accessories,1,2200,0.05,2090.0,741.55
ORD00027,2025-02-14,C009,Vivaan Gupta,Kolkata,East,Travel Bottle,Accessories,5,900,0.1,4050.0,1197.53
ORD00028,2025-10-25,C015,Yash Kulkarni,Nagpur,West,Premium Pen Set,Stationery,1,650,0.05,617.5,232.06
ORD00029,2025-03-17,C020,Sara Khan,Bhopal,Central,File Organizer,Stationery,2,380,0.1,684.0,220.69
ORD00030,2024-03-21,C017,Dev Malhotra,Chandigarh,North,Wireless Mouse,Electronics,2,1200,0.05,2280.0,872.14
ORD00031,2024-08-12,C001,Aarav Sharma,Mumbai,West,Mechanical Keyboard,Electronics,2,4500,0.1,8100.0,2073.99
ORD00032,2025-12-10,C004,Ananya Singh,Delhi,North,Study Desk,Furniture,3,7200,0.05,20520.0,6945.87
ORD00033,2024-10-20,C005,Kabir Verma,Jaipur,North,Bluetooth Headphones,Electronics,2,3200,0.1,5760.0,1362.21
ORD00034,2024-05-23,C001,Aarav Sharma,Mumbai,West,LED Table Lamp,Furniture,4,1800,0.1,6480.0,1302.03
ORD00035,2025-10-21,C004,Ananya Singh,Delhi,North,Mechanical Keyboard,Electronics,2,4500,0.1,8100.0,2472.31
ORD00036,2025-12-11,C020,Sara Khan,Bhopal,Central,LED Table Lamp,Furniture,1,1800,0.05,1710.0,479.61
ORD00037,2025-10-02,C011,Aditya Mehta,Ahmedabad,West,File Organizer,Stationery,1,380,0.0,380.0,89.32
ORD00038,2024-10-24,C003,Rohan Deshmukh,Nashik,West,Study Desk,Furniture,4,7200,0.0,28800.0,6438.71
ORD00039,2025-07-25,C017,Dev Malhotra,Chandigarh,North,Wireless Mouse,Electronics,1,1200,0.0,1200.0,288.67
ORD00040,2024-02-06,C009,Vivaan Gupta,Kolkata,East,LED Table Lamp,Furniture,3,1800,0.1,4860.0,813.61
ORD00041,2025-02-07,C001,Aarav Sharma,Mumbai,West,Bookshelf,Furniture,4,5800,0.0,23200.0,8994.04
ORD00042,2025-02-25,C008,Sanya Rao,Hyderabad,South,Bluetooth Headphones,Electronics,3,3200,0.05,9120.0,1746.94
ORD00043,2024-06-01,C018,Aanya Iyer,Coimbatore,South,Travel Bottle,Accessories,2,900,0.05,1710.0,504.57
ORD00044,2025-11-11,C004,Ananya Singh,Delhi,North,Laptop Pro 14,Electronics,4,85000,0.0,340000.0,120672.82
ORD00045,2025-05-18,C008,Sanya Rao,Hyderabad,South,Study Desk,Furniture,3,7200,0.1,19440.0,4456.91
ORD00046,2025-04-04,C019,Neil Bhat,Indore,West,Office Chair,Furniture,5,9500,0.05,45125.0,8967.06
ORD00047,2024-01-27,C002,Isha Patel,Pune,West,Smartphone X,Electronics,1,42000,0.1,37800.0,9302.85
ORD00048,2025-03-28,C016,Tara Menon,Kochi,South,Mechanical Keyboard,Electronics,4,4500,0.0,18000.0,5236.3
ORD00049,2024-01-17,C012,Myra Kapoor,Lucknow,North,File Organizer,Stationery,5,380,0.05,1805.0,367.27
ORD00050,2024-02-06,C017,Dev Malhotra,Chandigarh,North,Travel Bottle,Accessories,5,900,0.1,4050.0,557.7
ORD00051,2024-04-25,C001,Aarav Sharma,Mumbai,West,Mechanical Keyboard,Electronics,2,4500,0.1,8100.0,1194.92
ORD00052,2025-07-23,C003,Rohan Deshmukh,Nashik,West,Bookshelf,Furniture,2,5800,0.1,10440.0,1415.08
ORD00053,2025-09-30,C010,Diya Das,Bhubaneswar,East,Wireless Mouse,Electronics,2,1200,0.1,2160.0,433.43
ORD00054,2024-09-02,C016,Tara Menon,Kochi,South,Study Desk,Furniture,5,7200,0.05,34200.0,10297.58
ORD00055,2025-02-11,C013,Reyansh Shah,Surat,West,File Organizer,Stationery,2,380,0.0,760.0,223.76
ORD00056,2024-01-20,C001,Aarav Sharma,Mumbai,West,Bookshelf,Furniture,4,5800,0.15,19720.0,6135.86
ORD00057,2024-12-19,C002,Isha Patel,Pune,West,Study Desk,Furniture,3,7200,0.05,20520.0,5647.78
ORD00058,2024-05-04,C017,Dev Malhotra,Chandigarh,North,Bluetooth Headphones,Electronics,2,3200,0.15,5440.0,1266.96
ORD00059,2025-03-19,C005,Kabir Verma,Jaipur,North,Laptop Pro 14,Electronics,5,85000,0.05,403750.0,75203.59
ORD00060,2024-04-12,C004,Ananya Singh,Delhi,North,Office Chair,Furniture,5,9500,0.0,47500.0,16042.14
ORD00061,2025-10-17,C013,Reyansh Shah,Surat,West,Wireless Mouse,Electronics,4,1200,0.1,4320.0,1496.58
ORD00062,2024-04-29,C019,Neil Bhat,Indore,West,File Organizer,Stationery,2,380,0.0,760.0,315.35
ORD00063,2024-04-26,C009,Vivaan Gupta,Kolkata,East,File Organizer,Stationery,5,380,0.0,1900.0,450.22
ORD00064,2024-04-05,C016,Tara Menon,Kochi,South,LED Table Lamp,Furniture,5,1800,0.05,8550.0,1611.24
ORD00065,2025-12-04,C005,Kabir Verma,Jaipur,North,Office Chair,Furniture,5,9500,0.05,45125.0,15221.56
ORD00066,2025-10-17,C019,Neil Bhat,Indore,West,Smartphone X,Electronics,1,42000,0.05,39900.0,14768.89
ORD00067,2024-02-16,C017,Dev Malhotra,Chandigarh,North,Travel Bottle,Accessories,4,900,0.0,3600.0,1499.64
ORD00068,2025-04-18,C016,Tara Menon,Kochi,South,Smartphone X,Electronics,4,42000,0.0,168000.0,55982.58
ORD00069,2024-01-23,C010,Diya Das,Bhubaneswar,East,Office Chair,Furniture,5,9500,0.15,40375.0,10346.51
ORD00070,2025-10-20,C001,Aarav Sharma,Mumbai,West,Bookshelf,Furniture,5,5800,0.1,26100.0,5708.06
ORD00071,2024-12-01,C002,Isha Patel,Pune,West,Laptop Pro 14,Electronics,4,85000,0.1,306000.0,44864.34
ORD00072,2025-10-25,C012,Myra Kapoor,Lucknow,North,Wireless Mouse,Electronics,3,1200,0.1,3240.0,822.06
ORD00073,2025-11-21,C011,Aditya Mehta,Ahmedabad,West,Smartphone X,Electronics,4,42000,0.05,159600.0,29864.0
ORD00074,2024-02-12,C012,Myra Kapoor,Lucknow,North,Backpack,Accessories,5,2200,0.0,11000.0,3790.03
ORD00075,2024-09-09,C019,Neil Bhat,Indore,West,Wireless Mouse,Electronics,3,1200,0.05,3420.0,859.88
ORD00076,2025-08-27,C010,Diya Das,Bhubaneswar,East,Notebook Pack,Stationery,2,450,0.05,855.0,243.71
ORD00077,2025-05-15,C018,Aanya Iyer,Coimbatore,South,Backpack,Accessories,3,2200,0.15,5610.0,811.71
ORD00078,2024-10-03,C004,Ananya Singh,Delhi,North,Notebook Pack,Stationery,5,450,0.1,2025.0,356.92
ORD00079,2025-11-19,C003,Rohan Deshmukh,Nashik,West,Bluetooth Headphones,Electronics,2,3200,0.05,6080.0,1624.9
ORD00080,2025-10-24,C005,Kabir Verma,Jaipur,North,File Organizer,Stationery,1,380,0.1,342.0,65.37
ORD00081,2024-09-29,C017,Dev Malhotra,Chandigarh,North,Travel Bottle,Accessories,4,900,0.15,3060.0,741.56
ORD00082,2025-11-29,C019,Neil Bhat,Indore,West,Laptop Pro 14,Electronics,4,85000,0.0,340000.0,81234.03
ORD00083,2024-03-16,C009,Vivaan Gupta,Kolkata,East,Study Desk,Furniture,4,7200,0.2,23040.0,860.5
ORD00084,2025-05-20,C015,Yash Kulkarni,Nagpur,West,Smartphone X,Electronics,5,42000,0.05,199500.0,63896.09
ORD00085,2025-04-13,C004,Ananya Singh,Delhi,North,Smartphone X,Electronics,1,42000,0.0,42000.0,9820.2
ORD00086,2024-07-04,C007,Arjun Nair,Chennai,South,Travel Bottle,Accessories,2,900,0.05,1710.0,346.43
ORD00087,2024-08-22,C011,Aditya Mehta,Ahmedabad,West,Wireless Mouse,Electronics,4,1200,0.1,4320.0,732.51
ORD00088,2024-09-09,C006,Meera Joshi,Bengaluru,South,Study Desk,Furniture,5,7200,0.0,36000.0,12264.11
ORD00089,2025-09-25,C002,Isha Patel,Pune,West,Smartphone X,Electronics,5,42000,0.0,210000.0,46761.14
ORD00090,2025-05-10,C013,Reyansh Shah,Surat,West,Laptop Pro 14,Electronics,4,85000,0.0,340000.0,81076.83
ORD00091,2024-10-27,C004,Ananya Singh,Delhi,North,Bluetooth Headphones,Electronics,4,3200,0.0,12800.0,3386.5
ORD00092,2024-06-30,C007,Arjun Nair,Chennai,South,Premium Pen Set,Stationery,2,650,0.15,1105.0,322.09
ORD00093,2025-03-26,C013,Reyansh Shah,Surat,West,Backpack,Accessories,2,2200,0.05,4180.0,1578.45
ORD00094,2025-04-20,C008,Sanya Rao,Hyderabad,South,Backpack,Accessories,1,2200,0.1,1980.0,404.34
ORD00095,2024-12-13,C017,Dev Malhotra,Chandigarh,North,LED Table Lamp,Furniture,1,1800,0.0,1800.0,409.24
ORD00096,2025-07-09,C013,Reyansh Shah,Surat,West,Backpack,Accessories,5,2200,0.05,10450.0,3974.52
ORD00097,2024-07-31,C011,Aditya Mehta,Ahmedabad,West,File Organizer,Stationery,5,380,0.05,1805.0,438.74
ORD00098,2025-03-16,C018,Aanya Iyer,Coimbatore,South,USB-C Cable,Accessories,1,750,0.0,750.0,270.83
ORD00099,2025-05-27,C003,Rohan Deshmukh,Nashik,West,Study Desk,Furniture,1,7200,0.15,6120.0,563.47
ORD00100,2024-12-23,C012,Myra Kapoor,Lucknow,North,Bookshelf,Furniture,4,5800,0.05,22040.0,7796.69
ORD00101,2025-11-06,C008,Sanya Rao,Hyderabad,South,Notebook Pack,Stationery,4,450,0.1,1620.0,548.02
ORD00102,2024-02-10,C004,Ananya Singh,Delhi,North,Premium Pen Set,Stationery,1,650,0.05,617.5,187.04
ORD00103,2025-04-05,C016,Tara Menon,Kochi,South,Backpack,Accessories,5,2200,0.15,9350.0,1160.42
ORD00104,2025-08-16,C019,Neil Bhat,Indore,West,Smartphone X,Electronics,1,42000,0.05,39900.0,7705.08
ORD00105,2024-08-29,C013,Reyansh Shah,Surat,West,Smartphone X,Electronics,1,42000,0.1,37800.0,9404.89
ORD00106,2024-08-26,C017,Dev Malhotra,Chandigarh,North,Premium Pen Set,Stationery,5,650,0.1,2925.0,784.56
ORD00107,2025-11-19,C013,Reyansh Shah,Surat,West,Laptop Pro 14,Electronics,2,85000,0.0,170000.0,66849.03
ORD00108,2025-02-08,C016,Tara Menon,Kochi,South,Study Desk,Furniture,4,7200,0.15,24480.0,2017.63
ORD00109,2025-03-12,C005,Kabir Verma,Jaipur,North,Smartphone X,Electronics,5,42000,0.1,189000.0,51330.28
ORD00110,2024-03-25,C014,Kiara Roy,Patna,East,LED Table Lamp,Furniture,1,1800,0.2,1440.0,177.78
ORD00111,2025-03-21,C001,Aarav Sharma,Mumbai,West,Laptop Pro 14,Electronics,2,85000,0.05,161500.0,59039.04
ORD00112,2024-06-02,C002,Isha Patel,Pune,West,Office Chair,Furniture,3,9500,0.1,25650.0,4262.57
ORD00113,2024-02-23,C012,Myra Kapoor,Lucknow,North,Smartphone X,Electronics,3,42000,0.05,119700.0,43242.82
ORD00114,2024-10-29,C015,Yash Kulkarni,Nagpur,West,Smartphone X,Electronics,5,42000,0.1,189000.0,33388.12
ORD00115,2024-04-12,C006,Meera Joshi,Bengaluru,South,File Organizer,Stationery,2,380,0.05,722.0,191.53
ORD00116,2024-11-30,C019,Neil Bhat,Indore,West,USB-C Cable,Accessories,2,750,0.05,1425.0,400.8
ORD00117,2024-11-30,C010,Diya Das,Bhubaneswar,East,Mechanical Keyboard,Electronics,1,4500,0.15,3825.0,1082.63
ORD00118,2024-07-02,C017,Dev Malhotra,Chandigarh,North,Notebook Pack,Stationery,1,450,0.05,427.5,125.18
ORD00119,2025-06-29,C006,Meera Joshi,Bengaluru,South,Smartphone X,Electronics,2,42000,0.05,79800.0,20438.87
ORD00120,2024-04-20,C016,Tara Menon,Kochi,South,USB-C Cable,Accessories,3,750,0.0,2250.0,656.61
ORD00121,2024-12-25,C004,Ananya Singh,Delhi,North,Bookshelf,Furniture,1,5800,0.15,4930.0,1016.2
ORD00122,2024-04-02,C018,Aanya Iyer,Coimbatore,South,Backpack,Accessories,2,2200,0.0,4400.0,1124.82
ORD00123,2025-04-10,C010,Diya Das,Bhubaneswar,East,Backpack,Accessories,5,2200,0.1,9900.0,2344.27
ORD00124,2025-06-07,C014,Kiara Roy,Patna,East,Wireless Mouse,Electronics,1,1200,0.1,1080.0,218.31
ORD00125,2024-03-13,C015,Yash Kulkarni,Nagpur,West,LED Table Lamp,Furniture,3,1800,0.15,4590.0,1392.04
ORD00126,2024-01-26,C004,Ananya Singh,Delhi,North,Laptop Pro 14,Electronics,1,85000,0.1,76500.0,10433.63
ORD00127,2024-10-29,C014,Kiara Roy,Patna,East,Notebook Pack,Stationery,4,450,0.05,1710.0,499.49
ORD00128,2024-12-30,C014,Kiara Roy,Patna,East,Premium Pen Set,Stationery,3,650,0.1,1755.0,274.87
ORD00129,2024-12-28,C015,Yash Kulkarni,Nagpur,West,File Organizer,Stationery,5,380,0.15,1615.0,378.42
ORD00130,2024-01-15,C005,Kabir Verma,Jaipur,North,File Organizer,Stationery,2,380,0.1,684.0,115.41
ORD00131,2024-03-26,C012,Myra Kapoor,Lucknow,North,LED Table Lamp,Furniture,1,1800,0.05,1710.0,495.37
ORD00132,2025-01-28,C003,Rohan Deshmukh,Nashik,West,LED Table Lamp,Furniture,5,1800,0.05,8550.0,2278.44
ORD00133,2025-04-14,C002,Isha Patel,Pune,West,USB-C Cable,Accessories,1,750,0.1,675.0,183.18
ORD00134,2025-09-04,C006,Meera Joshi,Bengaluru,South,Bluetooth Headphones,Electronics,2,3200,0.1,5760.0,1735.23
ORD00135,2024-11-10,C013,Reyansh Shah,Surat,West,Office Chair,Furniture,5,9500,0.15,40375.0,12753.42
ORD00136,2024-10-03,C006,Meera Joshi,Bengaluru,South,Office Chair,Furniture,4,9500,0.15,32300.0,9592.05
ORD00137,2024-12-15,C009,Vivaan Gupta,Kolkata,East,Study Desk,Furniture,3,7200,0.1,19440.0,5139.09
ORD00138,2025-07-01,C006,Meera Joshi,Bengaluru,South,Wireless Mouse,Electronics,4,1200,0.2,3840.0,225.11
ORD00139,2025-10-07,C017,Dev Malhotra,Chandigarh,North,Travel Bottle,Accessories,3,900,0.15,2295.0,341.03
ORD00140,2025-12-15,C008,Sanya Rao,Hyderabad,South,Notebook Pack,Stationery,3,450,0.15,1147.5,309.13
ORD00141,2025-02-13,C004,Ananya Singh,Delhi,North,Mechanical Keyboard,Electronics,4,4500,0.1,16200.0,4887.32
ORD00142,2025-07-12,C001,Aarav Sharma,Mumbai,West,Notebook Pack,Stationery,5,450,0.1,2025.0,300.59
ORD00143,2024-09-15,C001,Aarav Sharma,Mumbai,West,Office Chair,Furniture,2,9500,0.05,18050.0,4945.31
ORD00144,2025-10-11,C012,Myra Kapoor,Lucknow,North,Wireless Mouse,Electronics,5,1200,0.1,5400.0,1814.56
ORD00145,2024-11-14,C005,Kabir Verma,Jaipur,North,LED Table Lamp,Furniture,1,1800,0.0,1800.0,585.66
ORD00146,2025-07-03,C003,Rohan Deshmukh,Nashik,West,Travel Bottle,Accessories,1,900,0.15,765.0,108.72
ORD00147,2024-11-29,C011,Aditya Mehta,Ahmedabad,West,LED Table Lamp,Furniture,2,1800,0.0,3600.0,1464.12
ORD00148,2024-10-22,C008,Sanya Rao,Hyderabad,South,Premium Pen Set,Stationery,1,650,0.1,585.0,104.06
ORD00149,2024-10-17,C005,Kabir Verma,Jaipur,North,Smartphone X,Electronics,3,42000,0.1,113400.0,27138.75
ORD00150,2024-05-11,C013,Reyansh Shah,Surat,West,Notebook Pack,Stationery,1,450,0.1,405.0,103.32
ORD00151,2025-09-07,C014,Kiara Roy,Patna,East,Mechanical Keyboard,Electronics,5,4500,0.05,21375.0,4960.76
ORD00152,2024-05-22,C001,Aarav Sharma,Mumbai,West,LED Table Lamp,Furniture,1,1800,0.15,1530.0,347.8
ORD00153,2025-09-07,C008,Sanya Rao,Hyderabad,South,Mechanical Keyboard,Electronics,3,4500,0.05,12825.0,4096.4
ORD00154,2024-06-27,C008,Sanya Rao,Hyderabad,South,Notebook Pack,Stationery,4,450,0.1,1620.0,352.77
ORD00155,2025-04-22,C007,Arjun Nair,Chennai,South,Premium Pen Set,Stationery,4,650,0.2,2080.0,180.75
ORD00156,2025-02-14,C001,Aarav Sharma,Mumbai,West,Travel Bottle,Accessories,4,900,0.1,3240.0,603.03
ORD00157,2025-09-26,C010,Diya Das,Bhubaneswar,East,Laptop Pro 14,Electronics,5,85000,0.0,425000.0,106551.56
ORD00158,2024-08-03,C020,Sara Khan,Bhopal,Central,Bookshelf,Furniture,5,5800,0.1,26100.0,6459.13
ORD00159,2024-11-19,C012,Myra Kapoor,Lucknow,North,Backpack,Accessories,2,2200,0.0,4400.0,1321.37
ORD00160,2024-10-18,C011,Aditya Mehta,Ahmedabad,West,Premium Pen Set,Stationery,5,650,0.15,2762.5,254.1
ORD00161,2025-07-03,C006,Meera Joshi,Bengaluru,South,Bookshelf,Furniture ,2,5800,0.15,9860.0,2776.22
ORD00162,2024-05-20,C008,Sanya Rao,Hyderabad,South,Travel Bottle,Accessories,2,900,0.1,1620.0,569.48
ORD00163,2025-11-13,C012,Myra Kapoor,Lucknow,North,File Organizer,Stationery,4,380,0.15,1292.0,170.21
ORD00164,2024-05-06,C010,Diya Das,Bhubaneswar,East,Laptop Pro 14,Electronics,4,85000,0.05,323000.0,121113.34
ORD00165,2024-02-20,C014,Kiara Roy,Patna,East,Bookshelf,Furniture,1,5800,0.15,4930.0,1043.03
ORD00166,2025-09-04,C014,Kiara Roy,Patna,East,Bluetooth Headphones,Electronics,1,3200,0.05,3040.0,984.68
ORD00167,2025-01-05,C008,Sanya Rao,Hyderabad,South,USB-C Cable,Accessories,5,750,0.05,3562.5,829.31
ORD00168,2024-07-20,C020,Sara Khan,Bhopal,Central,LED Table Lamp,Furniture,5,1800,0.1,8100.0,2674.32
ORD00169,2024-08-31,C011,Aditya Mehta,Ahmedabad,West,Office Chair,Furniture,2,9500,0.05,18050.0,5202.82
ORD00170,2024-12-12,C017,Dev Malhotra,Chandigarh,North,Premium Pen Set,Stationery,3,650,0.05,1852.5,666.57
ORD00171,2025-10-25,C007,Arjun Nair,Chennai,South,Bluetooth Headphones,Electronics,5,3200,0.15,13600.0,3160.34
ORD00172,2024-03-03,C011,Aditya Mehta,Ahmedabad,West,Office Chair,Furniture,2,9500,0.0,19000.0,5458.56
ORD00173,2024-03-24,C009,Vivaan Gupta,Kolkata,East,Laptop Pro 14,Electronics,4,85000,0.05,323000.0,119996.22
ORD00174,2025-12-01,C008,Sanya Rao,Hyderabad,South,Laptop Pro 14,Electronics,1,85000,0.05,80750.0,24695.59
ORD00175,2025-03-10,C019,Neil Bhat,Indore,West,Travel Bottle,Accessories,5,900,0.1,4050.0,1100.05
ORD00176,2024-05-23,C008,Sanya Rao,Hyderabad,South,Mechanical Keyboard,Electronics,2,4500,0.05,8550.0,2044.69
ORD00177,2024-07-12,C017,Dev Malhotra,Chandigarh,North,Wireless Mouse,Electronics,3,1200,0.0,3600.0,1381.01
ORD00178,2024-02-24,C007,Arjun Nair,Chennai,South,Mechanical Keyboard,Electronics,2,4500,0.05,8550.0,2170.8
ORD00179,2025-01-14,C001,Aarav Sharma,Mumbai,West,Study Desk,Furniture,4,7200,0.15,24480.0,2782.12
ORD00180,2024-01-08,C001,Aarav Sharma,Mumbai,West,LED Table Lamp,Furniture,3,1800,0.0,5400.0,1542.36
ORD00181,2024-11-23,C015,Yash Kulkarni,Nagpur,West,Smartphone X,Electronics,3,42000,0.15,107100.0,19990.62
ORD00182,2024-09-20,C002,Isha Patel,Pune,West,Mechanical Keyboard,Electronics,3,4500,0.2,10800.0,420.09
ORD00183,2024-06-30,C014,Kiara Roy,Patna,East,USB-C Cable,Accessories,2,750,0.0,1500.0,604.35
ORD00184,2024-05-30,C019,Neil Bhat,Indore,West,Backpack,Accessories,3,2200,0.1,5940.0,1555.72
ORD00185,2025-05-28,C001,Aarav Sharma,Mumbai,West,USB-C Cable,Accessories,5,750,0.05,3562.5,1192.93
ORD00186,2025-01-20,C003,Rohan Deshmukh,Nashik,West,Study Desk,Furniture,4,7200,0.15,24480.0,5787.69
ORD00187,2024-09-12,C009,Vivaan Gupta,Kolkata,East,Wireless Mouse,Electronics,5,1200,0.05,5700.0,1081.86
ORD00188,2024-12-29,C017,Dev Malhotra,Chandigarh,North,Notebook Pack,Stationery,3,450,0.15,1147.5,148.54
ORD00189,2025-12-21,C018,Aanya Iyer,Coimbatore,South,Mechanical Keyboard,Electronics,1,4500,0.05,4275.0,1177.53
ORD00190,2024-08-24,C007,Arjun Nair,Chennai,South,LED Table Lamp,Furniture,3,1800,0.05,5130.0,1855.14
ORD00191,2024-01-29,C013,Reyansh Shah,Surat,West,Wireless Mouse,Electronics,5,1200,0.0,6000.0,1422.84
ORD00192,2024-02-11,C004,Ananya Singh,Delhi,North,LED Table Lamp,Furniture,2,1800,0.1,3240.0,682.98
ORD00193,2025-01-12,C012,Myra Kapoor,Lucknow,North,Study Desk,Furniture,5,7200,0.0,36000.0,14134.42
ORD00194,2024-10-13,C006,Meera Joshi,Bengaluru,South,Premium Pen Set,Stationery,2,650,0.1,1170.0,243.09
ORD00195,2025-03-30,C010,Diya Das,Bhubaneswar,East,Backpack,Accessories,1,2200,0.05,2090.0,645.42
ORD00196,2025-09-25,C014,Kiara Roy,Patna,East,Wireless Mouse,Electronics,4,1200,0.2,3840.0,879.0
ORD00197,2025-11-23,C004,Ananya Singh,Delhi,North,Mechanical Keyboard,Electronics,2,4500,0.0,9000.0,2273.26
ORD00198,2024-01-11,C004,Ananya Singh,Delhi,North,Laptop Pro 14,Electronics,3,85000,0.05,242250.0,65463.36
ORD00199,2024-04-07,C015,Yash Kulkarni,Nagpur,West,Bookshelf,Furniture,5,5800,0.05,27550.0,9164.51
ORD00200,2024-05-27,C019,Neil Bhat,Indore,West,Mechanical Keyboard,Electronics,4,4500,0.0,18000.0,5773.08
ORD00201,2024-12-30,C011,Aditya Mehta,Ahmedabad,West,Wireless Mouse,Electronics,1,1200,0.1,1080.0,358.42
ORD00202,2025-12-13,C008,Sanya Rao,Hyderabad,South,Laptop Pro 14,Electronics,1,85000,0.05,80750.0,19747.16
ORD00203,2024-02-11,C007,Arjun Nair,Chennai,South,Mechanical Keyboard,Electronics,3,4500,0.0,13500.0,5663.68
ORD00204,2025-03-10,C006,Meera Joshi,Bengaluru,South,Wireless Mouse,Electronics,4,1200,0.05,4560.0,1688.08
ORD00205,2024-01-17,C010,Diya Das,Bhubaneswar,East,LED Table Lamp,Furniture,1,1800,0.0,1800.0,560.92
ORD00206,2024-08-03,C019,Neil Bhat,Indore,West,Bookshelf,Furniture,5,5800,0.1,26100.0,5080.2
ORD00207,2025-12-10,C008,Sanya Rao,Hyderabad,South,LED Table Lamp,Furniture,2,1800,0.05,3420.0,1172.73
ORD00208,2025-05-03,C013,Reyansh Shah,Surat,West,Notebook Pack,Stationery,2,450,0.1,810.0,108.12
ORD00209,2024-03-26,C007,Arjun Nair,Chennai,South,Travel Bottle,Accessories,5,900,0.1,4050.0,1266.66
ORD00210,2025-05-12,C018,Aanya Iyer,Coimbatore,South,USB-C Cable,Accessories,4,750,0.15,2550.0,618.54
ORD00211,2025-05-04,C007,Arjun Nair,Chennai,South,Laptop Pro 14,Electronics,3,85000,0.1,229500.0,57065.84
ORD00212,2024-05-10,C005,Kabir Verma,Jaipur,North,Premium Pen Set,Stationery,2,650,0.1,1170.0,399.01
ORD00213,2025-06-10,C017,Dev Malhotra,Chandigarh,North,Bluetooth Headphones,Electronics,5,3200,0.1,14400.0,2758.86
ORD00214,2024-06-09,C016,Tara Menon,Kochi,South,Backpack,Accessories,2,2200,0.15,3740.0,820.59
ORD00215,2024-06-18,C002,Isha Patel,Pune,West,Travel Bottle,Accessories,3,900,0.15,2295.0,443.37
ORD00216,2025-02-19,C003,Rohan Deshmukh,Nashik,West,Premium Pen Set,Stationery,4,650,0.0,2600.0,1045.96
ORD00217,2024-11-13,C012,Myra Kapoor,,North,LED Table Lamp,Furniture,4,1800,0.2,5760.0,477.69
ORD00218,2024-12-24,C020,Sara Khan,Bhopal,Central,Smartphone X,Electronics,1,42000,0.0,42000.0,16712.02
ORD00219,2024-05-21,C018,Aanya Iyer,Coimbatore,South,Bluetooth Headphones,Electronics,2,3200,0.0,6400.0,2634.12
ORD00220,2025-12-05,C014,Kiara Roy,Patna,East,USB-C Cable,Accessories,1,750,0.0,750.0,256.26
ORD00221,2024-05-19,C005,Kabir Verma,Jaipur,North,Backpack,Accessories,5,2200,0.0,11000.0,3701.32
ORD00222,2025-03-15,C014,Kiara Roy,Patna,East,Bookshelf,Furniture,3,5800,0.15,14790.0,1255.64
ORD00223,2025-12-11,C020,Sara Khan,Bhopal,Central,Bluetooth Headphones,Electronics,3,3200,0.05,9120.0,1943.37
ORD00224,2024-11-05,C019,Neil Bhat,,West,Backpack,Accessories,2,2200,0.0,4400.0,1510.0
ORD00225,2025-05-20,C003,Rohan Deshmukh,Nashik,West,Bookshelf,Furniture,5,5800,0.0,29000.0,6559.2
ORD00226,2025-11-19,C009,Vivaan Gupta,Kolkata,East,Mechanical Keyboard,Electronics,4,4500,0.2,14400.0,3333.98
ORD00227,2025-05-04,C003,Rohan Deshmukh,Nashik,West,Wireless Mouse,Electronics,2,1200,0.1,2160.0,694.13
ORD00228,2024-06-08,C003,Rohan Deshmukh,Nashik,West,Office Chair,Furniture,5,9500,0.0,47500.0,14848.74
ORD00229,2024-11-24,C004,Ananya Singh,Delhi,North,Travel Bottle,Accessories,5,900,0.0,4500.0,1100.29
ORD00230,2024-11-18,C009,Vivaan Gupta,Kolkata,East,Mechanical Keyboard,Electronics,1,4500,0.15,3825.0,1183.12
ORD00231,2025-04-07,C008,Sanya Rao,Hyderabad,South,LED Table Lamp,Furniture,5,1800,0.1,8100.0,2373.5
ORD00232,2024-05-03,C015,Yash Kulkarni,Nagpur,West,Office Chair,electronics,3,9500,0.1,25650.0,6293.51
ORD00233,2025-03-29,C005,Kabir Verma,Jaipur,North,File Organizer,Stationery,5,380,0.15,1615.0,136.24
ORD00234,2024-04-23,C008,Sanya Rao,Hyderabad,South,Backpack,Accessories,5,2200,0.15,9350.0,1713.1
ORD00235,2024-02-09,C002,Isha Patel,Pune,West,Bookshelf,Furniture,3,5800,0.15,14790.0,2143.99
ORD00236,2024-08-03,C019,Neil Bhat,Indore,West,Bookshelf,Furniture,4,5800,0.15,19720.0,2239.75
ORD00237,2025-11-11,C013,Reyansh Shah,Surat,West,Premium Pen Set,Stationery,5,650,0.1,2925.0,597.91
ORD00238,2024-07-09,C006,Meera Joshi,Bengaluru,South,File Organizer,Stationery,5,380,0.15,1615.0,181.7
ORD00239,2024-01-31,C010,Diya Das,Bhubaneswar,East,Notebook Pack,Stationery,3,450,0.0,1350.0,321.65
ORD00240,2024-03-22,C004,Ananya Singh,Delhi,North,Wireless Mouse,Electronics,5,1200,0.1,5400.0,1912.34
ORD00241,2024-08-11,C013,Reyansh Shah,Surat,West,Travel Bottle,Accessories,3,900,0.2,2160.0,252.82
ORD00242,2024-08-10,C002,Isha Patel,Pune,West,File Organizer,Stationery,5,380,0.1,1710.0,567.35
ORD00243,2025-02-17,C007,Arjun Nair,Chennai,South,Notebook Pack,Stationery,1,450,0.2,360.0,68.23
ORD00244,2025-07-25,C015,Yash Kulkarni,Nagpur,West,Travel Bottle,Accessories,5,900,0.0,4500.0,1046.49
ORD00245,2025-04-28,C018,Aanya Iyer,Coimbatore,South,Bluetooth Headphones,Electronics,3,3200,0.0,9600.0,2551.71
ORD00246,2025-02-04,C010,Diya Das,Bhubaneswar,East,Office Chair,Furniture,1,9500,0.0,9500.0,3848.08
ORD00247,2024-07-28,C018,Aanya Iyer,Coimbatore,South,Travel Bottle,Accessories,5,900,0.05,4275.0,1082.18
ORD00248,2025-01-15,C012,Myra Kapoor,Lucknow,North,Study Desk,Furniture,5,7200,0.0,36000.0,12790.01
ORD00249,2024-03-19,C019,Neil Bhat,Indore,West,Premium Pen Set,Stationery,2,650,0.0,1300.0,504.68
ORD00250,2024-10-11,C004,Ananya Singh,Delhi,North,Laptop Pro 14,Electronics,3,85000,0.05,242250.0,86005.19
ORD00251,2024-06-05,C011,Aditya Mehta,Ahmedabad,West,Bluetooth Headphones,Electronics,2,3200,0.1,5760.0,1753.53
ORD00252,2025-04-03,C003,Rohan Deshmukh,Nashik,West,Laptop Pro 14,Electronics,4,85000,0.0,340000.0,93073.64
ORD00253,2024-10-29,C016,Tara Menon,Kochi,South,Smartphone X,Electronics,3,42000,0.2,100800.0,8565.63
ORD00254,2025-03-28,C003,Rohan Deshmukh,Nashik,West,Premium Pen Set,Stationery,1,650,0.05,617.5,146.33
ORD00255,2024-06-10,C003,Rohan Deshmukh,Nashik,West,Laptop Pro 14,Electronics,1,85000,0.1,76500.0,17633.25
ORD00256,2025-05-06,C016,Tara Menon,Kochi,South,Premium Pen Set,Stationery,4,650,0.0,2600.0,640.32
ORD00257,2024-11-04,C008,Sanya Rao,Hyderabad,South,USB-C Cable,Accessories,3,750,0.15,1912.5,265.04
ORD00258,2025-01-21,C012,Myra Kapoor,Lucknow,North,Smartphone X,Electronics,4,42000,0.2,134400.0,30728.58
ORD00259,2025-06-10,C014,Kiara Roy,Patna,East,Study Desk,Furniture,1,7200,0.1,6480.0,1947.54
ORD00260,2025-06-04,C006,Meera Joshi,Bengaluru,South,LED Table Lamp,Furniture,4,1800,0.0,7200.0,2185.96
ORD00261,2024-04-26,C002,Isha Patel,Pune,West,Bookshelf,Furniture,3,5800,0.2,13920.0,3307.46
ORD00262,2024-09-30,C018,Aanya Iyer,Coimbatore,South,Travel Bottle,Accessories,3,900,0.1,2430.0,399.53
ORD00263,2024-04-11,C009,Vivaan Gupta,Kolkata,East,Bookshelf,Furniture,3,5800,0.05,16530.0,6072.84
ORD00264,2025-02-04,C012,Myra Kapoor,Lucknow,North,LED Table Lamp,Furniture,4,1800,0.1,6480.0,1498.11
ORD00265,2024-08-29,C001,Aarav Sharma,Mumbai,West,Wireless Mouse,Electronics,1,1200,0.0,1200.0,419.85
ORD00266,2025-08-11,C020,Sara Khan,Bhopal,Central,Notebook Pack,Stationery,2,450,0.2,720.0,161.85
ORD00267,2024-05-01,C018,Aanya Iyer,Coimbatore,South,USB-C Cable,Accessories,2,750,0.0,1500.0,428.88
ORD00268,2024-11-12,C003,Rohan Deshmukh,Nashik,West,Premium Pen Set,Stationery,1,650,0.15,552.5,168.74
ORD00269,2025-02-19,C009,Vivaan Gupta,Kolkata,East,Wireless Mouse,Electronics,4,1200,0.15,4080.0,610.48
ORD00270,2024-11-13,C020,Sara Khan,Bhopal,Central,Travel Bottle,Accessories,3,900,0.05,2565.0,642.16
ORD00271,2024-07-26,C004,Ananya Singh,Delhi,North,Office Chair,Furniture,2,9500,0.1,17100.0,4252.57
ORD00272,2024-05-06,C009,Vivaan Gupta,Kolkata,East,File Organizer,Stationery,2,380,0.05,722.0,171.03
ORD00273,2024-01-12,C012,Myra Kapoor,Lucknow,North,Backpack,Accessories,1,2200,0.15,1870.0,497.55
ORD00274,2025-07-20,C014,Kiara Roy,Patna,East,Bluetooth Headphones,Electronics,5,3200,0.0,16000.0,4192.96
ORD00275,2025-11-25,C019,Neil Bhat,Indore,West,File Organizer,Stationery,2,380,0.0,760.0,219.9
ORD00276,2025-07-02,C009,Vivaan Gupta,Kolkata,East,Premium Pen Set,Stationery,3,650,0.0,1950.0,661.73
ORD00277,2025-03-20,C015,Yash Kulkarni,Nagpur,West,Laptop Pro 14,Electronics,4,85000,0.0,340000.0,77466.92
ORD00278,2024-01-24,C020,Sara Khan,Bhopal,Central,Smartphone X,Electronics,4,42000,0.1,151200.0,27964.48
ORD00279,2024-05-31,C018,Aanya Iyer,Coimbatore,South,Laptop Pro 14,Electronics,3,85000,0.1,229500.0,59230.61
ORD00280,2024-04-26,C002,Isha Patel,Pune,West,Bluetooth Headphones,Electronics,2,3200,0.1,5760.0,1033.02
ORD00281,2024-10-21,C010,Diya Das,Bhubaneswar,East,Mechanical Keyboard,Electronics,3,4500,0.05,12825.0,4025.29
ORD00282,2025-10-04,C013,Reyansh Shah,Surat,West,Wireless Mouse,Electronics,5,1200,0.1,5400.0,1762.12
ORD00283,2025-06-03,C004,Ananya Singh,Delhi,North,Travel Bottle,Accessories,2,900,0.0,1800.0,406.3
ORD00284,2025-01-09,C005,Kabir Verma,Jaipur,North,Smartphone X,Electronics,5,42000,0.05,199500.0,73609.48
ORD00285,2025-01-15,C015,Yash Kulkarni,Nagpur,West,Travel Bottle,Accessories,1,900,0.1,810.0,270.85
ORD00286,2024-05-24,C002,Isha Patel,Pune,West,Mechanical Keyboard,Electronics,5,4500,0.0,22500.0,6802.14
ORD00287,2025-04-04,C004,Ananya Singh,Delhi,North,Backpack,Accessories,3,2200,0.15,5610.0,1198.53
ORD00288,2025-08-14,C010,Diya Das,Bhubaneswar,East,Backpack,Accessories,2,2200,0.1,3960.0,1279.73
ORD00289,2024-05-12,C020,Sara Khan,Bhopal,Central,Bookshelf,Furniture,3,5800,0.15,14790.0,3819.2
ORD00290,2024-10-10,C011,Aditya Mehta,Ahmedabad,West,Smartphone X,Electronics,5,42000,0.1,189000.0,34364.81
ORD00291,2025-09-23,C012,Myra Kapoor,Lucknow,North,Bookshelf,Furniture,4,5800,0.15,19720.0,3674.23
ORD00292,2024-09-07,C020,Sara Khan,Bhopal,Central,Wireless Mouse,Electronics,2,1200,0.0,2400.0,897.06
ORD00293,2024-10-08,C001,Aarav Sharma,Mumbai,West,Study Desk,Furniture,3,7200,0.05,20520.0,3957.66
ORD00294,2024-06-09,C017,Dev Malhotra,Chandigarh,North,Mechanical Keyboard,Electronics,4,4500,0.0,18000.0,4008.13
ORD00295,2024-08-03,C011,Aditya Mehta,Ahmedabad,West,Travel Bottle,Accessories,2,900,0.05,1710.0,315.68
ORD00296,2024-02-08,C015,Yash Kulkarni,Nagpur,West,Premium Pen Set,Stationery,2,650,0.05,1235.0,342.62
ORD00297,2024-05-30,C013,Reyansh Shah,Surat,West,Bluetooth Headphones,Electronics,2,3200,0.0,6400.0,1826.01
ORD00298,2024-12-06,C001,Aarav Sharma,Mumbai,West,Study Desk,Furniture,5,7200,0.05,34200.0,7069.38
ORD00299,2024-03-26,C015,Yash Kulkarni,Nagpur,West,Wireless Mouse,Electronics,1,1200,0.15,1020.0,97.29
ORD00300,2025-02-17,C018,Aanya Iyer,Coimbatore,South,Wireless Mouse,Electronics,1,1200,0.15,1020.0,116.49
ORD00301,2025-08-10,C008,Sanya Rao,Hyderabad,South,LED Table Lamp,Furniture,4,1800,0.1,6480.0,1993.43
ORD00302,2025-10-15,C016,Tara Menon,Kochi,South,Smartphone X,Electronics,1,42000,0.0,42000.0,12114.1
ORD00303,2025-12-04,C006,Meera Joshi,Bengaluru,South,USB-C Cable,Accessories,1,750,0.15,637.5,53.5
ORD00304,2025-08-07,C013,Reyansh Shah,Surat,West,USB-C Cable,Accessories,1,750,0.0,750.0,217.42
ORD00305,2024-04-11,C014,Kiara Roy,Patna,East,Bluetooth Headphones,Electronics,3,3200,0.15,8160.0,1128.41
ORD00306,2024-10-05,C019,Neil Bhat,Indore,West,Backpack,Accessories,3,2200,0.05,6270.0,2050.13
ORD00307,2025-03-30,C015,Yash Kulkarni,Nagpur,West,Laptop Pro 14,Electronics,4,85000,0.1,306000.0,70486.15
ORD00308,2025-08-27,C001,Aarav Sharma,Mumbai,West,Laptop Pro 14,Electronics,1,85000,0.05,80750.0,31200.66
ORD00309,2024-09-23,C003,Rohan Deshmukh,Nashik,West,Bookshelf,Furniture,2,5800,0.1,10440.0,2550.97
ORD00310,2024-03-25,C008,Sanya Rao,Hyderabad,South,Wireless Mouse,Electronics,4,1200,0.0,4800.0,1688.4
ORD00311,2024-01-12,C005,Kabir Verma,Jaipur,North,Wireless Mouse,Electronics,5,1200,0.0,6000.0,1947.97
ORD00312,2024-02-12,C016,Tara Menon,Kochi,South,Study Desk,Furniture,2,7200,0.1,12960.0,3106.85
ORD00313,2024-01-21,C011,Aditya Mehta,Ahmedabad,West,Study Desk,Furniture,5,7200,0.15,30600.0,7966.93
ORD00314,2025-12-15,C019,Neil Bhat,Indore,West,USB-C Cable,Accessories,4,750,0.15,2550.0,599.03
ORD00315,2024-11-29,C004,Ananya Singh,Delhi,North,Smartphone X,Electronics,4,42000,0.1,151200.0,22525.24
ORD00316,2024-06-04,C003,Rohan Deshmukh,Nashik,West,Bookshelf,Furniture,2,5800,0.1,10440.0,2050.53
ORD00317,2025-08-11,C004,Ananya Singh,Delhi,North,Notebook Pack,Stationery,1,450,0.1,405.0,132.91
ORD00318,2024-04-17,C010,Diya Das,Bhubaneswar,East,Study Desk,Furniture,5,7200,0.0,36000.0,12994.0
ORD00319,2024-08-28,C010,Diya Das,Bhubaneswar,East,Backpack,Accessories,2,2200,0.15,3740.0,814.42
ORD00320,2025-01-19,C012,Myra Kapoor,Lucknow,North,Bookshelf,Furniture,5,5800,0.1,26100.0,3761.86
ORD00321,2024-04-27,C009,Vivaan Gupta,Kolkata,East,Notebook Pack,Stationery,1,450,0.1,405.0,128.27
ORD00322,2025-09-24,C010,Diya Das,Bhubaneswar,East,Bookshelf,Furniture,1,5800,,5800.0,1530.59
ORD00323,2024-02-19,C019,Neil Bhat,Indore,West,Bluetooth Headphones,Electronics,4,3200,0.1,11520.0,2023.6
ORD00324,2025-11-06,C010,Diya Das,Bhubaneswar,East,Laptop Pro 14,Electronics,2,85000,0.0,170000.0,63401.99
ORD00325,2024-04-17,C002,Isha Patel,Pune,West,Laptop Pro 14,Electronics,5,85000,0.0,425000.0,176490.72
ORD00326,2025-10-16,C003,Rohan Deshmukh,Nashik,West,File Organizer,Stationery,3,380,0.0,1140.0,389.67
ORD00327,2025-05-23,C002,Isha Patel,Pune,West,Mechanical Keyboard,Electronics,5,4500,0.1,20250.0,5207.77
ORD00328,2025-09-28,C007,Arjun Nair,Chennai,South,LED Table Lamp,Furniture,1,1800,0.0,1800.0,633.21
ORD00329,2024-10-28,C019,Neil Bhat,Indore,West,Bluetooth Headphones,Electronics,2,3200,0.05,6080.0,1208.93
ORD00330,2025-09-12,C014,Kiara Roy,Patna,East,Bluetooth Headphones,Electronics,5,3200,0.15,13600.0,3706.02
ORD00331,2025-10-09,C001,Aarav Sharma,Mumbai,West,Premium Pen Set,Stationery,1,650,0.1,585.0,150.49
ORD00332,2025-10-03,C005,Kabir Verma,Jaipur,North,File Organizer,Stationery,3,380,0.1,1026.0,302.98
ORD00333,2025-12-12,C018,Aanya Iyer,Coimbatore,South,Mechanical Keyboard,Electronics,4,4500,0.05,17100.0,5461.19
ORD00334,2024-05-09,C012,Myra Kapoor,Lucknow,North,Wireless Mouse,Electronics,1,1200,0.2,960.0,156.88
ORD00335,2024-04-25,C008,Sanya Rao,Hyderabad,South,Office Chair,Furniture,4,9500,0.0,38000.0,8651.34
ORD00336,2025-04-21,C015,Yash Kulkarni,Nagpur,West,LED Table Lamp,Furniture,2,1800,0.0,3600.0,1187.73
ORD00337,2024-01-12,C017,Dev Malhotra,Chandigarh,North,File Organizer,Stationery,4,380,0.05,1444.0,446.11
ORD00338,2024-10-05,C019,Neil Bhat,Indore,West,Bookshelf,Furniture,5,5800,0.1,26100.0,4822.12
ORD00339,2024-11-16,C020,Sara Khan,Bhopal,Central,Office Chair,Furniture,2,9500,0.1,17100.0,2794.19
ORD00340,2025-04-04,C006,Meera Joshi,Bengaluru,South,Bluetooth Headphones,Electronics,2,3200,0.0,6400.0,2537.41
ORD00341,2025-10-24,C018,Aanya Iyer,Coimbatore,South,Backpack,Accessories,2,2200,0.05,4180.0,1323.24
ORD00342,2025-03-24,C011,Aditya Mehta,Ahmedabad,West,Mechanical Keyboard,Electronics,4,4500,0.05,17100.0,3267.41
ORD00343,2025-04-10,C006,Meera Joshi,Bengaluru,South,Mechanical Keyboard,Electronics,3,4500,0.1,12150.0,2790.25
ORD00344,2024-08-31,C010,Diya Das,Bhubaneswar,East,File Organizer,Stationery,1,380,0.0,380.0,97.47
ORD00345,2024-06-06,C010,Diya Das,Bhubaneswar,East,Travel Bottle,Accessories,3,900,0.1,2430.0,699.47
ORD00346,2024-03-13,C015,Yash Kulkarni,Nagpur,West,Smartphone X,Electronics,3,42000,0.0,126000.0,35407.23
ORD00347,2025-04-10,C014,Kiara Roy,Patna,East,Bluetooth Headphones,Electronics,2,3200,0.1,5760.0,995.22
ORD00348,2024-09-09,C001,Aarav Sharma,Mumbai,West,Bluetooth Headphones,Electronics,1,3200,0.1,2880.0,534.52
ORD00349,2025-01-15,C020,Sara Khan,Bhopal,Central,Mechanical Keyboard,Electronics,3,4500,0.05,12825.0,4599.79
ORD00350,2024-04-26,C002,Isha Patel,Pune,West,Bookshelf,Furniture,5,5800,0.0,29000.0,11396.04
ORD00351,2025-08-02,C013,Reyansh Shah,Surat,West,File Organizer,Stationery,4,380,0.2,1216.0,202.92
ORD00352,2025-10-14,C014,Kiara Roy,Patna,East,Bluetooth Headphones,Electronics,2,3200,0.05,6080.0,1278.15
ORD00353,2025-11-02,C011,Aditya Mehta,Ahmedabad,West,Travel Bottle,Accessories,2,900,0.1,1620.0,521.27
ORD00354,2025-05-31,C019,Neil Bhat,Indore,West,Wireless Mouse,Electronics,2,1200,0.0,2400.0,775.39
ORD00355,2025-11-20,C015,Yash Kulkarni,Nagpur,West,LED Table Lamp,Furniture,3,1800,0.0,5400.0,2187.4
ORD00356,2024-06-04,C014,Kiara Roy,Patna,East,Mechanical Keyboard,Electronics,4,4500,0.1,16200.0,3480.52
ORD00357,2025-07-05,C017,Dev Malhotra,Chandigarh,North,Smartphone X,Electronics,4,42000,0.05,159600.0,41197.1
ORD00358,2024-05-03,C006,Meera Joshi,Bengaluru,South,Study Desk,Furniture,2,7200,0.0,14400.0,3494.58
ORD00359,2025-07-27,C003,Rohan Deshmukh,Nashik,West,Study Desk,Furniture,3,7200,0.05,20520.0,4417.04
ORD00360,2025-08-20,C005,Kabir Verma,Jaipur,North,Travel Bottle,Accessories,2,900,0.0,1800.0,605.31
ORD00361,2025-08-13,C010,Diya Das,Bhubaneswar,East,Study Desk,Furniture,2,7200,0.0,14400.0,4265.43
ORD00362,2024-01-13,C018,Aanya Iyer,Coimbatore,South,Backpack,Accessories,5,2200,0.0,11000.0,4477.84
ORD00363,2025-11-02,C004,Ananya Singh,Delhi,North,Laptop Pro 14,Electronics,3,85000,0.05,242250.0,61399.4
ORD00364,2024-11-03,C004,Ananya Singh,Delhi,North,Wireless Mouse,Electronics,4,1200,0.0,4800.0,1390.36
ORD00365,2024-08-14,C009,Vivaan Gupta,Kolkata,East,Backpack,Accessories,4,2200,0.15,7480.0,1685.39
ORD00366,2025-07-07,C013,Reyansh Shah,Surat,West,Laptop Pro 14,Electronics,1,85000,0.0,85000.0,24502.23
ORD00367,2025-02-28,C001,Aarav Sharma,Mumbai,West,Wireless Mouse,Electronics,4,1200,0.0,4800.0,1747.81
ORD00368,2024-08-29,C008,Sanya Rao,Hyderabad,South,Smartphone X,Electronics,4,42000,0.1,151200.0,31605.71
ORD00369,2025-12-26,C008,Sanya Rao,Hyderabad,South,Laptop Pro 14,Electronics,1,85000,0.0,85000.0,26887.06
ORD00370,2025-04-11,C005,Kabir Verma,Jaipur,North,File Organizer,Stationery,1,380,0.05,361.0,136.96
ORD00371,2024-07-18,C011,Aditya Mehta,Ahmedabad,West,Laptop Pro 14,Electronics,5,85000,0.15,361250.0,105793.76
ORD00372,2024-01-17,C005,Kabir Verma,Jaipur,North,Bluetooth Headphones,Electronics,5,3200,0.05,15200.0,4441.77
ORD00373,2024-08-15,C011,Aditya Mehta,Ahmedabad,West,Bluetooth Headphones,Electronics,3,3200,0.1,8640.0,2716.42
ORD00374,2025-05-05,C005,Kabir Verma,Jaipur,North,Smartphone X,Electronics,2,42000,0.0,84000.0,33899.52
ORD00375,2024-08-07,C017,Dev Malhotra,Chandigarh,North,USB-C Cable,Accessories,1,750,0.2,600.0,64.9
ORD00376,2025-07-14,C004,Ananya Singh,Delhi,North,Travel Bottle,Accessories,4,900,0.1,3240.0,688.39
ORD00377,2025-01-12,C018,Aanya Iyer,Coimbatore,South,Notebook Pack,Stationery,5,450,0.0,2250.0,731.55
ORD00378,2025-01-08,C013,Reyansh Shah,Surat,West,Smartphone X,Electronics,4,42000,0.0,168000.0,69090.48
ORD00379,2024-09-29,C008,Sanya Rao,Hyderabad,South,Wireless Mouse,Electronics,1,1200,0.05,1140.0,340.3
ORD00380,2024-05-03,C018,Aanya Iyer,Coimbatore,South,Office Chair,Furniture,4,9500,0.0,38000.0,15036.59
ORD00381,2024-10-14,C019,Neil Bhat,Indore,West,Travel Bottle,Accessories,1,900,0.1,810.0,236.54
ORD00382,2025-06-27,C007,Arjun Nair,Chennai,South,Laptop Pro 14,Electronics,4,85000,0.15,289000.0,74647.61
ORD00383,2025-01-31,C008,Sanya Rao,Hyderabad,South,Travel Bottle,Accessories,4,900,0.0,3600.0,1281.56
ORD00384,2025-10-23,C011,Aditya Mehta,Ahmedabad,West,LED Table Lamp,Furniture,4,1800,0.0,7200.0,2786.67
ORD00385,2025-06-24,C015,Yash Kulkarni,Nagpur,West,Bluetooth Headphones,Electronics,3,3200,0.2,7680.0,1174.28
ORD00386,2025-02-10,C012,Myra Kapoor,Lucknow,North,Backpack,Accessories,3,2200,0.1,5940.0,1130.68
ORD00387,2025-05-29,C019,Neil Bhat,Indore,West,Study Desk,Furniture,5,7200,0.0,36000.0,10964.36
ORD00388,2024-10-07,C005,Kabir Verma,Jaipur,North,USB-C Cable,Accessories,2,750,0.1,1350.0,236.47
ORD00389,2024-09-17,C003,Rohan Deshmukh,Nashik,West,Laptop Pro 14,Electronics,4,85000,0.0,340000.0,115498.39
ORD00390,2025-05-05,C010,Diya Das,Bhubaneswar,East,Smartphone X,Electronics,3,42000,0.0,126000.0,43964.31
ORD00391,2024-01-13,C009,Vivaan Gupta,Kolkata,East,Bluetooth Headphones,Electronics,4,3200,0.0,12800.0,3427.86
ORD00392,2025-07-19,C012,Myra Kapoor,Lucknow,North,Laptop Pro 14,Electronics,1,85000,0.2,68000.0,12445.01
ORD00393,2025-08-09,C016,Tara Menon,Kochi,South,Mechanical Keyboard,Electronics,3,4500,0.2,10800.0,1975.56
ORD00394,2025-01-15,C004,Ananya Singh,Delhi,North,Bluetooth Headphones,Electronics,2,3200,0.15,5440.0,968.9
ORD00395,2025-04-13,C008,Sanya Rao,Hyderabad,South,Study Desk,Furniture,5,7200,0.0,36000.0,13918.43
ORD00396,2024-07-06,C013,Reyansh Shah,Surat,West,Bluetooth Headphones,Electronics,1,3200,0.1,2880.0,716.18
ORD00397,2025-06-09,C003,Rohan Deshmukh,Nashik,West,Bookshelf,Furniture,5,5800,0.1,26100.0,6023.39
ORD00398,2025-06-19,C002,Isha Patel,Pune,West,Travel Bottle,Accessories,2,900,0.1,1620.0,567.74
ORD00399,2024-11-14,C014,Kiara Roy,Patna,East,Mechanical Keyboard,Electronics,5,4500,0.1,20250.0,2781.14
ORD00400,2024-04-26,C004,Ananya Singh,Delhi,North,Mechanical Keyboard,Electronics,5,4500,0.0,22500.0,7973.13
ORD00401,2024-07-01,C001,Aarav Sharma,Mumbai,West,Wireless Mouse,Electronics,4,1200,0.0,4800.0,1246.69
ORD00402,2024-10-29,C011,Aditya Mehta,Ahmedabad,West,LED Table Lamp,Furniture,4,1800,0.05,6840.0,2414.19
ORD00403,2024-07-16,C004,Ananya Singh,Delhi,North,Bluetooth Headphones,Electronics,3,3200,0.1,8640.0,1169.04
ORD00404,2024-05-03,C011,Aditya Mehta,Ahmedabad,West,Study Desk,Furniture,1,7200,0.2,5760.0,1291.77
ORD00405,2025-05-14,C010,Diya Das,Bhubaneswar,East,Wireless Mouse,Electronics,3,1200,0.0,3600.0,1494.58
ORD00406,2024-09-10,C013,Reyansh Shah,Surat,West,Office Chair,Furniture,1,9500,0.15,8075.0,1078.09
ORD00407,2025-03-01,C003,Rohan Deshmukh,Nashik,West,Travel Bottle,Accessories,2,900,0.15,1530.0,182.9
ORD00408,2024-02-18,C010,Diya Das,Bhubaneswar,East,Smartphone X,Electronics,4,42000,0.0,168000.0,67851.79
ORD00409,2024-10-21,C018,Aanya Iyer,Coimbatore,South,Mechanical Keyboard,Electronics,1,4500,0.1,4050.0,1433.67
ORD00410,2024-06-30,C014,Kiara Roy,Patna,East,File Organizer,Stationery,4,380,0.0,1520.0,409.98
ORD00411,2025-10-25,C004,Ananya Singh,Delhi,North,Smartphone X,Electronics,4,42000,0.0,168000.0,69340.74
ORD00412,2024-06-11,C014,Kiara Roy,Patna,East,Bookshelf,Furniture,2,5800,0.05,11020.0,2530.2
ORD00413,2025-09-09,C013,Reyansh Shah,Surat,West,Office Chair,Furniture,4,9500,0.0,38000.0,9476.52
ORD00414,2025-09-10,C020,Sara Khan,Bhopal,Central,Wireless Mouse,Electronics,2,1200,0.1,2160.0,601.96
ORD00415,2025-11-20,C001,Aarav Sharma,Mumbai,West,Premium Pen Set,Stationery,2,650,0.1,1170.0,273.44
ORD00416,2025-04-16,C015,Yash Kulkarni,Nagpur,West,Study Desk,Furniture,5,7200,0.0,36000.0,12104.69
ORD00417,2024-05-21,C005,Kabir Verma,Jaipur,North,Notebook Pack,Stationery,5,450,0.05,2137.5,538.12
ORD00418,2025-12-30,C005,Kabir Verma,Jaipur,North,Bookshelf,Furniture,1,5800,0.05,5510.0,1018.47
ORD00419,2025-01-18,C012,Myra Kapoor,Lucknow,North,LED Table Lamp,Furniture,5,1800,0.0,9000.0,3507.76
ORD00420,2025-12-08,C010,Diya Das,Bhubaneswar,East,LED Table Lamp,Furniture,1,1800,0.1,1620.0,534.68
ORD00421,2024-12-19,C011,Aditya Mehta,Ahmedabad,West,LED Table Lamp,Furniture,1,1800,0.1,1620.0,546.58
ORD00422,2024-07-16,C002,Isha Patel,Pune,West,Laptop Pro 14,Electronics,2,85000,0.0,170000.0,39246.26
ORD00423,2024-04-21,C002,Isha Patel,Pune,West,Notebook Pack,Stationery,2,450,0.15,765.0,160.17
ORD00424,2025-11-09,C012,Myra Kapoor,Lucknow,North,Bookshelf,Furniture,4,5800,0.05,22040.0,4045.79
ORD00425,2024-08-30,C017,Dev Malhotra,Chandigarh,North,Study Desk,Furniture,5,7200,0.0,36000.0,12742.45
ORD00426,2024-08-01,C015,Yash Kulkarni,Nagpur,West,Bookshelf,Furniture,5,5800,0.1,26100.0,8342.61
ORD00427,2025-01-15,C009,Vivaan Gupta,Kolkata,East,Bookshelf,Furniture,2,5800,0.1,10440.0,2417.48
ORD00428,2024-03-06,C003,Rohan Deshmukh,Nashik,West,Bookshelf,Furniture,4,5800,0.1,20880.0,5114.15
ORD00429,2025-11-09,C020,Sara Khan,Bhopal,Central,Study Desk,Furniture,1,7200,0.05,6840.0,2529.49
ORD00430,2025-12-09,C019,Neil Bhat,Indore,West,Premium Pen Set,Stationery,4,650,0.1,2340.0,682.69
ORD00431,2025-04-20,C009,Vivaan Gupta,Kolkata,East,Bluetooth Headphones,Electronics,5,3200,0.1,14400.0,2566.67
ORD00432,2025-07-12,C015,Yash Kulkarni,Nagpur,West,Travel Bottle,Accessories,2,900,0.0,1800.0,505.48
ORD00433,2024-09-24,C002,Isha Patel,Pune,West,Study Desk,Furniture,3,7200,0.05,20520.0,4116.16
ORD00434,2024-02-09,C006,Meera Joshi,Bengaluru,South,Laptop Pro 14,Electronics,4,85000,0.0,340000.0,130272.71
ORD00435,2025-09-04,C016,Tara Menon,Kochi,South,Premium Pen Set,Stationery,5,650,0.05,3087.5,802.56
ORD00436,2025-06-27,C009,Vivaan Gupta,Kolkata,East,File Organizer,Stationery,3,380,0.1,1026.0,144.3
ORD00437,2025-07-28,C013,Reyansh Shah,Surat,West,Study Desk,Furniture,5,7200,0.1,32400.0,6950.37
ORD00438,2024-09-16,C006,Meera Joshi,Bengaluru,South,Notebook Pack,Stationery,3,450,0.0,1350.0,563.6
ORD00439,2025-06-20,C003,Rohan Deshmukh,Nashik,West,Laptop Pro 14,Electronics,4,85000,0.1,306000.0,48262.45
ORD00440,2025-01-16,C005,Kabir Verma,Jaipur,North,Mechanical Keyboard,Electronics,5,4500,0.05,21375.0,6990.8
ORD00441,2025-04-30,C018,Aanya Iyer,Coimbatore,South,Office Chair,Furniture,3,9500,0.1,25650.0,3488.03
ORD00442,2025-03-25,C015,Yash Kulkarni,Nagpur,West,File Organizer,Stationery,4,380,0.05,1444.0,485.09
ORD00443,2024-05-10,C012,Myra Kapoor,Lucknow,North,File Organizer,Stationery,2,380,0.0,760.0,302.03
ORD00444,2024-08-05,C001,Aarav Sharma,Mumbai,West,Smartphone X,Electronics,3,42000,0.0,126000.0,44151.88
ORD00445,2024-12-03,C011,Aditya Mehta,Ahmedabad,West,LED Table Lamp,Furniture,1,1800,0.15,1530.0,316.34
ORD00446,2024-10-15,C020,Sara Khan,Bhopal,Central,Backpack,Accessories,2,2200,0.05,4180.0,1024.03
ORD00447,2024-06-04,C015,Yash Kulkarni,Nagpur,West,Study Desk,Furniture,1,7200,0.1,6480.0,875.89
ORD00448,2025-10-01,C003,Rohan Deshmukh,Nashik,West,Bluetooth Headphones,Electronics,2,3200,0.1,5760.0,1657.2
ORD00449,2024-07-09,C003,Rohan Deshmukh,Nashik,West,LED Table Lamp,Furniture,5,1800,0.05,8550.0,1963.35
ORD00450,2025-04-04,C017,Dev Malhotra,Chandigarh,North,Study Desk,Furniture,1,7200,0.1,6480.0,1346.42
ORD00451,2024-07-28,C019,Neil Bhat,Indore,West,Laptop Pro 14,Electronics,3,85000,0.0,255000.0,98476.87
ORD00452,2024-12-19,C014,Kiara Roy,Patna,East,Office Chair,Furniture,4,9500,0.05,36100.0,13080.75
ORD00453,2025-10-20,C014,Kiara Roy,Patna,East,Premium Pen Set,Stationery,4,650,0.0,2600.0,872.85
ORD00454,2024-09-26,C006,Meera Joshi,Bengaluru,South,Study Desk,Furniture,1,7200,0.05,6840.0,1352.49
ORD00455,2025-03-01,C019,Neil Bhat,Indore,West,LED Table Lamp,Furniture,4,1800,0.0,7200.0,1637.55
ORD00456,2024-03-03,C009,Vivaan Gupta,Kolkata,East,Premium Pen Set,Stationery,4,650,0.15,2210.0,555.61
ORD00457,2025-02-01,C006,Meera Joshi,Bengaluru,South,Smartphone X,Electronics,5,42000,0.0,210000.0,77140.74
ORD00458,2024-09-21,C001,Aarav Sharma,Mumbai,West,Bookshelf,Furniture,4,5800,0.05,22040.0,5807.62
ORD00459,2024-11-29,C009,Vivaan Gupta,Kolkata,East,Bluetooth Headphones,Electronics,3,3200,0.15,8160.0,955.65
ORD00460,2025-09-28,C014,Kiara Roy,Patna,East,Office Chair,Furniture,1,9500,,7600.0,900.27
ORD00461,2024-01-16,C017,Dev Malhotra,Chandigarh,North,Travel Bottle,Accessories,4,900,0.1,3240.0,435.28
ORD00462,2025-07-15,C005,Kabir Verma,Jaipur,North,Bluetooth Headphones,Electronics,5,3200,0.1,14400.0,4752.21
ORD00463,2024-07-19,C009,Vivaan Gupta,Kolkata,East,Bluetooth Headphones,Electronics,3,3200,0.15,8160.0,904.36
ORD00464,2024-03-05,C008,Sanya Rao,Hyderabad,South,Backpack,Accessories,4,2200,0.15,7480.0,1558.6
ORD00465,2025-06-10,C009,Vivaan Gupta,Kolkata,East,Mechanical Keyboard,Electronics,2,4500,0.0,9000.0,3472.95
ORD00466,2025-06-16,C019,Neil Bhat,Indore,West,Office Chair,Furniture,4,9500,0.1,34200.0,7299.0
ORD00467,2025-03-30,C004,Ananya Singh,Delhi,North,Office Chair,Furniture,4,9500,0.05,36100.0,9103.1
ORD00468,2024-07-12,C002,Isha Patel,Pune,West,Premium Pen Set,Stationery,1,650,0.1,585.0,125.57
ORD00469,2024-09-18,C018,Aanya Iyer,Coimbatore,South,Laptop Pro 14,Electronics,5,85000,0.05,403750.0,153369.86
ORD00470,2025-10-09,C019,Neil Bhat,Indore,West,File Organizer,Stationery,2,380,0.2,608.0,116.84
ORD00471,2025-02-27,C014,Kiara Roy,Patna,East,Mechanical Keyboard,Electronics,5,4500,0.05,21375.0,5666.1
ORD00472,2025-12-01,C006,Meera Joshi,Bengaluru,South,Laptop Pro 14,Electronics,1,85000,0.0,85000.0,35075.74
ORD00473,2025-08-24,C007,Arjun Nair,Chennai,South,Smartphone X,Electronics,5,42000,0.1,189000.0,45667.96
ORD00474,2024-12-28,C009,Vivaan Gupta,Kolkata,East,LED Table Lamp,Furniture,5,1800,0.05,8550.0,1857.23
ORD00475,2025-07-24,C007,Arjun Nair,Chennai,South,Study Desk,Furniture,1,7200,0.0,7200.0,2051.39
ORD00476,2025-05-08,C019,Neil Bhat,Indore,West,Premium Pen Set,Stationery,5,650,0.15,2762.5,770.12
ORD00477,2024-06-16,C012,Myra Kapoor,Lucknow,North,Mechanical Keyboard,Electronics,4,4500,0.15,15300.0,2444.61
ORD00478,2024-04-18,C012,Myra Kapoor,Lucknow,North,Backpack,Accessories,1,2200,0.15,1870.0,173.77
ORD00479,2024-09-06,C005,Kabir Verma,Jaipur,North,Bookshelf,Furniture,1,5800,0.1,5220.0,1796.68
ORD00480,2025-03-06,C017,Dev Malhotra,Chandigarh,North,USB-C Cable,Accessories,4,750,0.1,2700.0,891.31
ORD00481,2025-11-03,C004,Ananya Singh,Delhi,North,Wireless Mouse,Electronics,5,1200,0.0,6000.0,2017.26
ORD00482,2024-03-24,C017,Dev Malhotra,Chandigarh,North,Laptop Pro 14,Electronics,4,85000,0.0,340000.0,118675.55
ORD00483,2024-04-14,C010,Diya Das,Bhubaneswar,East,Wireless Mouse,Electronics,3,1200,0.1,3240.0,1144.71
ORD00484,2024-07-28,C019,Neil Bhat,Indore,West,Office Chair,Furniture,1,9500,0.1,8550.0,1379.97
ORD00485,2024-03-24,C006,Meera Joshi,Bengaluru,South,Premium Pen Set,Stationery,5,650,0.15,2762.5,834.31
ORD00486,2024-12-15,C008,Sanya Rao,Hyderabad,South,Wireless Mouse,Electronics,1,1200,0.1,1080.0,256.2
ORD00487,2024-08-22,C001,Aarav Sharma,Mumbai,West,Study Desk,Furniture,5,7200,0.05,34200.0,6767.03
ORD00488,2025-07-27,C017,Dev Malhotra,Chandigarh,North,USB-C Cable,Accessories,1,750,0.1,675.0,142.16
ORD00489,2024-10-03,C011,Aditya Mehta,Ahmedabad,West,Wireless Mouse,Electronics,4,1200,0.1,4320.0,1271.63
ORD00490,2025-09-25,C012,Myra Kapoor,Lucknow,North,Wireless Mouse,Electronics,3,1200,0.05,3420.0,914.93
ORD00491,2024-02-10,C008,Sanya Rao,Hyderabad,South,Premium Pen Set,Stationery,2,650,0.05,1235.0,473.87
ORD00492,2025-01-14,C001,Aarav Sharma,Mumbai,West,Bookshelf,Furniture,2,5800,0.0,11600.0,3873.17
ORD00493,2024-07-14,C005,Kabir Verma,Jaipur,North,Bookshelf,Furniture,1,5800,0.05,5510.0,1966.83
ORD00494,2025-10-30,C010,Diya Das,Bhubaneswar,East,File Organizer,Stationery,2,380,0.1,684.0,191.43
ORD00495,2025-04-23,C011,Aditya Mehta,Ahmedabad,West,Laptop Pro 14,Electronics,1,85000,0.1,76500.0,16901.75
ORD00496,2025-11-18,C020,Sara Khan,Bhopal,Central,Bookshelf,Furniture,4,5800,0.1,20880.0,6935.6
ORD00497,2025-09-16,C013,Reyansh Shah,Surat,West,Wireless Mouse,Electronics,5,1200,0.0,6000.0,1347.06
ORD00498,2025-08-01,C011,Aditya Mehta,Ahmedabad,West,Backpack,Accessories,4,2200,0.0,8800.0,3328.4
ORD00499,2024-12-28,C010,Diya Das,Bhubaneswar,East,Mechanical Keyboard,Electronics,2,4500,0.05,8550.0,3065.29
ORD00500,2024-09-01,C010,Diya Das,Bhubaneswar,East,Smartphone X,Electronics,2,42000,0.0,84000.0,19220.56
ORD00501,2024-02-04,C006,Meera Joshi,Bengaluru,South,Bluetooth Headphones,Electronics,2,3200,0.15,5440.0,468.46
ORD00502,2024-03-17,C015,Yash Kulkarni,Nagpur,West,Travel Bottle,Accessories,4,900,0.0,3600.0,813.07
ORD00503,2024-10-04,C004,Ananya Singh,Delhi,North,Smartphone X,Electronics,5,42000,0.05,199500.0,55345.18
ORD00504,2024-12-30,C019,Neil Bhat,Indore,West,Mechanical Keyboard,Electronics,2,4500,0.15,7650.0,1153.78
ORD00505,2025-05-11,C014,Kiara Roy,Patna,East,USB-C Cable,Accessories,4,750,0.0,3000.0,761.59
ORD00506,2025-05-13,C001,Aarav Sharma,Mumbai,West,File Organizer,Stationery,5,380,0.05,1805.0,465.03
ORD00507,2024-05-18,C004,Ananya Singh,Delhi,North,Mechanical Keyboard,Electronics,5,4500,0.2,18000.0,988.58
ORD00508,2024-04-13,C019,Neil Bhat,Indore,West,Smartphone X,Electronics,5,42000,0.0,210000.0,52392.57
ORD00509,2025-09-04,C004,Ananya Singh,Delhi,North,Office Chair,Furniture,3,9500,0.0,28500.0,8589.82
ORD00510,2024-09-23,C013,Reyansh Shah,Surat,West,USB-C Cable,Accessories,4,750,0.0,3000.0,812.48
ORD00511,2025-05-01,C005,Kabir Verma,Jaipur,North,Laptop Pro 14,Electronics,4,85000,0.05,323000.0,123456.63
ORD00512,2025-08-04,C017,Dev Malhotra,Chandigarh,North,Mechanical Keyboard,Electronics,3,4500,0.1,12150.0,4067.08
ORD00513,2025-08-04,C004,Ananya Singh,Delhi,North,Office Chair,Furniture,3,9500,0.0,28500.0,7627.75
ORD00514,2025-02-02,C011,Aditya Mehta,Ahmedabad,West,LED Table Lamp,Furniture,3,1800,0.1,4860.0,793.18
ORD00515,2025-12-31,C018,Aanya Iyer,Coimbatore,South,File Organizer,Stationery,3,380,0.1,1026.0,229.96
ORD00516,2024-12-30,C003,Rohan Deshmukh,Nashik,West,USB-C Cable,Accessories,1,750,0.0,750.0,314.52
ORD00517,2024-12-02,C017,Dev Malhotra,Chandigarh,North,Laptop Pro 14,Electronics,3,85000,0.05,242250.0,81291.57
ORD00518,2024-01-13,C015,Yash Kulkarni,Nagpur,West,Travel Bottle,Accessories,5,900,0.15,3825.0,1197.8
ORD00519,2025-04-24,C011,Aditya Mehta,Ahmedabad,West,Mechanical Keyboard,Electronics,2,4500,0.0,9000.0,3241.09
ORD00520,2024-07-22,C002,Isha Patel,Pune,West,LED Table Lamp,Furniture,3,1800,0.0,5400.0,1233.96
ORD00521,2024-10-29,C003,Rohan Deshmukh,Nashik,West,Mechanical Keyboard,Electronics,2,4500,0.1,8100.0,1388.76
ORD00522,2024-11-22,C007,Arjun Nair,Chennai,South,Mechanical Keyboard,Electronics,1,4500,0.05,4275.0,1095.38
ORD00523,2025-07-02,C013,Reyansh Shah,Surat,West,Bookshelf,Furniture,5,5800,0.15,24650.0,3136.74
ORD00524,2024-09-13,C004,Ananya Singh,Delhi,North,Mechanical Keyboard,Electronics,2,4500,0.0,9000.0,3061.62
ORD00525,2025-01-18,C004,Ananya Singh,Delhi,North,Travel Bottle,Accessories,3,900,0.05,2565.0,939.06
ORD00526,2024-07-06,C013,Reyansh Shah,Surat,West,Backpack,Accessories,2,2200,0.0,4400.0,1759.17
ORD00527,2024-12-23,C016,Tara Menon,Kochi,South,Wireless Mouse,Electronics,1,1200,0.1,1080.0,193.32
ORD00528,2025-10-17,C006,Meera Joshi,Bengaluru,South,File Organizer,Stationery,2,380,0.0,760.0,257.96
ORD00529,2024-04-20,C002,Isha Patel,Pune,West,Study Desk,Furniture,3,7200,0.15,18360.0,1817.73
ORD00530,2025-07-20,C007,Arjun Nair,Chennai,South,Smartphone X,Electronics,1,42000,0.1,37800.0,11598.1
ORD00531,2025-06-16,C019,Neil Bhat,Indore,West,Smartphone X,Electronics,3,42000,0.1,113400.0,37222.4
ORD00532,2024-12-02,C010,Diya Das,Bhubaneswar,East,Notebook Pack,Stationery,4,450,0.1,1620.0,550.16
ORD00533,2024-06-08,C018,Aanya Iyer,Coimbatore,South,Travel Bottle,Accessories,2,900,0.1,1620.0,279.89
ORD00534,2025-02-11,C015,Yash Kulkarni,Nagpur,West,Office Chair,Furniture,4,9500,0.0,38000.0,10067.37
ORD00535,2025-04-10,C012,Myra Kapoor,Lucknow,North,Study Desk,Furniture,2,7200,0.0,14400.0,4234.87
ORD00536,2024-03-15,C009,Vivaan Gupta,Kolkata,East,File Organizer,Stationery,1,380,0.05,361.0,140.59
ORD00537,2024-06-02,C018,Aanya Iyer,Coimbatore,South,Office Chair,Furniture,1,9500,0.0,9500.0,2395.26
ORD00538,2025-01-24,C005,Kabir Verma,Jaipur,North,File Organizer,Stationery,1,380,0.0,380.0,88.85
ORD00539,2025-09-24,C001,Aarav Sharma,Mumbai,West,Premium Pen Set,Stationery,3,650,0.1,1755.0,286.05
ORD00540,2025-03-27,C004,Ananya Singh,Delhi,North,Wireless Mouse,Electronics,3,1200,0.05,3420.0,676.84
ORD00541,2025-09-15,C012,Myra Kapoor,Lucknow,North,Mechanical Keyboard,Electronics,5,4500,0.0,22500.0,9259.69
ORD00542,2025-12-29,C010,Diya Das,Bhubaneswar,East,USB-C Cable,Accessories,5,750,0.1,3375.0,700.21
ORD00543,2025-06-19,C012,Myra Kapoor,Lucknow,North,Premium Pen Set,Stationery,1,650,0.1,585.0,85.28
ORD00544,2025-12-13,C020,Sara Khan,Bhopal,Central,Mechanical Keyboard,Electronics,3,4500,0.1,12150.0,4189.9
ORD00545,2024-04-10,C016,Tara Menon,Kochi,South,Study Desk,Furniture,4,7200,0.15,24480.0,5034.43
ORD00546,2025-05-10,C018,Aanya Iyer,Coimbatore,South,Travel Bottle,Accessories,3,900,0.05,2565.0,970.73
ORD00547,2024-01-13,C018,Aanya Iyer,Coimbatore,South,Smartphone X,Electronics,5,42000,0.05,199500.0,47474.54
ORD00548,2025-10-10,C009,Vivaan Gupta,Kolkata,East,Office Chair,Furniture,3,9500,0.1,25650.0,5428.03
ORD00549,2024-04-09,C013,Reyansh Shah,Surat,West,Study Desk,Furniture,5,7200,0.0,36000.0,12277.91
ORD00550,2024-09-19,C004,Ananya Singh,Delhi,North,Wireless Mouse,Electronics,3,1200,0.05,3420.0,867.72
ORD00551,2024-05-28,C008,Sanya Rao,Hyderabad,South,Office Chair,Furniture,1,9500,0.15,8075.0,2018.92
ORD00552,2024-08-14,C013,Reyansh Shah,Surat,West,LED Table Lamp,Furniture,1,1800,0.0,1800.0,570.29
ORD00553,2024-02-13,C015,Yash Kulkarni,Nagpur,West,Smartphone X,Electronics,2,42000,0.0,84000.0,28911.22
ORD00554,2025-02-01,C010,Diya Das,Bhubaneswar,East,Mechanical Keyboard,Electronics,1,4500,0.1,4050.0,1142.78
ORD00555,2024-06-30,C020,Sara Khan,Bhopal,Central,Bookshelf,Furniture,5,5800,0.05,27550.0,5141.7
ORD00556,2024-07-06,C006,Meera Joshi,Bengaluru,South,Laptop Pro 14,Electronics,4,85000,0.05,323000.0,107626.82
ORD00557,2025-04-09,C008,Sanya Rao,Hyderabad,South,File Organizer,Stationery,2,380,0.15,646.0,117.75
ORD00558,2025-11-12,C015,Yash Kulkarni,Nagpur,West,Travel Bottle,Accessories,1,900,0.0,900.0,330.2
ORD00559,2025-05-15,C001,Aarav Sharma,Mumbai,West,Study Desk,Furniture,2,7200,0.0,14400.0,4199.44
ORD00560,2024-01-12,C016,Tara Menon,Kochi,South,Premium Pen Set,Stationery,5,650,0.1,2925.0,406.77
ORD00561,2025-09-14,C019,Neil Bhat,Indore,West,LED Table Lamp,Furniture,3,1800,0.15,4590.0,803.36
ORD00562,2025-05-18,C008,Sanya Rao,Hyderabad,South,Backpack,Accessories,3,2200,0.05,6270.0,2355.28
ORD00563,2025-05-03,C002,Isha Patel,Pune,West,Wireless Mouse,Electronics,4,1200,0.05,4560.0,1718.67
ORD00564,2024-08-05,C004,Ananya Singh,Delhi,North,Notebook Pack,Stationery,1,450,0.0,450.0,141.23
ORD00565,2025-03-09,C011,Aditya Mehta,Ahmedabad,West,USB-C Cable,Accessories,4,750,0.1,2700.0,837.01
ORD00566,2024-03-30,C012,Myra Kapoor,Lucknow,North,Study Desk,Furniture,2,7200,0.15,12240.0,1448.08
ORD00567,2025-05-21,C013,Reyansh Shah,Surat,West,Mechanical Keyboard,Electronics,3,4500,0.2,10800.0,1546.38
ORD00568,2024-03-08,C015,Yash Kulkarni,Nagpur,West,USB-C Cable,Accessories,4,750,0.1,2700.0,474.08
ORD00569,2025-11-17,C020,Sara Khan,Bhopal,Central,Office Chair,Furniture,4,9500,0.1,34200.0,11699.22
ORD00570,2025-11-16,C018,Aanya Iyer,Coimbatore,South,Notebook Pack,Stationery,1,450,0.15,382.5,76.74
ORD00571,2024-12-26,C011,Aditya Mehta,Ahmedabad,West,Bookshelf,Furniture ,1,5800,0.2,4640.0,661.59
ORD00572,2024-01-15,C014,Kiara Roy,Patna,East,Smartphone X,Electronics,2,42000,0.1,75600.0,23850.83
ORD00573,2024-08-10,C003,Rohan Deshmukh,Nashik,West,Travel Bottle,Accessories,5,900,0.05,4275.0,857.09
ORD00574,2025-09-11,C001,Aarav Sharma,Mumbai,West,Laptop Pro 14,Electronics,3,85000,0.1,229500.0,38056.97
ORD00575,2025-10-29,C012,Myra Kapoor,Lucknow,North,Office Chair,Furniture,1,9500,0.0,9500.0,2182.28
ORD00576,2025-07-13,C012,Myra Kapoor,Lucknow,North,Premium Pen Set,Stationery,5,650,0.05,3087.5,816.69
ORD00577,2024-11-06,C006,Meera Joshi,Bengaluru,South,Office Chair,Furniture,2,9500,0.2,15200.0,3457.59
ORD00578,2025-07-24,C002,Isha Patel,Pune,West,Laptop Pro 14,Electronics,3,85000,0.05,242250.0,45752.26
ORD00579,2024-09-03,C008,Sanya Rao,Hyderabad,South,Backpack,Accessories,2,2200,0.05,4180.0,995.87
ORD00580,2025-05-09,C001,Aarav Sharma,Mumbai,West,Premium Pen Set,Stationery,1,650,0.0,650.0,199.54
ORD00581,2024-04-02,C012,Myra Kapoor,Lucknow,North,LED Table Lamp,Furniture,5,1800,0.0,9000.0,3137.35
ORD00582,2025-05-26,C010,Diya Das,Bhubaneswar,East,USB-C Cable,Accessories,3,750,0.0,2250.0,581.36
ORD00583,2024-11-17,C008,Sanya Rao,Hyderabad,South,Premium Pen Set,Stationery,5,650,0.0,3250.0,1103.2
ORD00584,2025-10-14,C013,Reyansh Shah,Surat,West,Notebook Pack,Stationery,4,450,0.05,1710.0,522.78
ORD00585,2025-10-28,C002,Isha Patel,Pune,West,Mechanical Keyboard,Electronics,1,4500,0.0,4500.0,1205.09
ORD00586,2025-02-07,C003,Rohan Deshmukh,Nashik,West,Mechanical Keyboard,Electronics,1,4500,0.05,4275.0,1417.01
ORD00587,2024-01-17,C018,Aanya Iyer,Coimbatore,South,Backpack,Accessories,4,2200,0.05,8360.0,2246.04
ORD00588,2024-03-22,C004,Ananya Singh,Delhi,North,Laptop Pro 14,Electronics,2,85000,0.15,144500.0,16069.91
ORD00589,2025-02-07,C020,Sara Khan,Bhopal,Central,Study Desk,Furniture,2,7200,0.15,12240.0,1722.9
ORD00590,2024-07-11,C017,Dev Malhotra,Chandigarh,North,Office Chair,Furniture,2,9500,0.1,17100.0,5225.42
ORD00591,2025-08-02,C005,Kabir Verma,Jaipur,North,Premium Pen Set,Stationery,3,650,0.05,1852.5,594.23
ORD00592,2025-02-06,C013,Reyansh Shah,Surat,West,File Organizer,Stationery,2,380,0.15,646.0,141.44
ORD00593,2024-05-11,C010,Diya Das,Bhubaneswar,East,Bluetooth Headphones,Electronics,2,3200,0.0,6400.0,1931.35
ORD00594,2025-07-06,C016,Tara Menon,Kochi,South,Mechanical Keyboard,Electronics,4,4500,0.1,16200.0,4448.32
ORD00595,2024-09-27,C003,Rohan Deshmukh,Nashik,West,Smartphone X,Electronics,1,42000,0.05,39900.0,8728.62
ORD00596,2024-02-09,C004,Ananya Singh,Delhi,North,Wireless Mouse,Electronics,5,1200,0.1,5400.0,1134.42
ORD00597,2024-10-16,C017,Dev Malhotra,Chandigarh,North,Study Desk,Furniture,5,7200,0.05,34200.0,10258.36
ORD00598,2025-08-03,C009,Vivaan Gupta,Kolkata,East,LED Table Lamp,Furniture,5,1800,0.05,8550.0,2389.48
ORD00599,2024-12-22,C010,Diya Das,Bhubaneswar,East,Bookshelf,Furniture,5,5800,0.05,27550.0,9393.58
ORD00600,2025-11-21,C015,Yash Kulkarni,Nagpur,West,Bluetooth Headphones,Electronics,4,3200,0.05,12160.0,2862.78
ORD00601,2025-02-23,C015,Yash Kulkarni,Nagpur,West,LED Table Lamp,Furniture,5,1800,0.1,8100.0,1782.66
ORD00602,2025-06-25,C005,Kabir Verma,Jaipur,North,LED Table Lamp,Furniture,3,1800,0.05,5130.0,1862.62
ORD00603,2025-05-10,C015,Yash Kulkarni,Nagpur,West,Office Chair,Furniture,4,9500,0.2,30400.0,2627.71
ORD00604,2024-07-31,C008,Sanya Rao,Hyderabad,South,Laptop Pro 14,Electronics,3,85000,0.05,242250.0,55904.69
ORD00605,2024-02-01,C002,Isha Patel,Pune,West,USB-C Cable,Accessories,1,750,0.05,712.5,183.23
ORD00606,2025-12-26,C017,Dev Malhotra,Chandigarh,North,Bluetooth Headphones,Electronics,4,3200,0.1,11520.0,3763.35
ORD00607,2024-04-11,C017,Dev Malhotra,Chandigarh,North,Laptop Pro 14,Electronics,1,85000,0.0,85000.0,19168.86
ORD00608,2024-03-28,C002,Isha Patel,Pune,West,Bookshelf,Furniture,3,5800,0.15,14790.0,4273.33
ORD00609,2025-01-12,C007,Arjun Nair,Chennai,South,Backpack,Accessories,1,2200,0.05,2090.0,458.89
ORD00610,2025-04-21,C009,Vivaan Gupta,Kolkata,East,Backpack,Accessories,4,2200,0.2,7040.0,428.49
ORD00611,2025-07-28,C017,Dev Malhotra,Chandigarh,North,File Organizer,Stationery,5,380,0.15,1615.0,324.42
ORD00612,2025-04-18,C015,Yash Kulkarni,Nagpur,West,Bluetooth Headphones,Electronics,4,3200,0.05,12160.0,4671.5
ORD00613,2025-02-22,C008,Sanya Rao,Hyderabad,South,Travel Bottle,Accessories,2,900,0.1,1620.0,272.42
ORD00614,2025-12-28,C019,Neil Bhat,Indore,West,Office Chair,Furniture,1,9500,0.1,8550.0,2012.6
ORD00615,2024-07-11,C005,Kabir Verma,Jaipur,North,Premium Pen Set,Stationery,5,650,0.2,2600.0,250.63
ORD00616,2025-10-20,C012,Myra Kapoor,Lucknow,North,Premium Pen Set,Stationery,3,650,0.15,1657.5,465.16
ORD00617,2025-03-27,C012,Myra Kapoor,Lucknow,North,Study Desk,Furniture,2,7200,0.15,12240.0,1950.62
ORD00618,2025-06-02,C014,Kiara Roy,Patna,East,Bookshelf,Furniture,3,5800,0.15,14790.0,1280.97
ORD00619,2024-06-27,C018,Aanya Iyer,Coimbatore,South,Bluetooth Headphones,Electronics,4,3200,0.0,12800.0,5325.32
ORD00620,2025-07-18,C011,Aditya Mehta,Ahmedabad,West,Smartphone X,Electronics,3,42000,0.05,119700.0,23058.14
ORD00621,2025-05-31,C014,Kiara Roy,Patna,East,Smartphone X,Electronics,3,42000,0.05,119700.0,44505.23
ORD00622,2025-05-03,C019,Neil Bhat,Indore,West,Office Chair,Furniture,5,9500,0.0,47500.0,17998.69
ORD00623,2025-11-09,C004,Ananya Singh,Delhi,North,Laptop Pro 14,Electronics,5,85000,0.1,382500.0,73653.63
ORD00624,2024-08-02,C014,Kiara Roy,Patna,East,Study Desk,Furniture,3,7200,0.1,19440.0,4315.24
ORD00625,2025-02-07,C018,Aanya Iyer,Coimbatore,South,USB-C Cable,Accessories,2,750,0.15,1275.0,401.56
ORD00626,2025-07-27,C010,Diya Das,Bhubaneswar,East,Laptop Pro 14,Electronics,2,85000,0.2,136000.0,33547.68
ORD00627,2024-11-13,C009,Vivaan Gupta,Kolkata,East,Smartphone X,Electronics,2,42000,0.1,75600.0,19778.16
ORD00628,2025-12-31,C017,Dev Malhotra,Chandigarh,North,File Organizer,Stationery,3,380,0.1,1026.0,246.97
ORD00629,2024-07-26,C002,Isha Patel,Pune,West,File Organizer,Stationery,2,380,0.1,684.0,221.32
ORD00630,2025-03-14,C007,Arjun Nair,Chennai,South,Premium Pen Set,Stationery,5,650,0.15,2762.5,833.08
ORD00631,2025-07-06,C020,Sara Khan,Bhopal,Central,File Organizer,Stationery,3,380,0.1,1026.0,216.94
ORD00632,2025-02-17,C002,Isha Patel,Pune,West,Office Chair,Furniture,3,9500,0.05,27075.0,7332.14
ORD00633,2024-03-13,C001,Aarav Sharma,Mumbai,West,Office Chair,Furniture,1,9500,0.1,8550.0,2565.9
ORD00634,2024-09-14,C004,Ananya Singh,Delhi,North,Laptop Pro 14,Electronics,3,85000,0.0,255000.0,99203.74
ORD00635,2024-03-19,C019,Neil Bhat,Indore,West,Smartphone X,Electronics,3,42000,0.1,113400.0,24564.84
ORD00636,2025-02-17,C013,Reyansh Shah,Surat,West,File Organizer,Stationery,1,380,0.0,380.0,115.3
ORD00637,2024-05-16,C004,Ananya Singh,Delhi,North,Mechanical Keyboard,Electronics,1,4500,0.0,4500.0,1236.85
ORD00638,2024-02-15,C010,Diya Das,Bhubaneswar,East,Office Chair,Furniture,1,9500,0.05,9025.0,2103.63
ORD00639,2025-11-20,C003,Rohan Deshmukh,Nashik,West,Bluetooth Headphones,Electronics,3,3200,0.0,9600.0,2482.2
ORD00640,2025-01-01,C015,Yash Kulkarni,Nagpur,West,Bluetooth Headphones,Electronics,5,3200,0.1,14400.0,3717.17
ORD00641,2024-09-04,C017,Dev Malhotra,Chandigarh,North,Premium Pen Set,Stationery,1,650,0.1,585.0,116.89
ORD00642,2025-05-07,C008,Sanya Rao,Hyderabad,South,Study Desk,Furniture,1,7200,0.15,6120.0,1871.97
ORD00643,2025-03-11,C015,Yash Kulkarni,Nagpur,West,USB-C Cable,Accessories,1,750,0.0,750.0,274.38
ORD00644,2024-10-22,C011,Aditya Mehta,Ahmedabad,West,Backpack,Accessories,2,2200,0.1,3960.0,874.08
ORD00645,2024-11-26,C016,Tara Menon,Kochi,South,Wireless Mouse,Electronics,2,1200,0.15,2040.0,464.02
ORD00646,2024-06-12,C013,Reyansh Shah,Surat,West,Bookshelf,Furniture,3,5800,0.1,15660.0,2982.77
ORD00647,2025-08-25,C014,Kiara Roy,Patna,East,Bookshelf,Furniture,3,5800,0.1,15660.0,4080.32
ORD00648,2025-05-23,C006,Meera Joshi,Bengaluru,South,Premium Pen Set,Stationery,1,650,0.05,617.5,128.02
ORD00649,2025-11-24,C005,Kabir Verma,Jaipur,North,LED Table Lamp,Furniture,2,1800,0.1,3240.0,824.87
ORD00650,2025-03-20,C011,Aditya Mehta,Ahmedabad,West,Premium Pen Set,Stationery,4,650,0.15,2210.0,442.3
ORD00651,2025-09-17,C011,Aditya Mehta,Ahmedabad,West,Smartphone X,Electronics,4,42000,0.05,159600.0,45357.31
ORD00652,2025-05-26,C011,Aditya Mehta,Ahmedabad,West,Notebook Pack,Stationery,1,450,0.0,450.0,135.88
ORD00653,2024-05-14,C011,Aditya Mehta,Ahmedabad,West,Office Chair,Furniture,4,9500,0.0,38000.0,13824.11
ORD00654,2024-01-03,C014,Kiara Roy,Patna,East,Office Chair,Furniture,2,9500,0.05,18050.0,3518.7
ORD00655,2024-12-06,C016,Tara Menon,Kochi,South,Backpack,Accessories,5,2200,0.1,9900.0,1446.43
ORD00656,2024-08-29,C007,Arjun Nair,Chennai,South,Mechanical Keyboard,Electronics,5,4500,0.15,19125.0,4067.09
ORD00657,2024-03-09,C001,Aarav Sharma,Mumbai,West,Bluetooth Headphones,Electronics,4,3200,0.0,12800.0,4057.59
ORD00658,2025-06-18,C020,Sara Khan,Bhopal,Central,Bookshelf,Furniture,1,5800,0.15,4930.0,1315.37
ORD00659,2025-07-20,C005,Kabir Verma,Jaipur,North,Bluetooth Headphones,Electronics,2,3200,0.05,6080.0,2020.48
ORD00660,2024-04-06,C017,Dev Malhotra,Chandigarh,North,Smartphone X,Electronics,5,42000,0.05,199500.0,54458.41
ORD00661,2025-06-30,C007,Arjun Nair,Chennai,South,Office Chair,Furniture,1,9500,0.15,8075.0,1278.81
ORD00662,2025-04-09,C012,Myra Kapoor,Lucknow,North,Study Desk,Furniture,3,7200,0.05,20520.0,7934.76
ORD00663,2025-04-01,C015,Yash Kulkarni,Nagpur,West,Smartphone X,Electronics,5,42000,0.1,189000.0,51038.25
ORD00664,2025-09-15,C013,Reyansh Shah,Surat,West,Laptop Pro 14,Electronics,5,85000,0.1,382500.0,73745.91
ORD00665,2024-01-18,C001,Aarav Sharma,Mumbai,West,Travel Bottle,Accessories,1,900,0.05,855.0,201.17
ORD00666,2025-05-13,C014,Kiara Roy,Patna,East,Notebook Pack,Stationery,2,450,0.1,810.0,183.21
ORD00667,2025-11-04,C009,Vivaan Gupta,Kolkata,East,Notebook Pack,Stationery,4,450,0.05,1710.0,605.9
ORD00668,2025-07-12,C019,Neil Bhat,Indore,West,Office Chair,Furniture,4,9500,0.1,34200.0,4664.53
ORD00669,2024-05-16,C015,Yash Kulkarni,Nagpur,West,Laptop Pro 14,Electronics,1,85000,0.1,76500.0,15360.69
ORD00670,2024-06-23,C010,Diya Das,Bhubaneswar,East,Laptop Pro 14,Electronics,5,85000,0.1,382500.0,100983.56
ORD00671,2024-04-02,C016,Tara Menon,Kochi,South,USB-C Cable,Accessories,5,750,0.1,3375.0,828.22
ORD00672,2024-11-12,C007,Arjun Nair,Chennai,South,Bookshelf,Furniture,2,5800,0.1,10440.0,3446.86
ORD00673,2024-10-31,C003,Rohan Deshmukh,Nashik,West,Study Desk,Furniture,2,7200,0.1,12960.0,3400.5
ORD00674,2025-07-27,C017,Dev Malhotra,Chandigarh,North,Premium Pen Set,Stationery,1,650,0.1,585.0,154.94
ORD00675,2025-06-24,C011,Aditya Mehta,Ahmedabad,West,Notebook Pack,Stationery,4,450,0.15,1530.0,222.73
ORD00676,2024-03-13,C001,Aarav Sharma,Mumbai,West,Backpack,Accessories,1,2200,0.15,1870.0,504.49
ORD00677,2024-12-29,C019,Neil Bhat,Indore,West,Office Chair,Furniture,1,9500,0.1,8550.0,2069.93
ORD00678,2025-10-20,C002,Isha Patel,Pune,West,LED Table Lamp,Furniture,5,1800,0.05,8550.0,3305.94
ORD00679,2025-06-25,C008,Sanya Rao,Hyderabad,South,Wireless Mouse,Electronics,3,1200,0.05,3420.0,1182.27
ORD00680,2025-10-09,C006,Meera Joshi,Bengaluru,South,File Organizer,Stationery,1,380,0.1,342.0,57.16
ORD00681,2024-04-25,C017,Dev Malhotra,Chandigarh,North,Backpack,Accessories,2,2200,0.05,4180.0,920.64
ORD00682,2024-11-30,C020,Sara Khan,Bhopal,Central,Backpack,Accessories,3,2200,0.0,6600.0,2182.77
ORD00683,2024-01-03,C014,Kiara Roy,Patna,East,Bookshelf,Furniture,3,5800,0.1,15660.0,4264.81
ORD00684,2025-07-25,C020,Sara Khan,Bhopal,Central,Premium Pen Set,Stationery,2,650,0.05,1235.0,239.39
ORD00685,2025-02-17,C011,Aditya Mehta,Ahmedabad,West,Wireless Mouse,Electronics,1,1200,0.05,1140.0,292.32
ORD00686,2025-04-26,C015,Yash Kulkarni,Nagpur,West,LED Table Lamp,Furniture,4,1800,0.1,6480.0,1463.45
ORD00687,2025-01-02,C013,Reyansh Shah,Surat,West,Travel Bottle,Accessories,2,900,0.1,1620.0,570.73
ORD00688,2024-07-29,C012,Myra Kapoor,Lucknow,North,Backpack,Accessories,3,2200,0.0,6600.0,2514.63
ORD00689,2024-08-07,C006,Meera Joshi,Bengaluru,South,Backpack,Accessories,2,2200,0.15,3740.0,520.33
ORD00690,2025-07-29,C004,Ananya Singh,Delhi,North,Notebook Pack,Stationery,5,450,0.1,2025.0,378.78
ORD00691,2025-11-12,C013,Reyansh Shah,Surat,West,Premium Pen Set,Stationery,3,650,0.0,1950.0,585.09
ORD00692,2025-01-20,C012,Myra Kapoor,Lucknow,North,Notebook Pack,Stationery,4,450,0.1,1620.0,375.15
ORD00693,2025-12-30,C002,Isha Patel,Pune,West,Wireless Mouse,Electronics,4,1200,0.05,4560.0,1343.25
ORD00694,2024-11-13,C017,Dev Malhotra,Chandigarh,North,Travel Bottle,Accessories,1,900,0.05,855.0,163.97
ORD00695,2024-08-09,C001,Aarav Sharma,Mumbai,West,Travel Bottle,Accessories,5,900,0.15,3825.0,798.2
ORD00696,2025-09-13,C013,Reyansh Shah,Surat,West,Premium Pen Set,Stationery,4,650,0.15,2210.0,669.17
ORD00697,2025-03-12,C015,Yash Kulkarni,Nagpur,West,USB-C Cable,Accessories,4,750,0.05,2850.0,520.02
ORD00698,2024-12-05,C005,Kabir Verma,Jaipur,North,Bluetooth Headphones,Electronics,4,3200,0.0,12800.0,4819.89
ORD00699,2025-11-07,C006,Meera Joshi,Bengaluru,South,Backpack,Accessories,5,2200,0.15,9350.0,1156.48
ORD00700,2024-04-29,C014,Kiara Roy,Patna,East,Wireless Mouse,Electronics,1,1200,0.15,1020.0,110.85
ORD00701,2025-03-30,C008,Sanya Rao,Hyderabad,South,Backpack,Accessories,2,2200,0.15,3740.0,968.87
ORD00702,2024-06-30,C006,Meera Joshi,Bengaluru,South,Premium Pen Set,Stationery,4,650,0.15,2210.0,216.54
ORD00703,2024-03-31,C010,Diya Das,Bhubaneswar,East,Mechanical Keyboard,Electronics,5,4500,0.05,21375.0,5754.77
ORD00704,2025-02-03,C013,Reyansh Shah,Surat,West,Laptop Pro 14,Electronics,3,85000,0.0,255000.0,88718.23
ORD00705,2025-05-13,C011,Aditya Mehta,Ahmedabad,West,Travel Bottle,Accessories,4,900,0.1,3240.0,984.95
ORD00706,2024-06-14,C014,Kiara Roy,Patna,East,Bookshelf,Furniture,2,5800,0.1,10440.0,2995.22
ORD00707,2025-11-25,C015,Yash Kulkarni,Nagpur,West,Premium Pen Set,Stationery,2,650,0.1,1170.0,253.6
ORD00708,2024-05-04,C010,Diya Das,Bhubaneswar,East,Mechanical Keyboard,Electronics,1,4500,0.0,4500.0,1315.51
ORD00709,2024-01-19,C011,Aditya Mehta,Ahmedabad,West,Wireless Mouse,Electronics,2,1200,0.0,2400.0,730.16
ORD00710,2024-02-17,C019,Neil Bhat,Indore,West,Study Desk,Furniture,3,7200,0.15,18360.0,4354.97
ORD00711,2025-12-09,C005,Kabir Verma,Jaipur,North,Mechanical Keyboard,Electronics,5,4500,0.2,18000.0,2027.21
ORD00712,2024-04-22,C010,Diya Das,Bhubaneswar,East,Bluetooth Headphones,Electronics,1,3200,0.1,2880.0,416.51
ORD00713,2024-07-07,C018,Aanya Iyer,Coimbatore,South,Premium Pen Set,Stationery,2,650,0.0,1300.0,305.49
ORD00714,2025-10-06,C009,Vivaan Gupta,Kolkata,East,Premium Pen Set,Stationery,1,650,0.1,585.0,172.21
ORD00715,2024-03-04,C007,Arjun Nair,Chennai,South,Bluetooth Headphones,Electronics,1,3200,0.0,3200.0,892.71
ORD00716,2025-12-26,C018,Aanya Iyer,Coimbatore,South,USB-C Cable,Accessories,1,750,0.15,637.5,177.04
ORD00717,2025-02-07,C018,Aanya Iyer,Coimbatore,South,Laptop Pro 14,Electronics,3,85000,0.1,229500.0,38854.1
ORD00718,2024-04-27,C020,Sara Khan,Bhopal,Central,Travel Bottle,Accessories,3,900,0.1,2430.0,349.09
ORD00719,2024-01-13,C013,Reyansh Shah,Surat,West,Wireless Mouse,Electronics,5,1200,0.15,5100.0,848.91
ORD00720,2025-03-13,C011,Aditya Mehta,Ahmedabad,West,Bookshelf,Furniture,4,5800,0.05,22040.0,8342.77
ORD00721,2024-01-08,C008,Sanya Rao,Hyderabad,South,Notebook Pack,Stationery,1,450,0.1,405.0,64.71
ORD00722,2024-05-23,C014,Kiara Roy,Patna,East,Travel Bottle,Accessories,3,900,0.0,2700.0,667.98
ORD00723,2024-08-26,C016,Tara Menon,Kochi,South,Premium Pen Set,Stationery,5,650,0.15,2762.5,302.52
ORD00724,2024-03-13,C003,Rohan Deshmukh,Nashik,West,Mechanical Keyboard,Electronics,4,4500,0.0,18000.0,5071.64
ORD00725,2024-08-10,C008,Sanya Rao,Hyderabad,South,USB-C Cable,Accessories,5,750,0.0,3750.0,1323.54
ORD00726,2024-11-04,C012,Myra Kapoor,Lucknow,North,Laptop Pro 14,Electronics,1,85000,0.15,72250.0,7004.59
ORD00727,2025-05-08,C011,Aditya Mehta,Ahmedabad,West,Wireless Mouse,Electronics,2,1200,0.05,2280.0,807.3
ORD00728,2024-10-02,C018,Aanya Iyer,Coimbatore,South,Office Chair,Furniture,2,9500,0.0,19000.0,6313.86
ORD00729,2024-03-24,C003,Rohan Deshmukh,Nashik,West,Smartphone X,Electronics,1,42000,0.2,33600.0,5546.18
ORD00730,2024-02-25,C008,Sanya Rao,Hyderabad,South,Premium Pen Set,Stationery,5,650,0.0,3250.0,1280.71
ORD00731,2024-02-08,C017,Dev Malhotra,Chandigarh,North,Bluetooth Headphones,Electronics,5,3200,0.05,15200.0,2798.81
ORD00732,2024-03-26,C004,Ananya Singh,Delhi,North,USB-C Cable,Accessories,2,750,0.05,1425.0,295.6
ORD00733,2025-01-10,C002,Isha Patel,Pune,West,USB-C Cable,Accessories,3,750,0.1,2025.0,358.29
ORD00734,2025-03-28,C006,Meera Joshi,Bengaluru,South,Notebook Pack,Stationery,3,450,0.0,1350.0,519.95
ORD00735,2024-12-08,C017,Dev Malhotra,Chandigarh,North,Laptop Pro 14,Electronics,2,85000,0.15,144500.0,43962.72
ORD00736,2024-07-02,C002,Isha Patel,Pune,West,LED Table Lamp,Furniture,5,1800,0.05,8550.0,2344.97
ORD00737,2025-02-02,C010,Diya Das,Bhubaneswar,East,USB-C Cable,Accessories,5,750,0.2,3000.0,157.86
ORD00738,2025-10-21,C018,Aanya Iyer,Coimbatore,South,Backpack,Accessories,1,2200,0.05,2090.0,601.4
ORD00739,2024-07-29,C007,Arjun Nair,Chennai,South,LED Table Lamp,Furniture,3,1800,0.1,4860.0,1594.91
ORD00740,2025-12-08,C008,Sanya Rao,Hyderabad,South,Backpack,Accessories,5,2200,0.2,8800.0,2033.92
ORD00741,2025-08-11,C014,Kiara Roy,Patna,East,USB-C Cable,Accessories,4,750,0.2,2400.0,100.61
ORD00742,2025-11-02,C006,Meera Joshi,Bengaluru,South,USB-C Cable,Accessories,4,750,0.0,3000.0,747.44
ORD00743,2025-10-04,C013,Reyansh Shah,Surat,West,Office Chair,Furniture,2,9500,0.15,16150.0,2835.37
ORD00744,2025-02-25,C008,Sanya Rao,Hyderabad,South,Study Desk,Furniture,1,7200,0.1,6480.0,1939.97
ORD00745,2025-01-21,C012,Myra Kapoor,Lucknow,North,Laptop Pro 14,Electronics,3,85000,0.15,216750.0,28257.75
ORD00746,2025-12-02,C020,Sara Khan,Bhopal,Central,LED Table Lamp,Furniture,1,1800,0.05,1710.0,478.77
ORD00747,2025-08-18,C007,Arjun Nair,Chennai,South,USB-C Cable,Accessories,4,750,0.0,3000.0,737.6
ORD00748,2025-09-17,C017,Dev Malhotra,Chandigarh,North,Bluetooth Headphones,Electronics,4,3200,0.1,11520.0,3706.76
ORD00749,2025-04-25,C001,Aarav Sharma,Mumbai,West,USB-C Cable,Accessories,5,750,0.0,3750.0,1210.4
ORD00750,2025-12-31,C013,Reyansh Shah,Surat,West,Study Desk,Furniture,3,7200,0.0,21600.0,5147.56
ORD00751,2024-08-16,C017,Dev Malhotra,Chandigarh,North,File Organizer,Stationery,1,380,0.1,342.0,74.84
ORD00752,2025-12-22,C017,Dev Malhotra,Chandigarh,North,Travel Bottle,Accessories,5,900,0.1,4050.0,1081.92
ORD00753,2024-04-03,C018,Aanya Iyer,Coimbatore,South,Backpack,Accessories,3,2200,0.0,6600.0,2502.13
ORD00754,2025-07-20,C017,Dev Malhotra,Chandigarh,North,Bookshelf,Furniture,3,5800,0.1,15660.0,2399.09
ORD00755,2025-12-14,C012,Myra Kapoor,Lucknow,North,USB-C Cable,Accessories,5,750,0.0,3750.0,1548.82
ORD00756,2025-02-20,C020,Sara Khan,Bhopal,Central,LED Table Lamp,Furniture,1,1800,0.1,1620.0,304.66
ORD00757,2025-12-20,C009,Vivaan Gupta,Kolkata,East,USB-C Cable,Accessories,4,750,0.1,2700.0,893.04
ORD00758,2024-03-12,C012,Myra Kapoor,Lucknow,North,Laptop Pro 14,Electronics,3,85000,0.15,216750.0,48853.23
ORD00759,2024-05-18,C007,Arjun Nair,Chennai,South,Premium Pen Set,Stationery,1,650,0.0,650.0,200.66
ORD00760,2025-12-25,C008,Sanya Rao,Hyderabad,South,Study Desk,Furniture,2,7200,0.05,13680.0,3169.65
ORD00761,2025-05-13,C008,Sanya Rao,Hyderabad,South,LED Table Lamp,Furniture,1,1800,0.0,1800.0,631.77
ORD00762,2024-05-28,C019,Neil Bhat,Indore,West,Wireless Mouse,Electronics,3,1200,0.1,3240.0,721.95
ORD00763,2024-01-06,C019,Neil Bhat,Indore,West,Bookshelf,Furniture,4,5800,0.15,19720.0,1869.17
ORD00764,2025-01-05,C020,Sara Khan,Bhopal,Central,Bluetooth Headphones,Electronics,2,3200,0.15,5440.0,1293.09
ORD00765,2024-09-25,C020,Sara Khan,Bhopal,Central,Notebook Pack,Stationery,1,450,0.1,405.0,87.96
ORD00766,2025-05-08,C019,Neil Bhat,Indore,West,Notebook Pack,Stationery,4,450,0.05,1710.0,637.58
ORD00767,2024-07-28,C016,Tara Menon,Kochi,South,Bookshelf,Furniture,1,5800,0.15,4930.0,1350.55
ORD00768,2025-12-20,C018,Aanya Iyer,Coimbatore,South,Bluetooth Headphones,Electronics,4,3200,0.0,12800.0,4761.63
ORD00769,2024-07-02,C012,Myra Kapoor,Lucknow,North,USB-C Cable,Accessories,5,750,0.05,3562.5,1011.36
ORD00770,2024-09-06,C010,Diya Das,Bhubaneswar,East,LED Table Lamp,Furniture,2,1800,0.1,3240.0,955.41
ORD00771,2024-07-29,C003,Rohan Deshmukh,Nashik,West,Bookshelf,Furniture,5,5800,0.0,29000.0,6719.11
ORD00772,2024-04-22,C015,Yash Kulkarni,Nagpur,West,Mechanical Keyboard,Electronics,4,4500,0.15,15300.0,3961.95
ORD00773,2025-11-17,C002,Isha Patel,Pune,West,Study Desk,Furniture,2,7200,0.15,12240.0,1269.58
ORD00774,2024-03-27,C016,Tara Menon,Kochi,South,Study Desk,Furniture,1,7200,0.05,6840.0,1613.21
ORD00775,2025-01-12,C020,Sara Khan,Bhopal,Central,Laptop Pro 14,Electronics,4,85000,0.0,340000.0,92825.04
ORD00776,2025-04-25,C020,Sara Khan,Bhopal,Central,Office Chair,Furniture,5,9500,0.05,45125.0,14725.55
ORD00777,2024-10-28,C005,Kabir Verma,Jaipur,North,Office Chair,Furniture,1,9500,0.0,9500.0,3575.97
ORD00778,2025-04-15,C004,Ananya Singh,Delhi,North,Premium Pen Set,Stationery,2,650,0.0,1300.0,319.01
ORD00779,2025-10-24,C003,Rohan Deshmukh,Nashik,West,Bookshelf,Furniture,2,5800,0.1,10440.0,1525.03
ORD00780,2025-12-12,C011,Aditya Mehta,Ahmedabad,West,Backpack,Accessories,5,2200,0.0,11000.0,4453.55
ORD00781,2025-07-02,C013,Reyansh Shah,Surat,West,Office Chair,Furniture,5,9500,0.0,47500.0,11440.87
ORD00782,2025-05-28,C001,Aarav Sharma,Mumbai,West,Bookshelf,Furniture,4,5800,0.1,20880.0,3417.52
ORD00783,2024-04-17,C012,Myra Kapoor,Lucknow,North,Study Desk,Furniture,2,7200,0.1,12960.0,2453.3
ORD00784,2025-03-20,C009,Vivaan Gupta,Kolkata,East,Study Desk,Furniture,2,7200,0.05,13680.0,4327.15
ORD00785,2024-09-03,C020,Sara Khan,Bhopal,Central,LED Table Lamp,Furniture,4,1800,0.1,6480.0,1989.71
ORD00786,2025-09-04,C015,Yash Kulkarni,Nagpur,West,Laptop Pro 14,Electronics,1,85000,0.0,85000.0,23991.04
ORD00787,2025-03-01,C015,Yash Kulkarni,Nagpur,West,Laptop Pro 14,Electronics,3,85000,0.05,242250.0,75859.45
ORD00788,2025-11-17,C017,Dev Malhotra,Chandigarh,North,Laptop Pro 14,Electronics,2,85000,0.0,170000.0,43023.91
ORD00789,2025-05-10,C014,Kiara Roy,Patna,East,Backpack,Accessories,3,2200,0.0,6600.0,2269.09
ORD00790,2025-03-20,C015,Yash Kulkarni,Nagpur,West,Office Chair,Furniture,5,9500,0.05,45125.0,13213.32
ORD00791,2024-09-01,C003,Rohan Deshmukh,Nashik,West,File Organizer,Stationery,5,380,0.15,1615.0,253.13
ORD00792,2024-08-04,C002,Isha Patel,Pune,West,Notebook Pack,Stationery,5,450,0.05,2137.5,720.1
ORD00793,2025-07-24,C018,Aanya Iyer,Coimbatore,South,Wireless Mouse,Electronics,4,1200,0.1,4320.0,849.84
ORD00794,2024-01-13,C007,Arjun Nair,Chennai,South,File Organizer,Stationery,3,380,0.1,1026.0,354.76
ORD00795,2025-02-22,C017,Dev Malhotra,Chandigarh,North,Mechanical Keyboard,Electronics,3,4500,0.0,13500.0,3830.35
ORD00796,2024-05-01,C016,Tara Menon,Kochi,South,File Organizer,Stationery,5,380,0.05,1805.0,361.28
ORD00797,2024-02-19,C001,Aarav Sharma,Mumbai,West,Mechanical Keyboard,Electronics,4,4500,0.05,17100.0,4227.04
ORD00798,2025-02-01,C005,Kabir Verma,Jaipur,North,USB-C Cable,Accessories,4,750,0.1,2700.0,942.51
ORD00799,2024-07-08,C004,Ananya Singh,Delhi,North,Backpack,Accessories,2,2200,0.0,4400.0,1074.19
ORD00800,2024-10-13,C003,Rohan Deshmukh,Nashik,West,Office Chair,Furniture,3,9500,0.05,27075.0,8760.61
ORD00801,2025-08-05,C012,Myra Kapoor,Lucknow,North,Mechanical Keyboard,Electronics,2,4500,0.05,8550.0,2815.74
ORD00802,2025-04-02,C006,Meera Joshi,Bengaluru,South,Wireless Mouse,Electronics,2,1200,0.1,2160.0,562.34
ORD00803,2025-07-25,C002,Isha Patel,Pune,West,Premium Pen Set,Stationery,5,650,0.1,2925.0,1034.76
ORD00804,2025-09-25,C014,Kiara Roy,Patna,East,File Organizer,Stationery,4,380,0.1,1368.0,334.25
ORD00805,2025-09-09,C018,Aanya Iyer,Coimbatore,South,USB-C Cable,Accessories,2,750,0.1,1350.0,387.46
ORD00806,2024-07-30,C006,Meera Joshi,Bengaluru,South,Bookshelf,Furniture,3,5800,0.1,15660.0,2684.86
ORD00807,2025-02-04,C004,Ananya Singh,Delhi,North,USB-C Cable,Accessories,4,750,0.0,3000.0,1133.47
ORD00808,2025-02-19,C006,Meera Joshi,Bengaluru,South,Mechanical Keyboard,Electronics,1,4500,0.05,4275.0,960.03
ORD00809,2025-05-29,C009,Vivaan Gupta,Kolkata,East,File Organizer,Stationery,4,380,0.1,1368.0,277.23
ORD00810,2024-04-22,C009,Vivaan Gupta,Kolkata,East,LED Table Lamp,Furniture,2,1800,0.1,3240.0,991.67
ORD00811,2024-02-16,C020,Sara Khan,Bhopal,Central,Study Desk,Furniture,1,7200,0.0,7200.0,2777.85
ORD00812,2025-01-02,C015,Yash Kulkarni,Nagpur,West,LED Table Lamp,Furniture,2,1800,0.15,3060.0,911.43
ORD00813,2024-11-09,C009,Vivaan Gupta,Kolkata,East,LED Table Lamp,Furniture,3,1800,0.1,4860.0,1551.94
ORD00814,2024-04-08,C011,Aditya Mehta,Ahmedabad,West,Premium Pen Set,Stationery,5,650,0.15,2762.5,243.95
ORD00815,2025-05-17,C017,Dev Malhotra,Chandigarh,North,Travel Bottle,Accessories,2,900,0.15,1530.0,334.93
ORD00816,2024-02-23,C011,Aditya Mehta,Ahmedabad,West,Laptop Pro 14,Electronics,3,85000,0.05,242250.0,92888.73
ORD00817,2025-10-17,C006,Meera Joshi,Bengaluru,South,LED Table Lamp,Furniture,4,1800,0.05,6840.0,2307.06
ORD00818,2024-10-24,C012,Myra Kapoor,Lucknow,North,File Organizer,Stationery,5,380,0.1,1710.0,605.62
ORD00819,2025-04-18,C015,Yash Kulkarni,Nagpur,West,USB-C Cable,Accessories,4,750,0.05,2850.0,610.58
ORD00820,2024-01-17,C017,Dev Malhotra,Chandigarh,North,Bookshelf,Furniture,4,5800,0.15,19720.0,1946.95
ORD00821,2025-12-20,C004,Ananya Singh,Delhi,North,File Organizer,Stationery,5,380,0.1,1710.0,498.82
ORD00822,2025-10-24,C016,Tara Menon,Kochi,South,Travel Bottle,Accessories,2,900,0.1,1620.0,262.57
ORD00823,2025-01-15,C005,Kabir Verma,Jaipur,North,Backpack,Accessories,3,2200,0.05,6270.0,1526.18
ORD00824,2025-03-11,C019,Neil Bhat,Indore,West,Backpack,Accessories,2,2200,0.0,4400.0,1587.18
ORD00825,2024-11-06,C020,Sara Khan,Bhopal,Central,Backpack,Accessories,4,2200,0.1,7920.0,2206.06
ORD00826,2024-08-11,C016,Tara Menon,Kochi,South,Wireless Mouse,Electronics,5,1200,0.15,5100.0,918.19
ORD00827,2025-04-15,C002,Isha Patel,Pune,West,Backpack,Accessories,3,2200,0.1,5940.0,1769.03
ORD00828,2025-06-17,C020,Sara Khan,Bhopal,Central,Bluetooth Headphones,Electronics,4,3200,0.0,12800.0,5091.49
ORD00829,2025-07-03,C006,Meera Joshi,Bengaluru,South,Bluetooth Headphones,Electronics,1,3200,0.0,3200.0,994.83
ORD00830,2024-02-19,C018,Aanya Iyer,Coimbatore,South,Smartphone X,Electronics,4,42000,0.1,151200.0,35778.88
ORD00831,2024-10-04,C004,Ananya Singh,Delhi,North,Backpack,Accessories,4,2200,0.0,8800.0,1949.06
ORD00832,2025-09-09,C007,Arjun Nair,Chennai,South,Bluetooth Headphones,Electronics,3,3200,0.0,9600.0,3356.53
ORD00833,2024-06-11,C019,Neil Bhat,Indore,West,USB-C Cable,Accessories,5,750,0.1,3375.0,874.23
ORD00834,2024-05-17,C002,Isha Patel,Pune,West,Wireless Mouse,Electronics,4,1200,0.1,4320.0,1055.32
ORD00835,2024-01-16,C014,Kiara Roy,Patna,East,Study Desk,Furniture,5,7200,0.05,34200.0,11311.65
ORD00836,2024-12-06,C004,Ananya Singh,Delhi,North,Study Desk,Furniture,2,7200,0.1,12960.0,3877.68
ORD00837,2025-12-21,C001,Aarav Sharma,Mumbai,West,Premium Pen Set,Stationery,4,650,0.0,2600.0,752.91
ORD00838,2024-06-29,C010,Diya Das,Bhubaneswar,East,Study Desk,Furniture,2,7200,0.1,12960.0,3134.48
ORD00839,2025-06-14,C011,Aditya Mehta,Ahmedabad,West,Bookshelf,Furniture,2,5800,0.1,10440.0,1747.22
ORD00840,2024-01-12,C003,Rohan Deshmukh,Nashik,West,Notebook Pack,Stationery,3,450,0.1,1215.0,269.15
ORD00841,2025-10-17,C002,Isha Patel,Pune,West,File Organizer,Stationery,4,380,0.05,1444.0,328.75
ORD00842,2025-01-15,C010,Diya Das,Bhubaneswar,East,File Organizer,Stationery,2,380,0.0,760.0,224.15
ORD00843,2024-12-26,C010,Diya Das,Bhubaneswar,East,USB-C Cable,Accessories,5,750,0.1,3375.0,1040.75
ORD00844,2024-07-03,C020,Sara Khan,Bhopal,Central,Wireless Mouse,Electronics,3,1200,0.0,3600.0,794.23
ORD00845,2024-06-08,C002,Isha Patel,Pune,West,File Organizer,Stationery,1,380,0.05,361.0,139.56
ORD00846,2025-05-19,C002,Isha Patel,Pune,West,Bluetooth Headphones,Electronics,4,3200,0.1,11520.0,2373.51
ORD00847,2025-11-06,C002,Isha Patel,Pune,West,USB-C Cable,Accessories,1,750,0.2,600.0,157.44
ORD00848,2025-06-07,C005,Kabir Verma,Jaipur,North,File Organizer,Stationery,4,380,0.1,1368.0,334.32
ORD00849,2025-09-13,C014,Kiara Roy,Patna,East,Smartphone X,Electronics,2,42000,0.0,84000.0,21836.53
ORD00850,2024-11-09,C012,Myra Kapoor,Lucknow,North,Office Chair,Furniture,4,9500,0.2,30400.0,2836.02
ORD00851,2025-09-30,C016,Tara Menon,Kochi,South,Backpack,Accessories,4,2200,0.1,7920.0,2274.12
ORD00852,2024-06-12,C020,Sara Khan,Bhopal,Central,Wireless Mouse,Electronics,3,1200,0.05,3420.0,787.44
ORD00853,2025-02-03,C005,Kabir Verma,Jaipur,North,Bluetooth Headphones,Electronics,5,3200,0.1,14400.0,3220.92
ORD00854,2025-12-18,C006,Meera Joshi,Bengaluru,South,File Organizer,Stationery,1,380,0.1,342.0,79.3
ORD00855,2025-12-11,C014,Kiara Roy,Patna,East,USB-C Cable,Accessories,4,750,0.15,2550.0,533.6
ORD00856,2025-07-09,C002,Isha Patel,Pune,West,Smartphone X,Electronics,5,42000,0.15,178500.0,29614.08
ORD00857,2024-07-24,C015,Yash Kulkarni,Nagpur,West,Premium Pen Set,Stationery,1,650,0.0,650.0,231.05
ORD00858,2025-04-20,C019,Neil Bhat,Indore,West,Travel Bottle,Accessories,5,900,0.2,3600.0,480.83
ORD00859,2024-07-19,C006,Meera Joshi,Bengaluru,South,USB-C Cable,Accessories,1,750,0.05,712.5,177.56
ORD00860,2025-05-22,C008,Sanya Rao,Hyderabad,South,Study Desk,Furniture,1,7200,0.05,6840.0,2524.83
ORD00861,2025-08-09,C007,Arjun Nair,Chennai,South,USB-C Cable,Accessories,3,750,0.1,2025.0,326.87
ORD00862,2025-09-02,C020,Sara Khan,Bhopal,Central,Travel Bottle,Accessories,3,900,0.15,2295.0,552.45
ORD00863,2024-04-20,C001,Aarav Sharma,Mumbai,West,Laptop Pro 14,Electronics,2,85000,0.1,153000.0,31205.48
ORD00864,2024-01-29,C016,Tara Menon,Kochi,South,Mechanical Keyboard,Electronics,1,4500,0.1,4050.0,1324.51
ORD00865,2025-04-19,C012,Myra Kapoor,Lucknow,North,File Organizer,Stationery,4,380,0.1,1368.0,257.34
ORD00866,2024-08-30,C019,Neil Bhat,Indore,West,Office Chair,Furniture,3,9500,0.1,25650.0,8056.15
ORD00867,2024-07-06,C020,Sara Khan,Bhopal,Central,USB-C Cable,Accessories,5,750,0.1,3375.0,1025.59
ORD00868,2024-07-18,C010,Diya Das,Bhubaneswar,East,Notebook Pack,Stationery,3,450,0.05,1282.5,341.4
ORD00869,2024-05-16,C020,Sara Khan,Bhopal,Central,Bookshelf,Furniture,3,5800,0.15,14790.0,1303.35
ORD00870,2024-07-25,C014,Kiara Roy,Patna,East,Premium Pen Set,Stationery,2,650,0.05,1235.0,238.54
ORD00871,2025-09-01,C011,Aditya Mehta,Ahmedabad,West,Mechanical Keyboard,Electronics,4,4500,0.05,17100.0,4450.9
ORD00872,2025-07-30,C003,Rohan Deshmukh,Nashik,West,Bookshelf,Furniture,3,5800,0.0,17400.0,4198.15
ORD00873,2024-09-19,C011,Aditya Mehta,Ahmedabad,West,Study Desk,Furniture,5,7200,0.2,28800.0,2876.89
ORD00874,2025-10-13,C011,Aditya Mehta,Ahmedabad,West,Mechanical Keyboard,Electronics,5,4500,0.1,20250.0,3904.25
ORD00875,2025-12-20,C013,Reyansh Shah,Surat,West,LED Table Lamp,Furniture,5,1800,0.1,8100.0,2283.57
ORD00876,2025-09-21,C004,Ananya Singh,Delhi,North,Premium Pen Set,Stationery,1,650,0.1,585.0,168.06
ORD00877,2024-12-13,C009,Vivaan Gupta,Kolkata,East,Study Desk,Furniture,5,7200,0.0,36000.0,10911.29
ORD00878,2025-01-01,C019,Neil Bhat,Indore,West,Laptop Pro 14,Electronics,4,85000,0.0,340000.0,138644.88
ORD00879,2024-12-13,C017,Dev Malhotra,Chandigarh,North,Mechanical Keyboard,Electronics,4,4500,0.05,17100.0,6245.47
ORD00880,2024-08-04,C019,Neil Bhat,Indore,West,Office Chair,Furniture,2,9500,0.1,17100.0,3737.57
ORD00881,2024-09-02,C020,Sara Khan,Bhopal,Central,Notebook Pack,Stationery,1,450,0.15,382.5,63.11
ORD00882,2025-12-22,C017,Dev Malhotra,Chandigarh,North,LED Table Lamp,Furniture,2,1800,0.05,3420.0,898.7
ORD00883,2025-01-15,C018,Aanya Iyer,Coimbatore,South,Office Chair,Furniture,3,9500,0.05,27075.0,9822.1
ORD00884,2024-07-06,C002,Isha Patel,Pune,West,Bluetooth Headphones,Electronics,1,3200,0.1,2880.0,577.15
ORD00885,2024-09-16,C001,Aarav Sharma,Mumbai,West,Study Desk,Furniture,2,7200,0.15,12240.0,2226.29
ORD00886,2024-10-18,C018,Aanya Iyer,Coimbatore,South,Bluetooth Headphones,Electronics,3,3200,0.1,8640.0,1933.88
ORD00887,2025-01-11,C018,Aanya Iyer,Coimbatore,South,File Organizer,Stationery,4,380,0.15,1292.0,240.66
ORD00888,2024-07-05,C004,Ananya Singh,Delhi,North,Smartphone X,Electronics,1,42000,0.1,37800.0,10759.36
ORD00889,2024-02-08,C009,Vivaan Gupta,Kolkata,East,Bluetooth Headphones,Electronics,3,3200,0.1,8640.0,1313.69
ORD00890,2025-06-13,C007,Arjun Nair,Chennai,South,Backpack,Accessories,1,2200,0.05,2090.0,379.39
ORD00891,2024-03-30,C013,Reyansh Shah,Surat,West,Office Chair,Furniture,4,9500,0.0,38000.0,12878.79
ORD00892,2024-04-10,C018,Aanya Iyer,Coimbatore,South,USB-C Cable,Accessories,5,750,0.0,3750.0,903.7
ORD00893,2024-08-16,C012,Myra Kapoor,Lucknow,North,Office Chair,Furniture,3,9500,0.05,27075.0,5563.91
ORD00894,2025-06-24,C001,Aarav Sharma,Mumbai,West,Premium Pen Set,Stationery,5,650,0.05,3087.5,783.93
ORD00895,2024-06-20,C018,Aanya Iyer,Coimbatore,South,Mechanical Keyboard,Electronics,3,4500,0.05,12825.0,2964.25
ORD00896,2024-07-04,C001,Aarav Sharma,Mumbai,West,File Organizer,Stationery,3,380,0.0,1140.0,378.22
ORD00897,2025-12-22,C004,Ananya Singh,Delhi,North,Laptop Pro 14,Electronics,2,85000,0.1,153000.0,35540.64
ORD00898,2024-06-20,C006,Meera Joshi,Bengaluru,South,Notebook Pack,Stationery,1,450,0.05,427.5,165.19
ORD00899,2024-05-23,C014,Kiara Roy,Patna,East,Study Desk,Furniture,4,7200,0.05,27360.0,10573.45
ORD00900,2025-03-08,C009,Vivaan Gupta,Kolkata,East,Notebook Pack,Stationery,5,450,0.15,1912.5,236.32
ORD00901,2024-07-15,C010,Diya Das,Bhubaneswar,East,Smartphone X,Electronics,3,42000,0.0,126000.0,36123.65
ORD00902,2024-05-02,C015,Yash Kulkarni,Nagpur,West,Mechanical Keyboard,Electronics,3,4500,0.1,12150.0,3660.76
ORD00903,2024-02-04,C006,Meera Joshi,Bengaluru,South,File Organizer,Stationery,5,380,0.2,1520.0,82.25
ORD00904,2025-06-03,C020,Sara Khan,Bhopal,Central,USB-C Cable,Accessories,4,750,0.0,3000.0,1244.51
ORD00905,2024-05-15,C016,Tara Menon,Kochi,South,Backpack,Accessories,3,2200,0.15,5610.0,1045.61
ORD00906,2024-11-28,C007,Arjun Nair,Chennai,South,USB-C Cable,Accessories,2,750,0.0,1500.0,467.62
ORD00907,2025-03-03,C001,Aarav Sharma,Mumbai,West,Notebook Pack,Stationery,3,450,0.1,1215.0,309.34
ORD00908,2025-01-03,C018,Aanya Iyer,Coimbatore,South,File Organizer,Stationery,1,380,0.0,380.0,150.23
ORD00909,2025-01-02,C014,Kiara Roy,Patna,East,LED Table Lamp,Furniture,4,1800,0.05,6840.0,1239.11
ORD00910,2025-03-02,C018,Aanya Iyer,Coimbatore,South,Travel Bottle,Accessories,5,900,0.0,4500.0,1632.69
ORD00911,2024-11-10,C019,Neil Bhat,Indore,West,Bookshelf,Furniture,3,5800,0.1,15660.0,4128.4
ORD00912,2025-04-12,C001,Aarav Sharma,Mumbai,West,Bluetooth Headphones,Electronics,1,3200,0.0,3200.0,731.7
ORD00913,2025-06-01,C016,Tara Menon,Kochi,South,Bookshelf,Furniture,5,5800,0.0,29000.0,11617.6
ORD00914,2024-04-27,C018,Aanya Iyer,Coimbatore,South,USB-C Cable,Accessories,2,750,0.1,1350.0,315.92
ORD00915,2025-01-04,C015,Yash Kulkarni,Nagpur,West,USB-C Cable,Accessories,4,750,0.0,3000.0,1091.64
ORD00916,2025-03-14,C011,Aditya Mehta,Ahmedabad,West,Mechanical Keyboard,Electronics,3,4500,0.05,12825.0,3139.3
ORD00917,2024-01-14,C013,Reyansh Shah,Surat,West,File Organizer,Stationery,1,380,0.1,342.0,65.38
ORD00918,2025-12-26,C019,Neil Bhat,Indore,West,Wireless Mouse,Electronics,4,1200,0.1,4320.0,1132.79
ORD00919,2025-11-29,C001,Aarav Sharma,Mumbai,West,Mechanical Keyboard,Electronics,4,4500,0.15,15300.0,1740.88
ORD00920,2024-06-25,C005,Kabir Verma,Jaipur,North,Notebook Pack,Stationery,3,450,0.0,1350.0,454.73
ORD00921,2025-08-14,C006,Meera Joshi,Bengaluru,South,Backpack,Accessories,4,2200,0.2,7040.0,1698.02
ORD00922,2025-02-22,C013,Reyansh Shah,Surat,West,Travel Bottle,Accessories,4,900,0.1,3240.0,740.31
ORD00923,2024-03-25,C009,Vivaan Gupta,Kolkata,East,Laptop Pro 14,Electronics,3,85000,0.1,229500.0,56926.07
ORD00924,2024-12-17,C013,Reyansh Shah,Surat,West,Premium Pen Set,Stationery,2,650,0.1,1170.0,374.02
ORD00925,2024-11-08,C007,Arjun Nair,Chennai,South,Study Desk,Furniture,3,7200,0.1,19440.0,6004.34
ORD00926,2024-10-29,C008,Sanya Rao,Hyderabad,South,Mechanical Keyboard,Electronics,2,4500,0.05,8550.0,3252.03
ORD00927,2024-12-12,C006,Meera Joshi,Bengaluru,South,Premium Pen Set,Stationery,1,650,0.1,585.0,154.39
ORD00928,2025-06-16,C008,Sanya Rao,Hyderabad,South,Backpack,Accessories,5,2200,0.05,10450.0,3371.93
ORD00929,2025-09-20,C017,Dev Malhotra,Chandigarh,North,File Organizer,Stationery,1,380,0.0,380.0,135.35
ORD00930,2024-10-23,C006,Meera Joshi,Bengaluru,South,Premium Pen Set,Stationery,1,650,0.0,650.0,261.13
ORD00931,2024-03-15,C014,Kiara Roy,Patna,East,Wireless Mouse,Electronics,3,1200,0.0,3600.0,1172.41
ORD00932,2025-10-25,C019,Neil Bhat,Indore,West,Wireless Mouse,Electronics,1,1200,0.05,1140.0,413.91
ORD00933,2024-02-04,C001,Aarav Sharma,Mumbai,West,Bluetooth Headphones,Electronics,1,3200,,3200.0,792.53
ORD00934,2025-05-05,C002,Isha Patel,Pune,West,LED Table Lamp,Furniture,2,1800,0.1,3240.0,569.96
ORD00935,2024-01-25,C016,Tara Menon,Kochi,South,Office Chair,Furniture,3,9500,0.05,27075.0,8678.7
ORD00936,2025-04-25,C002,Isha Patel,Pune,West,File Organizer,Stationery,2,380,0.05,722.0,196.82
ORD00937,2025-10-07,C006,Meera Joshi,Bengaluru,South,LED Table Lamp,Furniture,3,1800,0.0,5400.0,2082.42
ORD00938,2025-06-25,C020,Sara Khan,Bhopal,Central,Wireless Mouse,Electronics,4,1200,0.0,4800.0,1670.04
ORD00939,2025-04-23,C015,Yash Kulkarni,Nagpur,West,Bluetooth Headphones,Electronics,1,3200,0.05,3040.0,996.14
ORD00940,2024-07-27,C016,Tara Menon,Kochi,South,USB-C Cable,Accessories,3,750,0.1,2025.0,401.84
ORD00941,2024-09-17,C020,Sara Khan,Bhopal,Central,USB-C Cable,Accessories,2,750,0.15,1275.0,160.18
ORD00942,2025-09-12,C010,Diya Das,Bhubaneswar,East,Backpack,Accessories,1,2200,0.15,1870.0,572.34
ORD00943,2024-12-31,C009,Vivaan Gupta,Kolkata,East,Travel Bottle,Accessories,5,900,0.0,4500.0,1077.1
ORD00944,2024-10-24,C013,Reyansh Shah,Surat,West,Bluetooth Headphones,Electronics,5,3200,0.1,14400.0,4354.99
ORD00945,2024-03-13,C020,Sara Khan,Bhopal,Central,Study Desk,Furniture,2,7200,0.1,12960.0,1924.71
ORD00946,2025-09-06,C008,Sanya Rao,Hyderabad,South,Study Desk,Furniture,5,7200,0.15,30600.0,7535.62
ORD00947,2024-06-27,C005,Kabir Verma,Jaipur,North,Study Desk,Furniture,1,7200,0.0,7200.0,2550.88
ORD00948,2024-07-01,C017,Dev Malhotra,Chandigarh,North,Backpack,Accessories,2,2200,0.2,3520.0,591.2
ORD00949,2024-04-15,C006,Meera Joshi,Bengaluru,South,Mechanical Keyboard,Electronics,2,4500,0.0,9000.0,3408.15
ORD00950,2024-07-10,C005,Kabir Verma,Jaipur,North,Mechanical Keyboard,Electronics,3,4500,0.0,13500.0,4256.8
ORD00951,2024-11-13,C016,Tara Menon,Kochi,South,Bookshelf,Furniture,1,5800,0.05,5510.0,1274.52
ORD00952,2025-06-30,C014,Kiara Roy,Patna,East,Laptop Pro 14,Electronics,3,85000,0.2,204000.0,36889.5
ORD00953,2025-04-11,C017,Dev Malhotra,Chandigarh,North,LED Table Lamp,Furniture,3,1800,0.0,5400.0,1925.7
ORD00954,2025-05-14,C019,Neil Bhat,Indore,West,Notebook Pack,Stationery,1,450,0.05,427.5,89.22
ORD00955,2024-06-03,C010,Diya Das,Bhubaneswar,East,Wireless Mouse,Electronics,4,1200,0.0,4800.0,1353.29
ORD00956,2024-08-02,C006,Meera Joshi,Bengaluru,South,Backpack,Accessories,1,2200,0.0,2200.0,629.48
ORD00957,2024-11-26,C019,Neil Bhat,Indore,West,Travel Bottle,Accessories,2,900,0.0,1800.0,692.23
ORD00958,2024-07-07,C014,Kiara Roy,Patna,East,Mechanical Keyboard,Electronics,2,4500,0.0,9000.0,2551.23
ORD00959,2024-08-09,C008,Sanya Rao,Hyderabad,South,Mechanical Keyboard,Electronics,4,4500,0.05,17100.0,3840.42
ORD00960,2024-11-22,C009,Vivaan Gupta,Kolkata,East,Backpack,Accessories,1,2200,0.1,1980.0,667.94
ORD00961,2025-12-08,C003,Rohan Deshmukh,Nashik,West,Premium Pen Set,Stationery,3,650,0.0,1950.0,798.08
ORD00962,2024-10-09,C001,Aarav Sharma,Mumbai,West,Premium Pen Set,Stationery,4,650,0.0,2600.0,665.31
ORD00963,2024-10-24,C001,Aarav Sharma,Mumbai,West,Wireless Mouse,Electronics,4,1200,0.1,4320.0,1240.44
ORD00964,2024-07-27,C003,Rohan Deshmukh,Nashik,West,Smartphone X,Electronics,3,42000,0.1,113400.0,37663.89
ORD00965,2024-04-25,C014,Kiara Roy,Patna,East,USB-C Cable,Accessories,5,750,0.15,3187.5,906.0
ORD00966,2024-01-24,C020,Sara Khan,Bhopal,Central,Study Desk,Furniture,2,7200,0.05,13680.0,2775.22
ORD00967,2024-11-30,C015,Yash Kulkarni,Nagpur,West,Office Chair,Furniture,3,9500,0.1,25650.0,5521.16
ORD00968,2025-08-13,C003,Rohan Deshmukh,Nashik,West,Travel Bottle,Accessories,5,900,0.05,4275.0,967.05
ORD00969,2024-12-17,C020,Sara Khan,Bhopal,Central,Laptop Pro 14,Electronics,5,85000,0.2,340000.0,62123.42
ORD00970,2024-08-23,C014,Kiara Roy,Patna,East,LED Table Lamp,Furniture,5,1800,0.1,8100.0,2086.8
ORD00971,2025-04-21,C006,Meera Joshi,Bengaluru,South,Travel Bottle,Accessories,3,900,0.0,2700.0,1094.38
ORD00972,2025-08-23,C020,Sara Khan,Bhopal,Central,Smartphone X,Electronics,5,42000,0.1,189000.0,58980.07
ORD00973,2024-11-01,C017,Dev Malhotra,Chandigarh,North,Premium Pen Set,Stationery,1,650,0.05,617.5,234.51
ORD00974,2024-05-11,C007,Arjun Nair,Chennai,South,Wireless Mouse,Electronics,1,1200,0.2,960.0,159.54
ORD00975,2025-10-21,C016,Tara Menon,Kochi,South,Mechanical Keyboard,Electronics,1,4500,0.1,4050.0,1009.17
ORD00976,2025-03-01,C002,Isha Patel,Pune,West,LED Table Lamp,Furniture,3,1800,0.15,4590.0,546.61
ORD00977,2024-10-04,C002,Isha Patel,Pune,West,Study Desk,Furniture,5,7200,0.0,36000.0,14633.25
ORD00978,2025-06-13,C007,Arjun Nair,Chennai,South,Laptop Pro 14,Electronics,1,85000,0.1,76500.0,21969.05
ORD00979,2024-05-04,C018,Aanya Iyer,Coimbatore,South,Premium Pen Set,Stationery,3,650,0.1,1755.0,346.71
ORD00980,2024-04-15,C009,Vivaan Gupta,Kolkata,East,Study Desk,Furniture,4,7200,0.15,24480.0,7153.75
ORD00981,2025-08-21,C018,Aanya Iyer,Coimbatore,South,Notebook Pack,Stationery,1,450,0.05,427.5,94.28
ORD00982,2024-04-22,C005,Kabir Verma,Jaipur,North,Premium Pen Set,Stationery,5,650,0.1,2925.0,480.06
ORD00983,2024-06-30,C019,Neil Bhat,Indore,West,Travel Bottle,Accessories,2,900,0.1,1620.0,562.43
ORD00984,2024-03-11,C018,Aanya Iyer,Coimbatore,South,Notebook Pack,Stationery,2,450,0.1,810.0,109.42
ORD00985,2024-02-21,C018,Aanya Iyer,Coimbatore,South,Premium Pen Set,Stationery,5,650,0.1,2925.0,815.37
ORD00986,2025-03-06,C012,Myra Kapoor,Lucknow,North,Notebook Pack,Stationery,3,450,0.0,1350.0,562.07
ORD00987,2025-06-15,C006,Meera Joshi,Bengaluru,South,Bookshelf,Furniture,1,5800,0.2,4640.0,1117.06
ORD00988,2025-01-18,C015,Yash Kulkarni,Nagpur,West,Study Desk,Furniture,3,7200,0.05,20520.0,7726.64
ORD00989,2025-09-02,C011,Aditya Mehta,Ahmedabad,West,Bluetooth Headphones,Electronics,5,3200,0.1,14400.0,3401.47
ORD00990,2025-06-26,C016,Tara Menon,Kochi,South,Wireless Mouse,Electronics,2,1200,0.05,2280.0,734.21
ORD00991,2024-07-25,C014,Kiara Roy,Patna,East,Bookshelf,Furniture,3,5800,0.1,15660.0,5137.02
ORD00992,2025-04-26,C003,Rohan Deshmukh,Nashik,West,Wireless Mouse,Electronics,5,1200,0.0,6000.0,1482.42
ORD00993,2025-12-10,C005,Kabir Verma,Jaipur,North,Laptop Pro 14,Electronics,3,85000,0.05,242250.0,56718.1
ORD00994,2025-06-11,C012,Myra Kapoor,Lucknow,North,Premium Pen Set,Stationery,5,650,0.05,3087.5,1064.51
ORD00995,2024-03-05,C004,Ananya Singh,Delhi,North,Notebook Pack,Stationery,3,450,0.0,1350.0,350.2
ORD00996,2025-01-25,C012,Myra Kapoor,Lucknow,North,Smartphone X,Electronics,4,42000,0.05,159600.0,49490.99
ORD00997,2025-03-27,C014,Kiara Roy,Patna,East,Travel Bottle,Accessories,3,900,0.1,2430.0,759.09
ORD00998,2024-03-21,C005,Kabir Verma,Jaipur,North,File Organizer,Stationery,1,380,0.1,342.0,109.76
ORD00999,2025-05-15,C006,Meera Joshi,Bengaluru,South,Mechanical Keyboard,Electronics,2,4500,0.0,9000.0,3445.27
ORD01000,2025-06-18,C013,Reyansh Shah,Surat,West,Study Desk,Furniture,4,7200,0.2,23040.0,2104.08
ORD01001,2025-07-01,C013,Reyansh Shah,Surat,West,Study Desk,Furniture,3,7200,0.15,18360.0,5222.02
ORD01002,2025-07-20,C001,Aarav Sharma,Mumbai,West,Study Desk,Furniture,5,7200,0.05,34200.0,8800.78
ORD01003,2025-02-16,C002,Isha Patel,Pune,West,Laptop Pro 14,Electronics,1,85000,0.1,76500.0,14522.8
ORD01004,2024-11-09,C018,Aanya Iyer,Coimbatore,South,Premium Pen Set,Stationery,1,650,0.05,617.5,199.72
ORD01005,2025-06-01,C007,Arjun Nair,Chennai,South,Notebook Pack,Stationery,2,450,0.1,810.0,141.41
ORD01006,2024-05-05,C017,Dev Malhotra,Chandigarh,North,Laptop Pro 14,Electronics,2,85000,0.2,136000.0,15035.98
ORD01007,2025-12-16,C016,Tara Menon,Kochi,South,LED Table Lamp,Furniture,3,1800,0.1,4860.0,1519.39
ORD01008,2024-07-05,C018,Aanya Iyer,Coimbatore,South,Notebook Pack,Stationery,2,450,0.05,855.0,239.89
ORD01009,2024-01-13,C015,Yash Kulkarni,Nagpur,West,LED Table Lamp,Furniture,4,1800,0.0,7200.0,2030.33
ORD01010,2025-12-15,C010,Diya Das,Bhubaneswar,East,LED Table Lamp,Furniture,5,1800,0.05,8550.0,3173.27
ORD01011,2024-02-10,C013,Reyansh Shah,Surat,West,Bookshelf,Furniture,1,5800,0.0,5800.0,1379.44
ORD01012,2024-05-09,C009,Vivaan Gupta,Kolkata,East,Bluetooth Headphones,Electronics,1,3200,0.0,3200.0,978.94
ORD01013,2024-04-03,C008,Sanya Rao,Hyderabad,South,Notebook Pack,Stationery,3,450,0.0,1350.0,447.18
ORD01014,2024-05-31,C010,Diya Das,Bhubaneswar,East,Backpack,Accessories,1,2200,0.0,2200.0,850.86
ORD01015,2024-04-10,C013,Reyansh Shah,Surat,West,Wireless Mouse,Electronics,1,1200,0.05,1140.0,261.64
ORD01016,2024-05-11,C018,Aanya Iyer,Coimbatore,South,Premium Pen Set,Stationery,4,650,0.1,2340.0,530.94
ORD01017,2025-09-11,C009,Vivaan Gupta,Kolkata,East,Backpack,Accessories,3,2200,0.05,6270.0,2142.39
ORD01018,2025-06-14,C020,Sara Khan,Bhopal,Central,Notebook Pack,Stationery,1,450,0.1,405.0,120.44
ORD01019,2025-03-08,C018,Aanya Iyer,Coimbatore,South,Smartphone X,Electronics,3,42000,0.05,119700.0,23699.38
ORD01020,2024-09-29,C012,Myra Kapoor,Lucknow,North,Laptop Pro 14,Electronics,4,85000,0.15,289000.0,68554.27
ORD01021,2024-02-18,C003,Rohan Deshmukh,Nashik,West,Bookshelf,Furniture,4,5800,0.1,20880.0,4633.58
ORD01022,2024-02-15,C014,Kiara Roy,Patna,East,Bluetooth Headphones,Electronics,5,3200,0.1,14400.0,3692.94
ORD01023,2025-06-20,C010,Diya Das,Bhubaneswar,East,Office Chair,Furniture,2,9500,0.1,17100.0,4316.02
ORD01024,2024-05-13,C016,Tara Menon,Kochi,South,Bluetooth Headphones,Electronics,1,3200,0.0,3200.0,1271.78
ORD01025,2024-11-29,C007,Arjun Nair,Chennai,South,Laptop Pro 14,Electronics,2,85000,0.0,170000.0,58463.62
ORD01026,2025-03-11,C004,Ananya Singh,Delhi,North,Backpack,Accessories,2,2200,0.2,3520.0,592.15
ORD01027,2024-10-12,C017,Dev Malhotra,Chandigarh,North,File Organizer,Stationery,2,380,0.1,684.0,135.69
ORD01028,2025-12-28,C002,Isha Patel,Pune,West,File Organizer,Stationery,2,380,0.1,684.0,178.03
ORD01029,2025-07-31,C010,Diya Das,Bhubaneswar,East,LED Table Lamp,Furniture,5,1800,0.1,8100.0,1369.62
ORD01030,2025-01-14,C002,Isha Patel,Pune,West,Bluetooth Headphones,Electronics,4,3200,0.1,11520.0,2559.36
ORD01031,2024-09-24,C008,Sanya Rao,Hyderabad,South,Wireless Mouse,Electronics,4,1200,0.05,4560.0,1478.96
ORD01032,2025-07-09,C014,Kiara Roy,Patna,East,Office Chair,Furniture,5,9500,0.15,40375.0,11690.88
ORD01033,2025-06-07,C020,Sara Khan,Bhopal,Central,Premium Pen Set,Stationery,5,650,0.05,3087.5,894.77
ORD01034,2025-07-13,C019,Neil Bhat,Indore,West,Office Chair,Furniture,4,9500,0.15,32300.0,9590.18
ORD01035,2025-10-08,C005,Kabir Verma,Jaipur,North,Premium Pen Set,Stationery,3,650,0.0,1950.0,543.42
ORD01036,2024-10-19,C009,Vivaan Gupta,Kolkata,East,USB-C Cable,Accessories,3,750,0.0,2250.0,849.71
ORD01037,2025-02-08,C008,Sanya Rao,Hyderabad,South,Smartphone X,Electronics,1,42000,0.1,37800.0,6233.35
ORD01038,2025-04-16,C003,Rohan Deshmukh,Nashik,West,Study Desk,Furniture,2,7200,0.15,12240.0,2368.55
ORD01039,2024-08-25,C002,Isha Patel,Pune,West,LED Table Lamp,Furniture,2,1800,0.1,3240.0,1064.66
ORD01040,2025-05-30,C010,Diya Das,Bhubaneswar,East,Backpack,Accessories,2,2200,0.05,4180.0,1084.87
ORD01041,2024-05-11,C018,Aanya Iyer,Coimbatore,South,Smartphone X,Electronics,3,42000,0.15,107100.0,14812.26
ORD01042,2025-01-26,C019,Neil Bhat,Indore,West,Premium Pen Set,Stationery,1,650,0.1,585.0,144.33
ORD01043,2025-06-03,C011,Aditya Mehta,Ahmedabad,West,File Organizer,Stationery,5,380,0.1,1710.0,299.0
ORD01044,2024-04-21,C008,Sanya Rao,Hyderabad,South,Bluetooth Headphones,Electronics,5,3200,0.05,15200.0,4298.61
ORD01045,2025-03-13,C018,Aanya Iyer,Coimbatore,South,Smartphone X,Electronics,5,42000,0.0,210000.0,85271.78
ORD01046,2024-01-20,C007,Arjun Nair,Chennai,South,LED Table Lamp,Furniture,1,1800,0.1,1620.0,274.89
ORD01047,2025-12-01,C012,Myra Kapoor,Lucknow,North,Office Chair,Furniture,4,9500,0.15,32300.0,9948.9
ORD01048,2025-01-24,C017,Dev Malhotra,Chandigarh,North,Mechanical Keyboard,Electronics,2,4500,0.0,9000.0,3195.7
ORD01049,2024-04-29,C008,Sanya Rao,Hyderabad,South,Smartphone X,Electronics,5,42000,0.05,199500.0,58481.84
ORD01050,2025-03-18,C018,Aanya Iyer,Coimbatore,South,Bookshelf,Furniture,4,5800,0.0,23200.0,5858.13
ORD01051,2024-10-24,C010,Diya Das,Bhubaneswar,East,Travel Bottle,Accessories,1,900,0.1,810.0,276.85
ORD01052,2024-01-25,C011,Aditya Mehta,Ahmedabad,West,Study Desk,Furniture,2,7200,0.05,13680.0,4104.13
ORD01053,2024-12-08,C007,Arjun Nair,Chennai,South,Bookshelf,Furniture,1,5800,0.15,4930.0,1261.61
ORD01054,2024-08-16,C002,Isha Patel,Pune,West,Bluetooth Headphones,Electronics,3,3200,0.15,8160.0,1927.3
ORD01055,2025-02-05,C014,Kiara Roy,Patna,East,Travel Bottle,Accessories,5,900,0.15,3825.0,1006.78
ORD01056,2024-12-08,C020,Sara Khan,Bhopal,Central,Laptop Pro 14,Electronics,3,85000,0.15,216750.0,40053.37
ORD01057,2024-06-09,C015,Yash Kulkarni,Nagpur,West,Backpack,Accessories,1,2200,0.05,2090.0,536.46
ORD01058,2024-10-01,C016,Tara Menon,Kochi,South,Laptop Pro 14,Electronics,4,85000,0.15,289000.0,87976.75
ORD01059,2025-06-13,C016,Tara Menon,Kochi,South,Smartphone X,Electronics,2,42000,0.1,75600.0,22684.3
ORD01060,2024-09-15,C008,Sanya Rao,Hyderabad,South,Premium Pen Set,Stationery,2,650,0.1,1170.0,390.11
ORD01061,2024-04-17,C018,Aanya Iyer,Coimbatore,South,Backpack,Accessories,5,2200,0.1,9900.0,3344.63
ORD01062,2024-10-08,C012,Myra Kapoor,Lucknow,North,Study Desk,Furniture,4,7200,0.15,24480.0,6850.98
ORD01063,2025-01-31,C005,Kabir Verma,Jaipur,North,Premium Pen Set,Stationery,2,650,0.1,1170.0,345.4
ORD01064,2024-12-31,C018,Aanya Iyer,Coimbatore,South,USB-C Cable,Accessories,2,750,0.05,1425.0,354.07
ORD01065,2025-02-19,C003,Rohan Deshmukh,Nashik,West,USB-C Cable,Accessories,4,750,0.1,2700.0,675.51
ORD01066,2024-01-11,C012,Myra Kapoor,Lucknow,North,Notebook Pack,Stationery,5,450,0.0,2250.0,798.22
ORD01067,2025-05-10,C013,Reyansh Shah,Surat,West,Backpack,Accessories,1,2200,0.2,1760.0,392.0
ORD01068,2025-10-24,C016,Tara Menon,Kochi,South,Travel Bottle,Accessories,5,900,0.2,3600.0,235.25
ORD01069,2025-11-01,C010,Diya Das,Bhubaneswar,East,LED Table Lamp,Furniture,4,1800,0.05,6840.0,1488.02
ORD01070,2024-12-18,C009,Vivaan Gupta,Kolkata,East,File Organizer,Stationery,5,380,0.15,1615.0,365.57
ORD01071,2024-11-07,C003,Rohan Deshmukh,Nashik,West,Smartphone X,Electronics,2,42000,0.15,71400.0,10056.09
ORD01072,2025-09-09,C013,Reyansh Shah,Surat,West,Notebook Pack,Stationery,3,450,0.15,1147.5,290.1
ORD01073,2025-06-28,C007,Arjun Nair,Chennai,South,Bookshelf,Furniture,1,5800,0.1,5220.0,777.89
ORD01074,2025-08-08,C011,Aditya Mehta,Ahmedabad,West,LED Table Lamp,Furniture,5,1800,0.05,8550.0,2893.94
ORD01075,2025-06-05,C012,Myra Kapoor,Lucknow,North,Office Chair,Furniture,4,9500,0.15,32300.0,9902.86
ORD01076,2024-10-07,C012,Myra Kapoor,Lucknow,North,Wireless Mouse,Electronics,4,1200,0.1,4320.0,921.23
ORD01077,2024-11-04,C018,Aanya Iyer,Coimbatore,South,Premium Pen Set,Stationery,3,650,0.1,1755.0,369.1
ORD01078,2024-08-13,C009,Vivaan Gupta,Kolkata,East,Travel Bottle,Accessories,4,900,0.05,3420.0,1235.99
ORD01079,2025-03-09,C015,Yash Kulkarni,Nagpur,West,File Organizer,Stationery,2,380,0.15,646.0,170.18
ORD01080,2025-05-27,C007,Arjun Nair,Chennai,South,Notebook Pack,Stationery,1,450,0.05,427.5,161.33
ORD01081,2025-11-16,C010,Diya Das,Bhubaneswar,East,Office Chair,Furniture,2,9500,0.1,17100.0,3553.99
ORD01082,2024-05-29,C004,Ananya Singh,Delhi,North,Laptop Pro 14,Electronics,3,85000,0.05,242250.0,68613.5
ORD01083,2025-07-14,C008,Sanya Rao,Hyderabad,South,Study Desk,Furniture,3,7200,0.1,19440.0,3210.47
ORD01084,2025-11-19,C016,Tara Menon,Kochi,South,LED Table Lamp,Furniture,5,1800,0.15,7650.0,1607.6
ORD01085,2025-04-22,C012,Myra Kapoor,Lucknow,North,Travel Bottle,Accessories,4,900,0.1,3240.0,655.83
ORD01086,2024-04-23,C018,Aanya Iyer,Coimbatore,South,Study Desk,Furniture,4,7200,0.0,28800.0,8929.63
ORD01087,2025-12-08,C012,Myra Kapoor,Lucknow,North,USB-C Cable,Accessories,2,750,0.15,1275.0,237.69
ORD01088,2024-07-25,C016,Tara Menon,,South,Smartphone X,Electronics,5,42000,0.05,199500.0,57984.91
ORD01089,2024-11-28,C019,Neil Bhat,Indore,West,Travel Bottle,Accessories,5,900,0.0,4500.0,1773.84
ORD01090,2025-04-12,C020,Sara Khan,Bhopal,Central,Mechanical Keyboard,Electronics,5,4500,0.0,22500.0,9407.05
ORD01091,2024-04-26,C004,Ananya Singh,Delhi,North,Premium Pen Set,Stationery,2,650,0.15,1105.0,349.14
ORD01092,2024-02-11,C009,Vivaan Gupta,Kolkata,East,Backpack,Accessories,5,2200,0.05,10450.0,3509.55
ORD01093,2025-03-19,C019,Neil Bhat,Indore,West,Smartphone X,Electronics,1,42000,0.1,37800.0,11072.67
ORD01094,2024-03-25,C017,Dev Malhotra,Chandigarh,North,LED Table Lamp,Furniture,1,1800,0.1,1620.0,527.6
ORD01095,2025-04-23,C020,Sara Khan,Bhopal,Central,Backpack,Accessories,3,2200,0.0,6600.0,1737.78
ORD01096,2025-11-03,C013,Reyansh Shah,Surat,West,Travel Bottle,Accessories,1,900,0.1,810.0,145.44
ORD01097,2025-01-12,C012,Myra Kapoor,Lucknow,North,Notebook Pack,Stationery,1,450,0.15,382.5,91.28
ORD01098,2025-06-16,C016,Tara Menon,Kochi,South,Bookshelf,Furniture,4,5800,0.05,22040.0,7290.86
ORD01099,2024-06-04,C005,Kabir Verma,Jaipur,North,Bookshelf,Furniture,5,5800,0.1,26100.0,7641.21
ORD01100,2025-08-27,C019,Neil Bhat,Indore,West,Laptop Pro 14,Electronics,1,85000,0.1,76500.0,13249.94
ORD01101,2024-08-14,C009,Vivaan Gupta,Kolkata,East,Bookshelf,Furniture,3,5800,0.1,15660.0,4323.01
ORD01102,2024-02-24,C020,Sara Khan,Bhopal,Central,Bluetooth Headphones,Electronics,4,3200,0.0,12800.0,4599.76
ORD01103,2025-01-02,C006,Meera Joshi,,South,Mechanical Keyboard,Electronics,5,4500,0.1,20250.0,3106.82
ORD01104,2025-05-23,C002,Isha Patel,Pune,West,Mechanical Keyboard,Electronics,3,4500,0.1,12150.0,2780.51
ORD01105,2025-07-07,C010,Diya Das,Bhubaneswar,East,Premium Pen Set,Stationery,4,650,0.1,2340.0,819.5
ORD01106,2024-09-14,C004,Ananya Singh,Delhi,North,Mechanical Keyboard,Electronics,1,4500,0.0,4500.0,1109.54
ORD01107,2024-03-21,C007,Arjun Nair,Chennai,South,Bluetooth Headphones,Electronics,5,3200,0.0,16000.0,6306.48
ORD01108,2025-10-31,C012,Myra Kapoor,Lucknow,North,Bluetooth Headphones,Electronics,5,3200,0.0,16000.0,4979.88
ORD01109,2024-01-14,C005,Kabir Verma,Jaipur,North,Wireless Mouse,Electronics,2,1200,0.2,1920.0,234.56
ORD01110,2025-06-12,C011,Aditya Mehta,Ahmedabad,West,Mechanical Keyboard,Electronics,1,4500,0.15,3825.0,1188.95
ORD01111,2024-09-21,C015,Yash Kulkarni,Nagpur,West,File Organizer,Stationery,4,380,0.1,1368.0,311.15
ORD01112,2024-07-29,C013,Reyansh Shah,Surat,West,File Organizer,Stationery,4,380,0.0,1520.0,570.19
ORD01113,2025-10-02,C010,Diya Das,Bhubaneswar,East,USB-C Cable,Accessories,3,750,0.0,2250.0,653.27
ORD01114,2024-05-25,C016,Tara Menon,Kochi,South,Travel Bottle,Accessories,3,900,0.1,2430.0,510.65
ORD01115,2024-03-22,C012,Myra Kapoor,Lucknow,North,Bookshelf,Furniture,2,5800,0.05,11020.0,4077.52
ORD01116,2024-02-07,C009,Vivaan Gupta,Kolkata,East,Premium Pen Set,Stationery,1,650,0.0,650.0,147.32
ORD01117,2025-06-30,C018,Aanya Iyer,Coimbatore,South,Smartphone X,Electronics,4,42000,0.1,151200.0,25621.69
ORD01118,2025-02-12,C012,Myra Kapoor,Lucknow,North,Wireless Mouse,Electronics,3,1200,0.0,3600.0,1319.92
ORD01119,2025-02-07,C006,Meera Joshi,Bengaluru,South,Study Desk,Furniture,4,7200,0.15,24480.0,6975.54
ORD01120,2024-05-14,C012,Myra Kapoor,Lucknow,North,Notebook Pack,Stationery,5,450,0.1,2025.0,716.94
ORD01121,2025-01-14,C012,Myra Kapoor,Lucknow,North,Study Desk,Furniture,2,7200,0.1,12960.0,3103.21
ORD01122,2024-04-17,C017,Dev Malhotra,Chandigarh,North,Bluetooth Headphones,Electronics,1,3200,0.1,2880.0,635.31
ORD01123,2025-05-17,C007,Arjun Nair,Chennai,South,Study Desk,Furniture,2,7200,0.0,14400.0,4331.11
ORD01124,2024-11-09,C019,Neil Bhat,Indore,West,Travel Bottle,Accessories,2,900,0.15,1530.0,475.07
ORD01125,2025-11-20,C005,Kabir Verma,Jaipur,North,Wireless Mouse,Electronics,3,1200,0.15,3060.0,484.46
ORD01126,2025-07-16,C003,Rohan Deshmukh,Nashik,West,Backpack,Accessories,4,2200,0.05,8360.0,2868.64
ORD01127,2024-09-25,C002,Isha Patel,Pune,West,Bluetooth Headphones,Electronics,2,3200,0.05,6080.0,2062.4
ORD01128,2025-10-07,C019,Neil Bhat,Indore,West,Smartphone X,Electronics,2,42000,0.0,84000.0,26726.53
ORD01129,2024-10-03,C006,Meera Joshi,Bengaluru,South,Bluetooth Headphones,Electronics,3,3200,0.05,9120.0,2698.76
ORD01130,2024-06-16,C016,Tara Menon,Kochi,South,Office Chair,Furniture,3,9500,0.05,27075.0,7661.22
ORD01131,2024-10-22,C013,Reyansh Shah,Surat,West,Bluetooth Headphones,electronics,5,3200,0.05,15200.0,3720.85
ORD01132,2024-08-28,C003,Rohan Deshmukh,Nashik,West,Laptop Pro 14,Electronics,1,85000,,68000.0,5478.8
ORD01133,2024-03-06,C020,Sara Khan,Bhopal,Central,File Organizer,Stationery,3,380,0.15,969.0,206.53
ORD01134,2024-04-16,C003,Rohan Deshmukh,Nashik,West,Mechanical Keyboard,Electronics,4,4500,0.05,17100.0,4042.73
ORD01135,2024-03-24,C007,Arjun Nair,Chennai,South,Study Desk,Furniture,5,7200,0.0,36000.0,10351.31
ORD01136,2024-09-24,C013,Reyansh Shah,Surat,West,Bookshelf,Furniture,2,5800,0.0,11600.0,3127.83
ORD01137,2024-12-01,C013,Reyansh Shah,Surat,West,Mechanical Keyboard,Electronics,3,4500,0.05,12825.0,3595.64
ORD01138,2024-04-26,C010,Diya Das,Bhubaneswar,East,Notebook Pack,Stationery,4,450,0.1,1620.0,557.58
ORD01139,2025-08-09,C013,Reyansh Shah,Surat,West,Study Desk,Furniture,5,7200,0.05,34200.0,12011.3
ORD01140,2025-02-19,C020,Sara Khan,Bhopal,Central,LED Table Lamp,Furniture,2,1800,0.05,3420.0,997.93
ORD01141,2025-12-11,C007,Arjun Nair,Chennai,South,Laptop Pro 14,Electronics,5,85000,0.15,361250.0,54602.25
ORD01142,2024-03-31,C014,Kiara Roy,Patna,East,Office Chair,Furniture,2,9500,0.15,16150.0,2742.05
ORD01143,2024-11-30,C017,Dev Malhotra,Chandigarh,North,Backpack,Accessories,5,2200,0.1,9900.0,2935.77
ORD01144,2025-09-17,C015,Yash Kulkarni,Nagpur,West,Smartphone X,Electronics,2,42000,0.1,75600.0,25511.69
ORD01145,2025-04-22,C019,Neil Bhat,Indore,West,USB-C Cable,Accessories,2,750,0.05,1425.0,425.4
ORD01146,2024-10-26,C018,Aanya Iyer,Coimbatore,South,Study Desk,Furniture,1,7200,0.0,7200.0,2181.55
ORD01147,2025-09-01,C002,Isha Patel,Pune,West,Travel Bottle,Accessories,5,900,0.05,4275.0,1568.96
ORD01148,2025-01-09,C007,Arjun Nair,Chennai,South,Backpack,Accessories,4,2200,0.1,7920.0,2683.51
ORD01149,2024-11-09,C013,Reyansh Shah,Surat,West,Premium Pen Set,Stationery,2,650,0.05,1235.0,445.73
ORD01150,2025-07-18,C006,Meera Joshi,Bengaluru,South,Smartphone X,Electronics,4,42000,0.1,151200.0,25704.88
ORD01151,2024-06-02,C016,Tara Menon,Kochi,South,USB-C Cable,Accessories,3,750,0.1,2025.0,596.21
ORD01152,2025-09-28,C019,Neil Bhat,Indore,West,Study Desk,Furniture,4,7200,0.05,27360.0,6110.81
ORD01153,2024-01-29,C020,Sara Khan,Bhopal,Central,Premium Pen Set,Stationery,1,650,0.2,520.0,133.26
ORD01154,2024-01-21,C007,Arjun Nair,Chennai,South,USB-C Cable,Accessories,2,750,0.0,1500.0,383.45
ORD01155,2024-12-03,C001,Aarav Sharma,Mumbai,West,USB-C Cable,Accessories,3,750,0.1,2025.0,605.21
ORD01156,2024-10-07,C011,Aditya Mehta,Ahmedabad,West,Office Chair,Furniture,4,9500,0.0,38000.0,13206.57
ORD01157,2024-07-28,C012,Myra Kapoor,Lucknow,North,Backpack,Accessories,2,2200,0.0,4400.0,1472.33
ORD01158,2024-07-06,C006,Meera Joshi,Bengaluru,South,Backpack,Accessories,2,2200,0.05,4180.0,1277.79
ORD01159,2024-03-25,C017,Dev Malhotra,Chandigarh,North,USB-C Cable,Accessories,1,750,0.2,600.0,65.73
ORD01160,2024-08-05,C013,Reyansh Shah,Surat,West,Notebook Pack,Stationery,4,450,0.0,1800.0,632.5
ORD01161,2024-09-27,C016,Tara Menon,Kochi,South,Laptop Pro 14,Electronics,5,85000,0.0,425000.0,117662.45
ORD01162,2025-06-08,C016,Tara Menon,Kochi,South,Study Desk,Furniture,3,7200,0.0,21600.0,6174.3
ORD01163,2025-11-08,C006,Meera Joshi,Bengaluru,South,Travel Bottle,Accessories,1,900,0.15,765.0,199.23
ORD01164,2025-09-20,C007,Arjun Nair,Chennai,South,Office Chair,Furniture,5,9500,0.05,45125.0,11580.03
ORD01165,2025-03-23,C020,Sara Khan,Bhopal,Central,Bookshelf,Furniture,2,5800,0.1,10440.0,2246.04
ORD01166,2025-08-27,C016,Tara Menon,Kochi,South,LED Table Lamp,Furniture,2,1800,0.1,3240.0,628.23
ORD01167,2024-03-24,C013,Reyansh Shah,Surat,West,Office Chair,Furniture,5,9500,0.0,47500.0,14365.91
ORD01168,2024-04-02,C016,Tara Menon,Kochi,South,Office Chair,Furniture,4,9500,0.0,38000.0,14418.32
ORD01169,2025-01-07,C001,Aarav Sharma,Mumbai,West,LED Table Lamp,Furniture,1,1800,0.05,1710.0,307.88
ORD01170,2025-08-24,C019,Neil Bhat,Indore,West,Laptop Pro 14,Electronics,3,85000,0.15,216750.0,32353.34
ORD01171,2024-08-08,C005,Kabir Verma,Jaipur,North,Notebook Pack,Stationery,2,450,0.05,855.0,310.3
ORD01172,2025-06-20,C009,Vivaan Gupta,Kolkata,East,Smartphone X,Electronics,3,42000,0.2,100800.0,11885.65
ORD01173,2025-10-26,C003,Rohan Deshmukh,Nashik,West,Office Chair,Furniture,5,9500,0.05,45125.0,10194.51
ORD01174,2025-05-20,C018,Aanya Iyer,Coimbatore,South,Study Desk,Furniture,2,7200,0.0,14400.0,3895.14
ORD01175,2024-04-12,C016,Tara Menon,Kochi,South,Bluetooth Headphones,Electronics,1,3200,0.0,3200.0,1067.53
ORD01176,2024-04-26,C020,Sara Khan,Bhopal,Central,Backpack,Accessories,1,2200,0.0,2200.0,610.62
ORD01177,2024-11-26,C012,Myra Kapoor,Lucknow,North,Backpack,Accessories,2,2200,0.05,4180.0,1615.11
ORD01178,2025-04-02,C003,Rohan Deshmukh,Nashik,West,Bookshelf,Furniture,4,5800,0.0,23200.0,8778.39
ORD01179,2025-07-24,C017,Dev Malhotra,Chandigarh,North,Mechanical Keyboard,Electronics,1,4500,0.05,4275.0,915.58
ORD01180,2025-12-30,C019,Neil Bhat,Indore,West,Bluetooth Headphones,Electronics,3,3200,0.15,8160.0,2274.39
ORD01181,2024-03-15,C018,Aanya Iyer,Coimbatore,South,Wireless Mouse,Electronics,1,1200,0.05,1140.0,308.5
ORD01182,2024-11-10,C007,Arjun Nair,Chennai,South,Mechanical Keyboard,Electronics,4,4500,0.05,17100.0,3435.06
ORD01183,2024-06-24,C015,Yash Kulkarni,Nagpur,West,Wireless Mouse,Electronics,1,1200,0.1,1080.0,330.46
ORD01184,2024-10-02,C018,Aanya Iyer,Coimbatore,South,Smartphone X,Electronics,4,42000,0.0,168000.0,53058.24
ORD01185,2024-07-06,C003,Rohan Deshmukh,Nashik,West,Travel Bottle,Accessories,4,900,0.0,3600.0,1436.64
ORD01186,2025-08-17,C001,Aarav Sharma,Mumbai,West,Smartphone X,Electronics,3,42000,0.0,126000.0,36705.59
ORD01187,2025-01-06,C005,Kabir Verma,Jaipur,North,Smartphone X,Electronics,4,42000,0.0,168000.0,39522.63
ORD01188,2024-06-29,C018,Aanya Iyer,Coimbatore,South,Wireless Mouse,Electronics,1,1200,0.05,1140.0,388.95
ORD01189,2025-09-03,C012,Myra Kapoor,Lucknow,North,Study Desk,Furniture,5,7200,0.0,36000.0,11839.92
ORD01190,2024-12-01,C019,Neil Bhat,Indore,West,LED Table Lamp,Furniture,1,1800,0.0,1800.0,506.96
ORD01191,2024-08-25,C014,Kiara Roy,Patna,East,Premium Pen Set,Stationery,1,650,0.2,520.0,53.73
ORD01192,2025-05-09,C019,Neil Bhat,Indore,West,Bluetooth Headphones,Electronics,2,3200,0.0,6400.0,1688.7
ORD01193,2024-08-16,C018,Aanya Iyer,Coimbatore,South,Bluetooth Headphones,Electronics,4,3200,0.05,12160.0,4178.56
ORD01194,2024-01-12,C003,Rohan Deshmukh,Nashik,West,Smartphone X,Electronics,1,42000,0.0,42000.0,13866.09
ORD01195,2024-06-19,C017,Dev Malhotra,Chandigarh,North,Smartphone X,Electronics,5,42000,0.0,210000.0,61987.24
ORD01196,2024-04-09,C018,Aanya Iyer,Coimbatore,South,LED Table Lamp,Furniture,1,1800,0.0,1800.0,697.48
ORD01197,2024-05-22,C006,Meera Joshi,Bengaluru,South,Bookshelf,Furniture,2,5800,0.0,11600.0,4001.25
ORD01198,2024-03-22,C018,Aanya Iyer,Coimbatore,South,LED Table Lamp,Furniture,1,1800,0.15,1530.0,401.39
ORD01199,2024-09-26,C003,Rohan Deshmukh,Nashik,West,Mechanical Keyboard,Electronics,2,4500,0.1,8100.0,2686.59
ORD01200,2025-03-04,C010,Diya Das,Bhubaneswar,East,Wireless Mouse,Electronics,2,1200,0.05,2280.0,494.56
ORD01201,2024-11-08,C006,Meera Joshi,Bengaluru,South,Backpack,Accessories,4,2200,0.05,8360.0,2061.16
ORD01202,2024-02-21,C005,Kabir Verma,Jaipur,North,Bookshelf,Furniture,4,5800,0.1,20880.0,4499.99
ORD01203,2025-08-03,C013,Reyansh Shah,Surat,West,LED Table Lamp,Furniture,2,1800,0.0,3600.0,1296.42
ORD01204,2025-06-25,C018,Aanya Iyer,Coimbatore,South,File Organizer,Stationery,5,380,0.15,1615.0,369.24
ORD01205,2025-01-20,C003,Rohan Deshmukh,Nashik,West,Travel Bottle,Accessories,4,900,0.05,3420.0,1212.09
ORD01206,2024-10-26,C003,Rohan Deshmukh,Nashik,West,Study Desk,Furniture,1,7200,0.0,7200.0,2817.19
ORD01207,2024-06-20,C012,Myra Kapoor,Lucknow,North,USB-C Cable,Accessories,2,750,0.0,1500.0,538.23
ORD01208,2025-08-03,C010,Diya Das,Bhubaneswar,East,File Organizer,Stationery,2,380,0.1,684.0,216.76
ORD01209,2024-06-10,C005,Kabir Verma,Jaipur,North,Travel Bottle,Accessories,3,900,0.2,2160.0,337.75
ORD01210,2024-05-05,C006,Meera Joshi,Bengaluru,South,Premium Pen Set,Stationery,4,650,0.1,2340.0,370.97
ORD01211,2025-04-28,C002,Isha Patel,Pune,West,Premium Pen Set,Stationery,2,650,0.05,1235.0,443.48
ORD01212,2025-09-07,C020,Sara Khan,Bhopal,Central,Travel Bottle,Accessories,4,900,0.15,3060.0,801.74
ORD01213,2025-09-17,C011,Aditya Mehta,Ahmedabad,West,USB-C Cable,Accessories,5,750,0.05,3562.5,1007.97
ORD01214,2024-11-24,C019,Neil Bhat,Indore,West,Bluetooth Headphones,Electronics,1,3200,0.1,2880.0,804.24
ORD01215,2024-11-23,C019,Neil Bhat,Indore,West,Study Desk,Furniture,3,7200,0.0,21600.0,6537.88
ORD01216,2025-12-02,C019,Neil Bhat,Indore,West,Wireless Mouse,Electronics,2,1200,0.1,2160.0,409.72
ORD01217,2024-08-16,C019,Neil Bhat,Indore,West,Laptop Pro 14,Electronics,2,85000,0.0,170000.0,59441.52
ORD01218,2024-04-15,C005,Kabir Verma,Jaipur,North,Laptop Pro 14,Electronics,2,85000,0.1,153000.0,29276.36
ORD01219,2025-02-15,C001,Aarav Sharma,Mumbai,West,Premium Pen Set,Stationery,1,650,0.05,617.5,213.95
ORD01220,2024-05-23,C013,Reyansh Shah,Surat,West,Study Desk,Furniture,1,7200,0.05,6840.0,1964.32
ORD01221,2025-02-25,C002,Isha Patel,Pune,West,Laptop Pro 14,Electronics,2,85000,0.05,161500.0,38464.22
ORD01222,2025-02-28,C008,Sanya Rao,Hyderabad,South,File Organizer,Stationery,2,380,0.0,760.0,286.11
ORD01223,2024-07-04,C006,Meera Joshi,Bengaluru,South,Travel Bottle,Accessories,2,900,0.1,1620.0,348.64
ORD01224,2024-10-04,C019,Neil Bhat,Indore,West,Study Desk,Furniture,2,7200,0.15,12240.0,2566.93
ORD01225,2025-01-28,C009,Vivaan Gupta,Kolkata,East,USB-C Cable,Accessories,4,750,0.05,2850.0,554.05
ORD01226,2024-02-20,C002,Isha Patel,Pune,West,Mechanical Keyboard,Electronics,3,4500,0.0,13500.0,3011.65
ORD01227,2025-03-07,C017,Dev Malhotra,Chandigarh,North,Mechanical Keyboard,Electronics,3,4500,0.05,12825.0,4167.61
ORD01228,2025-04-04,C005,Kabir Verma,Jaipur,North,Mechanical Keyboard,Electronics,3,4500,0.05,12825.0,3700.01
ORD01229,2024-05-08,C018,Aanya Iyer,Coimbatore,South,File Organizer,Stationery,5,380,0.1,1710.0,598.63
ORD01230,2025-12-20,C016,Tara Menon,Kochi,South,Bookshelf,Furniture,3,5800,0.1,15660.0,2101.94
ORD01231,2024-06-22,C003,Rohan Deshmukh,Nashik,West,Office Chair,Furniture,4,9500,0.0,38000.0,8929.51
ORD01232,2025-12-20,C010,Diya Das,Bhubaneswar,East,Laptop Pro 14,Electronics,3,85000,0.05,242250.0,93988.32
ORD01233,2024-06-14,C019,Neil Bhat,Indore,West,Bookshelf,Furniture,2,5800,0.2,9280.0,1043.74
ORD01234,2024-10-30,C001,Aarav Sharma,Mumbai,West,Smartphone X,Electronics,3,42000,0.1,113400.0,17664.6
ORD01235,2025-08-21,C001,Aarav Sharma,Mumbai,West,Smartphone X,Electronics,3,42000,0.15,107100.0,23777.14
ORD01236,2025-07-09,C004,Ananya Singh,Delhi,North,File Organizer,Stationery,5,380,0.1,1710.0,346.11
ORD01237,2025-05-20,C020,Sara Khan,Bhopal,Central,Mechanical Keyboard,Electronics,4,4500,0.15,15300.0,4078.43
ORD01238,2024-10-28,C005,Kabir Verma,Jaipur,North,LED Table Lamp,Furniture,5,1800,0.2,7200.0,1890.25
ORD01239,2025-12-28,C001,Aarav Sharma,Mumbai,West,Study Desk,Furniture,5,7200,0.2,28800.0,4057.41
ORD01240,2025-06-06,C002,Isha Patel,Pune,West,Bookshelf,Furniture,1,5800,0.0,5800.0,2378.57
ORD01241,2024-04-10,C005,Kabir Verma,Jaipur,North,Bluetooth Headphones,Electronics,5,3200,0.15,13600.0,2036.14
ORD01242,2024-11-12,C006,Meera Joshi,Bengaluru,South,Bluetooth Headphones,Electronics,2,3200,0.0,6400.0,1708.1
ORD01243,2024-01-26,C006,Meera Joshi,Bengaluru,South,LED Table Lamp,Furniture,1,1800,0.15,1530.0,292.85
ORD01244,2024-01-13,C019,Neil Bhat,Indore,West,File Organizer,Stationery,1,380,0.0,380.0,110.73
ORD01245,2025-08-28,C005,Kabir Verma,Jaipur,North,Wireless Mouse,Electronics,5,1200,0.0,6000.0,2376.66
ORD01246,2025-04-12,C005,Kabir Verma,Jaipur,North,Bookshelf,Furniture,1,5800,0.0,5800.0,1801.58
ORD01247,2025-05-22,C016,Tara Menon,Kochi,South,Wireless Mouse,Electronics,4,1200,0.05,4560.0,956.85
ORD01248,2025-07-04,C014,Kiara Roy,Patna,East,Travel Bottle,Accessories,4,900,0.0,3600.0,993.6
ORD01249,2025-01-18,C018,Aanya Iyer,Coimbatore,South,Backpack,Accessories,4,2200,0.05,8360.0,1867.51
ORD01250,2024-11-20,C016,Tara Menon,Kochi,South,LED Table Lamp,Furniture,2,1800,0.15,3060.0,880.7
ORD01251,2025-05-30,C005,Kabir Verma,Jaipur,North,File Organizer,Stationery,3,380,0.0,1140.0,319.12
ORD01252,2025-10-24,C014,Kiara Roy,Patna,East,USB-C Cable,Accessories,1,750,0.0,750.0,286.25
ORD01253,2024-10-05,C011,Aditya Mehta,Ahmedabad,West,Laptop Pro 14,Electronics,2,85000,0.1,153000.0,40997.52
ORD01254,2025-11-23,C007,Arjun Nair,Chennai,South,Bookshelf,Furniture,5,5800,0.15,24650.0,5866.05
ORD01255,2025-05-02,C018,Aanya Iyer,Coimbatore,South,LED Table Lamp,Furniture,1,1800,0.15,1530.0,224.62
ORD01256,2025-06-14,C006,Meera Joshi,Bengaluru,South,Mechanical Keyboard,Electronics,5,4500,0.1,20250.0,4691.52
ORD01257,2024-07-20,C011,Aditya Mehta,Ahmedabad,West,Premium Pen Set,Stationery,2,650,0.0,1300.0,429.69
ORD01258,2025-08-14,C007,Arjun Nair,Chennai,South,Mechanical Keyboard,Electronics,2,4500,,8550.0,3182.38
ORD01259,2024-01-21,C018,Aanya Iyer,Coimbatore,South,Premium Pen Set,Stationery,4,650,0.05,2470.0,866.09
ORD01260,2024-05-13,C020,Sara Khan,Bhopal,Central,LED Table Lamp,Furniture,2,1800,0.0,3600.0,1033.9
ORD01261,2024-09-15,C020,Sara Khan,Bhopal,Central,Office Chair,Furniture,1,9500,0.1,8550.0,1243.92
ORD01262,2024-08-13,C015,Yash Kulkarni,Nagpur,West,USB-C Cable,Accessories,5,750,0.15,3187.5,863.85
ORD01263,2024-06-30,C007,Arjun Nair,Chennai,South,Travel Bottle,Accessories,2,900,0.05,1710.0,597.97
ORD01264,2025-09-09,C017,Dev Malhotra,Chandigarh,North,Travel Bottle,Accessories,4,900,0.0,3600.0,1370.89
ORD01265,2024-04-18,C020,Sara Khan,Bhopal,Central,Wireless Mouse,Electronics,2,1200,0.15,2040.0,411.1
ORD01266,2024-08-14,C008,Sanya Rao,Hyderabad,South,Bluetooth Headphones,Electronics,2,3200,0.1,5760.0,1789.34
ORD01267,2024-08-22,C011,Aditya Mehta,Ahmedabad,West,USB-C Cable,Accessories,1,750,0.1,675.0,163.54
ORD01268,2025-08-21,C019,Neil Bhat,Indore,West,File Organizer,Stationery,3,380,0.05,1083.0,249.36
ORD01269,2025-09-17,C011,Aditya Mehta,Ahmedabad,West,Notebook Pack,Stationery,4,450,0.0,1800.0,719.16
ORD01270,2025-01-22,C018,Aanya Iyer,Coimbatore,South,Office Chair,Furniture,3,9500,0.15,24225.0,5036.66
ORD01271,2025-05-18,C002,Isha Patel,Pune,West,Premium Pen Set,Stationery,5,650,0.0,3250.0,873.25
ORD01272,2025-07-15,C014,Kiara Roy,Patna,East,Office Chair,Furniture,2,9500,0.1,17100.0,2484.49
ORD01273,2025-12-03,C012,Myra Kapoor,Lucknow,North,File Organizer,Stationery,3,380,0.0,1140.0,464.46
ORD01274,2025-02-15,C011,Aditya Mehta,Ahmedabad,West,Study Desk,Furniture,1,7200,0.1,6480.0,1262.4
ORD01275,2024-07-29,C016,Tara Menon,Kochi,South,Office Chair,Furniture,5,9500,0.0,47500.0,17088.83
ORD01276,2024-05-30,C013,Reyansh Shah,Surat,West,Smartphone X,Electronics,4,42000,0.0,168000.0,55437.84
ORD01277,2025-09-24,C019,Neil Bhat,Indore,West,Mechanical Keyboard,Electronics,5,4500,0.1,20250.0,5838.2
ORD01278,2024-08-30,C017,Dev Malhotra,Chandigarh,North,Laptop Pro 14,Electronics,3,85000,0.0,255000.0,61936.47
ORD01279,2025-12-18,C003,Rohan Deshmukh,Nashik,West,File Organizer,Stationery,4,380,0.1,1368.0,385.58
ORD01280,2025-02-02,C017,Dev Malhotra,Chandigarh,North,Study Desk,Furniture,4,7200,0.05,27360.0,9267.47
ORD01281,2025-02-19,C014,Kiara Roy,Patna,East,Office Chair,Furniture,3,9500,0.0,28500.0,10506.07
ORD01282,2024-08-16,C006,Meera Joshi,Bengaluru,South,Wireless Mouse,Electronics,3,1200,0.1,3240.0,1050.3
ORD01283,2024-09-30,C012,Myra Kapoor,Lucknow,North,File Organizer,Stationery,1,380,0.2,304.0,37.17
ORD01284,2025-12-11,C002,Isha Patel,Pune,West,Premium Pen Set,Stationery,2,650,0.0,1300.0,299.56
ORD01285,2025-01-13,C018,Aanya Iyer,Coimbatore,South,Travel Bottle,Accessories,2,900,0.1,1620.0,330.56
ORD01286,2024-04-27,C013,Reyansh Shah,Surat,West,Smartphone X,Electronics,4,42000,0.05,159600.0,36192.57
ORD01287,2024-10-31,C002,Isha Patel,Pune,West,Travel Bottle,Accessories,2,900,0.0,1800.0,468.56
ORD01288,2025-09-30,C008,Sanya Rao,Hyderabad,South,File Organizer,Stationery,4,380,,1520.0,584.76
ORD01289,2025-04-30,C004,Ananya Singh,Delhi,North,Notebook Pack,Stationery,2,450,0.05,855.0,242.43
ORD01290,2025-10-29,C005,Kabir Verma,Jaipur,North,Mechanical Keyboard,Electronics,4,4500,0.0,18000.0,6196.67
ORD01291,2025-08-17,C016,Tara Menon,Kochi,South,File Organizer,Stationery,3,380,0.05,1083.0,332.72
ORD01292,2025-12-01,C007,Arjun Nair,Chennai,South,Travel Bottle,Accessories,2,900,0.1,1620.0,309.42
ORD01293,2024-10-30,C019,Neil Bhat,Indore,West,Wireless Mouse,Electronics,1,1200,0.0,1200.0,312.62
ORD01294,2025-08-12,C012,Myra Kapoor,Lucknow,North,LED Table Lamp,Furniture,3,1800,0.15,4590.0,1147.86
ORD01295,2025-06-22,C008,Sanya Rao,Hyderabad,South,Notebook Pack,Stationery,4,450,0.1,1620.0,352.95
ORD01296,2024-07-31,C015,Yash Kulkarni,Nagpur,West,Travel Bottle,Accessories,1,900,0.15,765.0,157.86
ORD01297,2024-01-22,C003,Rohan Deshmukh,Nashik,West,Smartphone X,Electronics,1,42000,0.05,39900.0,7954.57
ORD01298,2025-12-16,C006,Meera Joshi,Bengaluru,South,Premium Pen Set,Stationery,3,650,0.05,1852.5,472.59
ORD01299,2024-08-09,C002,Isha Patel,Pune,West,LED Table Lamp,Furniture,2,1800,0.05,3420.0,730.41
ORD01300,2024-08-23,C008,Sanya Rao,Hyderabad,South,Smartphone X,Electronics,4,42000,0.1,151200.0,25217.81
ORD01301,2024-05-06,C008,Sanya Rao,Hyderabad,South,Backpack,Accessories,3,2200,0.1,5940.0,2029.57
ORD01302,2025-05-14,C001,Aarav Sharma,Mumbai,West,Travel Bottle,Accessories,5,900,0.0,4500.0,1408.08
ORD01303,2024-10-24,C002,Isha Patel,Pune,West,LED Table Lamp,Furniture,3,1800,0.2,4320.0,412.7
ORD01304,2024-11-05,C020,Sara Khan,Bhopal,Central,Wireless Mouse,Electronics,1,1200,0.05,1140.0,282.71
ORD01305,2024-05-31,C002,Isha Patel,Pune,West,Travel Bottle,Accessories,3,900,0.1,2430.0,852.28
ORD01306,2025-11-05,C017,Dev Malhotra,Chandigarh,North,Travel Bottle,Accessories,5,900,0.05,4275.0,1334.39
ORD01307,2024-03-19,C012,Myra Kapoor,Lucknow,North,USB-C Cable,Accessories,1,750,0.15,637.5,129.92
ORD01308,2025-01-08,C016,Tara Menon,Kochi,South,Backpack,Accessories,1,2200,0.05,2090.0,728.44
ORD01309,2024-07-23,C005,Kabir Verma,Jaipur,North,Notebook Pack,Stationery,3,450,0.1,1215.0,284.65
ORD01310,2024-08-26,C014,Kiara Roy,Patna,East,Bookshelf,Furniture,2,5800,0.1,10440.0,2980.23
ORD01311,2024-01-12,C010,Diya Das,Bhubaneswar,East,LED Table Lamp,Furniture,1,1800,0.0,1800.0,497.81
ORD01312,2025-09-21,C004,Ananya Singh,Delhi,North,Study Desk,Furniture,5,7200,0.0,36000.0,9757.79
ORD01313,2024-12-25,C001,Aarav Sharma,Mumbai,West,Bookshelf,Furniture,4,5800,0.15,19720.0,3179.24
ORD01314,2024-06-28,C006,Meera Joshi,Bengaluru,South,Premium Pen Set,Stationery,4,650,0.15,2210.0,250.53
ORD01315,2025-04-21,C011,Aditya Mehta,Ahmedabad,West,Bookshelf,Furniture,1,5800,0.05,5510.0,986.77
ORD01316,2024-04-12,C012,Myra Kapoor,Lucknow,North,Study Desk,Furniture,3,7200,0.1,19440.0,2934.27
ORD01317,2024-08-27,C008,Sanya Rao,Hyderabad,South,LED Table Lamp,Furniture,1,1800,0.15,1530.0,373.97
ORD01318,2025-01-09,C004,Ananya Singh,Delhi,North,LED Table Lamp,Furniture,4,1800,0.0,7200.0,2347.48
ORD01319,2024-04-02,C018,Aanya Iyer,Coimbatore,South,File Organizer,Stationery,4,380,0.05,1444.0,512.46
ORD01320,2025-04-07,C001,Aarav Sharma,Mumbai,West,Bluetooth Headphones,Electronics,2,3200,0.1,5760.0,1614.89
ORD01321,2024-09-26,C013,Reyansh Shah,Surat,West,Study Desk,Furniture,5,7200,0.1,32400.0,4696.06
ORD01322,2024-12-28,C005,Kabir Verma,Jaipur,North,Backpack,Accessories,4,2200,0.1,7920.0,1679.75
ORD01323,2024-02-16,C007,Arjun Nair,Chennai,South,Study Desk,Furniture,3,7200,0.2,17280.0,3602.41
ORD01324,2024-04-28,C018,Aanya Iyer,Coimbatore,South,Office Chair,Furniture,1,9500,0.1,8550.0,1835.87
ORD01325,2024-12-02,C010,Diya Das,Bhubaneswar,East,File Organizer,Stationery,3,380,0.05,1083.0,321.34
ORD01326,2024-12-27,C017,Dev Malhotra,Chandigarh,North,Premium Pen Set,Stationery,5,650,0.1,2925.0,415.86
ORD01327,2024-07-26,C019,Neil Bhat,Indore,West,Bookshelf,Furniture,5,5800,0.05,27550.0,6390.99
ORD01328,2025-03-19,C012,Myra Kapoor,Lucknow,North,Study Desk,Furniture,1,7200,0.0,7200.0,2576.15
ORD01329,2025-11-18,C012,Myra Kapoor,Lucknow,North,LED Table Lamp,Furniture,2,1800,0.1,3240.0,958.02
ORD01330,2024-08-23,C011,Aditya Mehta,Ahmedabad,West,Bluetooth Headphones,Electronics,3,3200,0.05,9120.0,2425.44
ORD01331,2024-09-05,C005,Kabir Verma,Jaipur,North,Wireless Mouse,Electronics,1,1200,0.05,1140.0,302.21
ORD01332,2024-03-26,C011,Aditya Mehta,Ahmedabad,West,Notebook Pack,Stationery,1,450,0.1,405.0,74.28
ORD01333,2024-05-12,C009,Vivaan Gupta,Kolkata,East,Notebook Pack,Stationery,3,450,0.15,1147.5,173.36
ORD01334,2024-07-10,C008,Sanya Rao,Hyderabad,South,Premium Pen Set,Stationery,4,650,0.0,2600.0,782.46
ORD01335,2025-11-20,C002,Isha Patel,Pune,West,Premium Pen Set,Stationery,1,650,0.0,650.0,201.28
ORD01336,2024-02-03,C018,Aanya Iyer,Coimbatore,South,Study Desk,Furniture,2,7200,0.05,13680.0,4405.54
ORD01337,2025-07-11,C007,Arjun Nair,Chennai,South,Office Chair,Furniture,1,9500,0.1,8550.0,2602.25
ORD01338,2024-07-30,C002,Isha Patel,Pune,West,Laptop Pro 14,Electronics,4,85000,0.1,306000.0,48742.87
ORD01339,2025-01-28,C003,Rohan Deshmukh,Nashik,West,Bluetooth Headphones,Electronics,2,3200,0.15,5440.0,1271.54
ORD01340,2024-11-10,C017,Dev Malhotra,Chandigarh,North,Bluetooth Headphones,Electronics,2,3200,0.05,6080.0,1348.54
ORD01341,2025-05-03,C015,Yash Kulkarni,Nagpur,West,Wireless Mouse,Electronics,4,1200,0.1,4320.0,1423.62
ORD01342,2024-07-22,C008,Sanya Rao,Hyderabad,South,Mechanical Keyboard,Electronics,3,4500,0.05,12825.0,3314.05
ORD01343,2024-03-23,C015,Yash Kulkarni,Nagpur,West,Office Chair,Furniture,2,9500,0.05,18050.0,3850.43
ORD01344,2025-05-26,C017,Dev Malhotra,Chandigarh,North,Laptop Pro 14,Electronics,4,85000,0.0,340000.0,94793.0
ORD01345,2024-05-08,C017,Dev Malhotra,Chandigarh,North,Bluetooth Headphones,Electronics,5,3200,0.0,16000.0,5530.12
ORD01346,2025-06-20,C007,Arjun Nair,Chennai,South,USB-C Cable,Accessories,2,750,0.1,1350.0,419.65
ORD01347,2024-08-12,C007,Arjun Nair,Chennai,South,Notebook Pack,Stationery,3,450,0.0,1350.0,389.23
ORD01348,2025-03-27,C004,Ananya Singh,Delhi,North,File Organizer,Stationery,1,380,0.05,361.0,114.09
ORD01349,2024-08-16,C007,Arjun Nair,Chennai,South,Bookshelf,Furniture,1,5800,0.15,4930.0,639.06
ORD01350,2025-11-01,C013,Reyansh Shah,Surat,West,USB-C Cable,Accessories,2,750,0.0,1500.0,468.87
ORD01351,2025-06-29,C007,Arjun Nair,Chennai,South,Bluetooth Headphones,Electronics,3,3200,0.05,9120.0,1709.22
ORD01352,2025-02-26,C013,Reyansh Shah,Surat,West,Smartphone X,Electronics,1,42000,0.1,37800.0,7262.11
ORD01353,2025-09-05,C008,Sanya Rao,Hyderabad,South,Backpack,Accessories,5,2200,0.1,9900.0,1536.41
ORD01354,2025-07-26,C007,Arjun Nair,Chennai,South,LED Table Lamp,Furniture,3,1800,0.1,4860.0,768.67
ORD01355,2024-12-24,C002,Isha Patel,Pune,West,Mechanical Keyboard,Electronics,4,4500,0.0,18000.0,4662.12
ORD01356,2024-06-13,C007,Arjun Nair,Chennai,South,LED Table Lamp,Furniture,1,1800,0.1,1620.0,334.09
ORD01357,2025-06-13,C010,Diya Das,Bhubaneswar,East,File Organizer,Stationery,3,380,0.05,1083.0,302.82
ORD01358,2024-12-05,C001,Aarav Sharma,Mumbai,West,Bluetooth Headphones,Electronics,3,3200,0.1,8640.0,1703.01
ORD01359,2025-04-19,C017,Dev Malhotra,Chandigarh,North,Study Desk,Furniture,5,7200,0.05,34200.0,6973.85
ORD01360,2025-10-18,C002,Isha Patel,Pune,West,Study Desk,Furniture,5,7200,0.0,36000.0,9225.02
ORD01361,2025-10-22,C013,Reyansh Shah,Surat,West,Office Chair,Furniture,5,9500,0.05,45125.0,10473.63
ORD01362,2025-11-09,C020,Sara Khan,Bhopal,Central,Laptop Pro 14,Electronics,4,85000,0.1,306000.0,42515.65
ORD01363,2025-09-23,C020,Sara Khan,Bhopal,Central,Backpack,Accessories,4,2200,0.15,7480.0,1490.64
ORD01364,2024-10-01,C001,Aarav Sharma,Mumbai,West,Wireless Mouse,Electronics,4,1200,0.1,4320.0,1115.86
ORD01365,2024-04-22,C013,Reyansh Shah,Surat,West,Laptop Pro 14,Electronics,5,85000,0.0,425000.0,111306.34
ORD01366,2025-01-18,C014,Kiara Roy,Patna,East,Bookshelf,Furniture,3,5800,0.05,16530.0,3464.69
ORD01367,2025-08-28,C003,Rohan Deshmukh,Nashik,West,USB-C Cable,Accessories,4,750,0.05,2850.0,557.55
ORD01368,2025-02-04,C008,Sanya Rao,Hyderabad,South,Laptop Pro 14,Electronics,5,85000,0.1,382500.0,104887.6
ORD01369,2024-07-21,C002,Isha Patel,Pune,West,Notebook Pack,Stationery,2,450,0.0,900.0,281.37
ORD01370,2024-08-03,C012,Myra Kapoor,Lucknow,North,Premium Pen Set,Stationery,3,650,0.1,1755.0,527.35
ORD01371,2024-05-13,C001,Aarav Sharma,Mumbai,West,Office Chair,Furniture,2,9500,0.1,17100.0,5321.25
ORD01372,2024-05-04,C015,Yash Kulkarni,Nagpur,West,Notebook Pack,Stationery,3,450,0.05,1282.5,357.88
ORD01373,2024-09-02,C003,Rohan Deshmukh,Nashik,West,Notebook Pack,Stationery,1,450,0.15,382.5,106.05
ORD01374,2025-12-16,C006,Meera Joshi,Bengaluru,South,Premium Pen Set,Stationery,4,650,0.1,2340.0,468.25
ORD01375,2025-10-12,C004,Ananya Singh,Delhi,North,Bluetooth Headphones,Electronics,1,3200,0.15,2720.0,257.37
ORD01376,2024-07-02,C009,Vivaan Gupta,Kolkata,East,USB-C Cable,Accessories,5,750,0.0,3750.0,1237.65
ORD01377,2024-08-17,C015,Yash Kulkarni,Nagpur,West,Mechanical Keyboard,Electronics,3,4500,0.05,12825.0,2579.18
ORD01378,2024-07-21,C015,Yash Kulkarni,Nagpur,West,Backpack,Accessories,4,2200,0.1,7920.0,2482.38
ORD01379,2024-02-26,C018,Aanya Iyer,Coimbatore,South,Wireless Mouse,Electronics,2,1200,0.05,2280.0,691.8
ORD01380,2025-05-28,C008,Sanya Rao,Hyderabad,South,Bluetooth Headphones,Electronics,2,3200,0.1,5760.0,1856.29
ORD01381,2025-08-28,C010,Diya Das,Bhubaneswar,East,Smartphone X,Electronics,3,42000,0.1,113400.0,31273.18
ORD01382,2025-04-11,C002,Isha Patel,Pune,West,Smartphone X,Electronics,4,42000,0.1,151200.0,43486.59
ORD01383,2024-11-19,C012,Myra Kapoor,Lucknow,North,Office Chair,Furniture,4,9500,0.0,38000.0,14969.58
ORD01384,2024-09-26,C004,Ananya Singh,Delhi,North,Smartphone X,Electronics,3,42000,0.0,126000.0,49600.92
ORD01385,2025-04-05,C016,Tara Menon,Kochi,South,Bookshelf,Furniture,5,5800,0.05,27550.0,7509.28
ORD01386,2024-12-01,C006,Meera Joshi,Bengaluru,South,Travel Bottle,Accessories,1,900,0.0,900.0,222.41
ORD01387,2025-06-24,C005,Kabir Verma,Jaipur,North,Laptop Pro 14,Electronics,2,85000,0.05,161500.0,52788.63
ORD01388,2024-10-11,C011,Aditya Mehta,Ahmedabad,West,Mechanical Keyboard,Electronics,4,4500,0.1,16200.0,2869.07
ORD01389,2025-12-16,C015,Yash Kulkarni,Nagpur,West,Notebook Pack,Stationery,2,450,0.1,810.0,168.87
ORD01390,2024-02-25,C010,Diya Das,Bhubaneswar,East,Wireless Mouse,Electronics,1,1200,0.1,1080.0,205.1
ORD01391,2024-11-03,C009,Vivaan Gupta,Kolkata,East,Office Chair,Furniture,2,9500,0.15,16150.0,2095.76
ORD01392,2024-12-05,C019,Neil Bhat,Indore,West,Bluetooth Headphones,Electronics,4,3200,0.15,10880.0,3203.72
ORD01393,2024-04-14,C018,Aanya Iyer,Coimbatore,South,File Organizer,Stationery,2,380,0.15,646.0,142.1
ORD01394,2025-12-23,C016,Tara Menon,Kochi,South,Travel Bottle,electronics,5,900,0.1,4050.0,641.84
ORD01395,2025-05-01,C019,Neil Bhat,Indore,West,Office Chair,Furniture,5,9500,0.0,47500.0,14486.83
ORD01396,2024-08-01,C008,Sanya Rao,Hyderabad,South,Backpack,Accessories,5,2200,0.2,8800.0,644.02
ORD01397,2025-06-15,C018,Aanya Iyer,Coimbatore,South,Premium Pen Set,Stationery,1,650,0.05,617.5,220.35
ORD01398,2024-02-06,C004,Ananya Singh,Delhi,North,Backpack,Accessories,1,2200,0.0,2200.0,533.05
ORD01399,2025-12-06,C016,Tara Menon,Kochi,South,Laptop Pro 14,Electronics,2,85000,0.0,170000.0,52013.63
ORD01400,2025-09-28,C010,Diya Das,Bhubaneswar,East,Laptop Pro 14,Electronics,2,85000,0.1,153000.0,51881.45
ORD01401,2025-03-16,C005,Kabir Verma,Jaipur,North,LED Table Lamp,Furniture,2,1800,0.1,3240.0,932.9
ORD01402,2024-03-11,C012,Myra Kapoor,Lucknow,North,LED Table Lamp,Furniture,3,1800,0.15,4590.0,839.9
ORD01403,2024-07-09,C009,Vivaan Gupta,Kolkata,East,File Organizer,Stationery,5,380,0.05,1805.0,642.3
ORD01404,2025-08-04,C005,Kabir Verma,Jaipur,North,USB-C Cable,Accessories,2,750,0.1,1350.0,208.27
ORD01405,2024-01-14,C004,Ananya Singh,Delhi,North,Bluetooth Headphones,Electronics,5,3200,0.15,13600.0,3269.58
ORD01406,2025-07-13,C004,Ananya Singh,Delhi,North,Travel Bottle,Accessories,4,900,0.05,3420.0,1125.17
ORD01407,2025-03-01,C005,Kabir Verma,Jaipur,North,Backpack,Accessories,2,2200,0.1,3960.0,1286.31
ORD01408,2024-10-03,C001,Aarav Sharma,Mumbai,West,USB-C Cable,Accessories,4,750,0.05,2850.0,869.98
ORD01409,2024-12-08,C009,Vivaan Gupta,Kolkata,East,Wireless Mouse,Electronics,4,1200,0.15,4080.0,754.29
ORD01410,2024-11-12,C010,Diya Das,Bhubaneswar,East,Office Chair,Furniture,4,9500,0.05,36100.0,11651.46
ORD01411,2025-08-14,C015,Yash Kulkarni,Nagpur,West,Laptop Pro 14,Electronics,4,85000,0.2,272000.0,53526.57
ORD01412,2025-09-10,C017,Dev Malhotra,Chandigarh,North,Laptop Pro 14,Electronics,2,85000,0.0,170000.0,67641.53
ORD01413,2024-04-08,C017,Dev Malhotra,Chandigarh,North,USB-C Cable,Accessories,1,750,0.05,712.5,227.44
ORD01414,2024-11-10,C018,Aanya Iyer,Coimbatore,South,Smartphone X,Electronics,1,42000,0.1,37800.0,6656.7
ORD01415,2024-05-09,C005,Kabir Verma,Jaipur,North,Laptop Pro 14,Electronics,4,85000,0.1,306000.0,45169.05
ORD01416,2025-01-21,C009,Vivaan Gupta,Kolkata,East,Office Chair,Furniture,4,9500,0.1,34200.0,4748.14
ORD01417,2024-10-04,C006,Meera Joshi,Bengaluru,South,Wireless Mouse,Electronics,2,1200,0.0,2400.0,759.55
ORD01418,2025-12-16,C001,Aarav Sharma,Mumbai,West,Smartphone X,Electronics,2,42000,0.0,84000.0,26686.37
ORD01419,2025-06-03,C010,Diya Das,Bhubaneswar,East,Travel Bottle,Accessories,5,900,0.0,4500.0,1560.03
ORD01420,2025-01-13,C011,Aditya Mehta,Ahmedabad,West,Smartphone X,Electronics,3,42000,0.2,100800.0,4668.32
ORD01421,2024-06-26,C010,Diya Das,Bhubaneswar,East,Wireless Mouse,Electronics,2,1200,0.1,2160.0,609.12
ORD01422,2025-11-01,C010,Diya Das,Bhubaneswar,East,Study Desk,Furniture,4,7200,0.1,25920.0,6904.79
ORD01423,2025-12-08,C015,Yash Kulkarni,Nagpur,West,Study Desk,Furniture,1,7200,0.1,6480.0,1436.48
ORD01424,2025-04-21,C011,Aditya Mehta,Ahmedabad,West,Travel Bottle,Accessories,1,900,0.15,765.0,128.9
ORD01425,2025-10-27,C019,Neil Bhat,Indore,West,USB-C Cable,Accessories,2,750,0.0,1500.0,569.81
ORD01426,2024-02-16,C013,Reyansh Shah,Surat,West,LED Table Lamp,Furniture,2,1800,0.05,3420.0,1222.35
ORD01427,2025-08-11,C003,Rohan Deshmukh,Nashik,West,LED Table Lamp,Furniture,5,1800,0.1,8100.0,2274.65
ORD01428,2025-04-26,C008,Sanya Rao,Hyderabad,South,Premium Pen Set,Stationery,1,650,0.05,617.5,217.02
ORD01429,2025-11-10,C005,Kabir Verma,Jaipur,North,LED Table Lamp,Furniture,1,1800,0.0,1800.0,640.19
ORD01430,2025-01-16,C010,Diya Das,Bhubaneswar,East,USB-C Cable,Accessories,3,750,0.15,1912.5,559.67
ORD01431,2025-04-08,C003,Rohan Deshmukh,Nashik,West,Wireless Mouse,Electronics,3,1200,0.05,3420.0,683.45
ORD01432,2024-09-30,C020,Sara Khan,Bhopal,Central,USB-C Cable,Accessories,2,750,0.05,1425.0,521.51
ORD01433,2024-04-13,C010,Diya Das,Bhubaneswar,East,Notebook Pack,Stationery,2,450,0.05,855.0,291.65
ORD01434,2024-01-19,C008,Sanya Rao,Hyderabad,South,File Organizer,Stationery,3,380,0.05,1083.0,409.86
ORD01435,2025-04-09,C004,Ananya Singh,Delhi,North,Laptop Pro 14,Electronics,3,85000,0.05,242250.0,48279.86
ORD01436,2025-11-07,C011,Aditya Mehta,Ahmedabad,West,Bluetooth Headphones,Electronics,3,3200,0.1,8640.0,2343.17
ORD01437,2025-10-09,C004,Ananya Singh,Delhi,North,Premium Pen Set,Stationery,4,650,0.1,2340.0,617.79
ORD01438,2025-07-13,C016,Tara Menon,Kochi,South,Premium Pen Set,Stationery,5,650,0.15,2762.5,306.9
ORD01439,2025-10-12,C013,Reyansh Shah,Surat,West,Backpack,Accessories,1,2200,0.05,2090.0,690.01
ORD01440,2025-02-13,C006,Meera Joshi,Bengaluru,South,Notebook Pack,Stationery,5,450,0.1,2025.0,648.48
ORD01441,2024-03-28,C019,Neil Bhat,Indore,West,Laptop Pro 14,Electronics,5,85000,0.0,425000.0,130106.56
ORD01442,2025-07-31,C010,Diya Das,Bhubaneswar,East,Travel Bottle,Accessories,5,900,0.15,3825.0,434.56
ORD01443,2025-01-02,C020,Sara Khan,Bhopal,Central,USB-C Cable,Accessories,1,750,0.1,675.0,219.52
ORD01444,2025-10-14,C015,Yash Kulkarni,Nagpur,West,Wireless Mouse,Electronics,1,1200,0.05,1140.0,336.77
ORD01445,2024-01-03,C012,Myra Kapoor,Lucknow,North,Bluetooth Headphones,Electronics,3,3200,0.1,8640.0,1722.95
ORD01446,2025-07-14,C019,Neil Bhat,Indore,West,Office Chair,Furniture,1,9500,0.2,7600.0,317.15
ORD01447,2024-09-11,C014,Kiara Roy,Patna,East,Travel Bottle,Accessories,1,900,0.15,765.0,168.42
ORD01448,2024-09-27,C020,Sara Khan,Bhopal,Central,Notebook Pack,Stationery,1,450,0.1,405.0,104.76
ORD01449,2025-12-02,C020,Sara Khan,Bhopal,Central,Office Chair,Furniture,1,9500,0.1,8550.0,2073.49
ORD01450,2024-02-02,C008,Sanya Rao,Hyderabad,South,LED Table Lamp,Furniture,1,1800,0.15,1530.0,376.85
ORD01451,2024-02-24,C008,Sanya Rao,Hyderabad,South,Office Chair,Furniture,5,9500,0.15,40375.0,10538.23
ORD01452,2025-10-23,C003,Rohan Deshmukh,Nashik,West,Office Chair,Furniture,4,9500,0.1,34200.0,7090.52
ORD01453,2025-08-01,C010,Diya Das,Bhubaneswar,East,Laptop Pro 14,Electronics,1,85000,0.0,85000.0,32524.87
ORD01454,2025-09-16,C005,Kabir Verma,Jaipur,North,Study Desk,Furniture,3,7200,0.05,20520.0,6364.18
ORD01455,2025-04-27,C015,Yash Kulkarni,Nagpur,West,Smartphone X,Electronics,4,42000,0.1,151200.0,45402.83
ORD01456,2024-11-24,C009,Vivaan Gupta,Kolkata,East,Study Desk,Furniture,2,7200,0.0,14400.0,4595.72
ORD01457,2025-04-13,C016,Tara Menon,Kochi,South,LED Table Lamp,Furniture,5,1800,0.0,9000.0,3138.47
ORD01458,2024-02-21,C017,Dev Malhotra,Chandigarh,North,Office Chair,Furniture,4,9500,0.15,32300.0,2967.1
ORD01459,2025-01-27,C013,Reyansh Shah,Surat,West,Bookshelf,Furniture,5,5800,0.0,29000.0,7930.34
ORD01460,2024-07-14,C001,Aarav Sharma,Mumbai,West,Bookshelf,Furniture,4,5800,0.0,23200.0,5991.2
ORD01461,2024-12-21,C020,Sara Khan,Bhopal,Central,Travel Bottle,Accessories,1,900,0.05,855.0,177.58
ORD01462,2025-12-02,C018,Aanya Iyer,Coimbatore,South,Travel Bottle,Accessories,4,900,0.0,3600.0,890.67
ORD01463,2025-06-20,C012,Myra Kapoor,Lucknow,North,Smartphone X,Electronics,1,42000,0.1,37800.0,13288.9
ORD01464,2024-11-01,C003,Rohan Deshmukh,Nashik,West,Bluetooth Headphones,Electronics,1,3200,0.1,2880.0,937.28
ORD01465,2025-03-18,C008,Sanya Rao,Hyderabad,South,Smartphone X,Electronics,5,42000,0.05,199500.0,58054.56
ORD01466,2025-06-04,C018,Aanya Iyer,Coimbatore,South,Laptop Pro 14,Electronics,2,85000,0.0,170000.0,40813.18
ORD01467,2025-11-28,C016,Tara Menon,Kochi,South,USB-C Cable,Accessories,2,750,0.05,1425.0,424.03
ORD01468,2024-08-08,C015,Yash Kulkarni,Nagpur,West,Study Desk,Furniture,3,7200,0.05,20520.0,6945.29
ORD01469,2024-03-14,C003,Rohan Deshmukh,Nashik,West,Study Desk,Furniture,1,7200,0.0,7200.0,2996.0
ORD01470,2025-03-22,C010,Diya Das,Bhubaneswar,East,Backpack,Accessories,1,2200,0.0,2200.0,518.69
ORD01471,2024-12-11,C017,Dev Malhotra,Chandigarh,North,Study Desk,Furniture,4,7200,0.05,27360.0,7867.1
ORD01472,2025-01-14,C019,Neil Bhat,Indore,West,Bookshelf,Furniture,5,5800,0.1,26100.0,5692.21
ORD01473,2024-01-15,C010,Diya Das,Bhubaneswar,East,LED Table Lamp,Furniture,3,1800,0.0,5400.0,1270.92
ORD01474,2024-01-28,C001,Aarav Sharma,Mumbai,West,Laptop Pro 14,Electronics,4,85000,0.05,323000.0,104032.51
ORD01475,2024-07-28,C015,Yash Kulkarni,Nagpur,West,Office Chair,Furniture,1,9500,0.2,7600.0,1479.07
ORD01476,2025-01-09,C010,Diya Das,Bhubaneswar,East,Office Chair,Furniture,4,9500,0.05,36100.0,10366.06
ORD01477,2024-04-14,C010,Diya Das,Bhubaneswar,East,Notebook Pack,Stationery,5,450,0.05,2137.5,508.35
ORD01478,2025-09-22,C003,Rohan Deshmukh,Nashik,West,Wireless Mouse,Electronics,3,1200,0.0,3600.0,1139.68
ORD01479,2024-02-25,C012,Myra Kapoor,Lucknow,North,Bluetooth Headphones,Electronics,1,3200,0.0,3200.0,895.35
ORD01480,2025-03-22,C013,Reyansh Shah,Surat,West,Backpack,Accessories,4,2200,0.1,7920.0,1788.29
ORD01481,2024-08-05,C001,Aarav Sharma,Mumbai,West,Office Chair,Furniture,1,9500,0.05,9025.0,3187.54
ORD01482,2025-04-10,C007,Arjun Nair,Chennai,South,Wireless Mouse,Electronics,2,1200,0.1,2160.0,514.97
ORD01483,2024-10-14,C010,Diya Das,Bhubaneswar,East,Premium Pen Set,Stationery,1,650,0.0,650.0,145.06
ORD01484,2024-09-25,C003,Rohan Deshmukh,Nashik,West,Mechanical Keyboard,Electronics,1,4500,0.05,4275.0,1150.54
ORD01485,2025-04-24,C003,Rohan Deshmukh,Nashik,West,USB-C Cable,Accessories,5,750,0.0,3750.0,1345.35
ORD01486,2024-03-23,C001,Aarav Sharma,Mumbai,West,File Organizer,Stationery,5,380,0.15,1615.0,410.27
ORD01487,2025-08-12,C019,Neil Bhat,Indore,West,Premium Pen Set,Stationery,4,650,0.05,2470.0,578.73
ORD01488,2025-06-21,C018,Aanya Iyer,Coimbatore,South,File Organizer,Stationery,5,380,0.1,1710.0,337.77
ORD01489,2025-09-26,C006,Meera Joshi,Bengaluru,South,Travel Bottle,Accessories,4,900,0.05,3420.0,680.43
ORD01490,2024-10-25,C012,Myra Kapoor,Lucknow,North,Mechanical Keyboard,Electronics,3,4500,0.15,11475.0,2682.75
ORD01491,2024-10-06,C013,Reyansh Shah,Surat,West,File Organizer,Stationery,2,380,0.0,760.0,242.98
ORD01492,2024-09-29,C004,Ananya Singh,Delhi,North,File Organizer,Stationery,5,380,0.1,1710.0,314.93
ORD01493,2024-11-25,C003,Rohan Deshmukh,Nashik,West,USB-C Cable,Accessories,2,750,0.05,1425.0,404.42
ORD01494,2025-12-12,C003,Rohan Deshmukh,Nashik,West,Premium Pen Set,Stationery,1,650,0.1,585.0,109.52
ORD01495,2024-08-27,C007,Arjun Nair,Chennai,South,Mechanical Keyboard,Electronics,4,4500,0.0,18000.0,4801.83
ORD01496,2025-06-03,C006,Meera Joshi,Bengaluru,South,Wireless Mouse,Electronics,3,1200,0.05,3420.0,1234.43
ORD01497,2025-10-11,C006,Meera Joshi,Bengaluru,South,Travel Bottle,Accessories,1,900,0.15,765.0,209.96
ORD01498,2024-07-17,C019,Neil Bhat,Indore,West,USB-C Cable,Accessories,4,750,0.1,2700.0,686.21
ORD01499,2024-01-23,C016,Tara Menon,Kochi,South,Backpack,Accessories,1,2200,0.1,1980.0,455.07
ORD01500,2024-08-31,C007,Arjun Nair,Chennai,South,Premium Pen Set,Stationery,1,650,0.2,520.0,85.97
ORD01501,2025-01-14,C013,Reyansh Shah,Surat,West,Notebook Pack,Stationery,4,450,0.2,1440.0,86.64
ORD01502,2025-09-16,C014,Kiara Roy,Patna,East,Bookshelf,Furniture,2,5800,0.1,10440.0,3542.31
ORD01503,2025-09-06,C010,Diya Das,Bhubaneswar,East,LED Table Lamp,Furniture,3,1800,0.05,5130.0,1486.69
ORD01504,2025-03-17,C015,Yash Kulkarni,Nagpur,West,Wireless Mouse,Electronics,4,1200,0.1,4320.0,1262.87
ORD01505,2024-03-31,C007,Arjun Nair,Chennai,South,USB-C Cable,Accessories,2,750,0.0,1500.0,533.27
ORD01506,2024-11-01,C014,Kiara Roy,Patna,East,Office Chair,Furniture,3,9500,0.05,27075.0,7396.67
ORD01507,2025-11-06,C015,Yash Kulkarni,Nagpur,West,Notebook Pack,Stationery,5,450,0.05,2137.5,717.17
ORD01508,2024-03-10,C001,Aarav Sharma,Mumbai,West,Office Chair,Furniture,5,9500,0.05,45125.0,10498.78
ORD01509,2025-11-17,C018,Aanya Iyer,Coimbatore,South,Bluetooth Headphones,Electronics,2,3200,0.05,6080.0,1134.19
ORD01510,2024-08-13,C007,Arjun Nair,Chennai,South,Notebook Pack,Stationery,2,450,0.15,765.0,188.74
ORD01511,2024-02-29,C013,Reyansh Shah,Surat,West,Laptop Pro 14,Electronics,1,85000,0.1,76500.0,17504.69
ORD01512,2025-02-13,C013,Reyansh Shah,Surat,West,Premium Pen Set,Stationery,4,650,0.1,2340.0,723.93
ORD01513,2024-06-06,C017,Dev Malhotra,Chandigarh,North,Bookshelf,Furniture,1,5800,0.15,4930.0,588.74
ORD01514,2024-03-09,C006,Meera Joshi,Bengaluru,South,LED Table Lamp,Furniture,1,1800,0.05,1710.0,608.14
ORD01515,2025-10-04,C017,Dev Malhotra,Chandigarh,North,Mechanical Keyboard,Electronics,4,4500,0.05,17100.0,3181.59
ORD01516,2024-05-24,C014,Kiara Roy,Patna,East,Bluetooth Headphones,Electronics,5,3200,0.15,13600.0,4190.13
ORD01517,2025-03-09,C003,Rohan Deshmukh,Nashik,West,Premium Pen Set,Stationery,1,650,0.05,617.5,188.19
ORD01518,2024-10-19,C014,Kiara Roy,Patna,East,Notebook Pack,Stationery,1,450,0.05,427.5,133.87
ORD01519,2024-08-17,C016,Tara Menon,Kochi,South,Travel Bottle,Accessories,2,900,0.05,1710.0,324.39
ORD01520,2025-12-26,C012,Myra Kapoor,Lucknow,North,Laptop Pro 14,Electronics,1,85000,0.05,80750.0,27916.66
ORD01521,2025-06-22,C010,Diya Das,Bhubaneswar,East,Backpack,Accessories,2,2200,0.0,4400.0,1761.89
ORD01522,2025-02-18,C009,Vivaan Gupta,Kolkata,East,Premium Pen Set,Stationery,5,650,0.0,3250.0,1312.54
ORD01523,2024-12-06,C010,Diya Das,Bhubaneswar,East,Study Desk,Furniture,4,7200,0.05,27360.0,6887.6
ORD01524,2025-11-01,C011,Aditya Mehta,Ahmedabad,West,Bluetooth Headphones,Electronics,4,3200,0.15,10880.0,2560.5
ORD01525,2024-01-17,C013,Reyansh Shah,Surat,West,Premium Pen Set,Stationery,3,650,0.05,1852.5,537.89
ORD01526,2025-07-08,C016,Tara Menon,Kochi,South,Mechanical Keyboard,Electronics,3,4500,0.05,12825.0,4881.06
ORD01527,2025-10-05,C016,Tara Menon,Kochi,South,Smartphone X,Electronics,2,42000,0.0,84000.0,23876.36
ORD01528,2024-03-21,C013,Reyansh Shah,Surat,West,Notebook Pack,Stationery,2,450,0.0,900.0,329.47
ORD01529,2025-03-03,C004,Ananya Singh,Delhi,North,Premium Pen Set,Stationery,5,650,0.0,3250.0,889.41
ORD01530,2025-08-19,C009,Vivaan Gupta,Kolkata,East,Backpack,Accessories,3,2200,0.0,6600.0,1582.8
ORD01531,2024-01-02,C010,Diya Das,Bhubaneswar,East,File Organizer,Stationery,3,380,0.05,1083.0,353.78
ORD01532,2024-12-02,C007,Arjun Nair,Chennai,South,Bookshelf,Furniture,3,5800,0.05,16530.0,5564.56
ORD01533,2024-01-07,C009,Vivaan Gupta,Kolkata,East,Mechanical Keyboard,Electronics,5,4500,0.1,20250.0,3699.25
ORD01534,2025-07-26,C002,Isha Patel,Pune,West,Wireless Mouse,Electronics,2,1200,0.05,2280.0,842.53
ORD01535,2024-03-20,C011,Aditya Mehta,Ahmedabad,West,Laptop Pro 14,Electronics,5,85000,0.0,425000.0,128410.71
ORD01536,2025-12-18,C011,Aditya Mehta,Ahmedabad,West,Mechanical Keyboard,Electronics,1,4500,0.15,3825.0,597.58
ORD01537,2025-07-15,C017,Dev Malhotra,Chandigarh,North,USB-C Cable,Accessories,4,750,0.1,2700.0,717.29
ORD01538,2024-08-22,C004,Ananya Singh,Delhi,North,Premium Pen Set,Stationery,4,650,0.05,2470.0,788.98
ORD01539,2025-07-22,C017,Dev Malhotra,Chandigarh,North,Study Desk,Furniture,2,7200,0.05,13680.0,4303.32
ORD01540,2024-09-13,C019,Neil Bhat,Indore,West,Smartphone X,Electronics,4,42000,0.1,151200.0,43520.03
ORD01541,2025-09-16,C012,Myra Kapoor,Lucknow,North,Notebook Pack,Stationery,5,450,0.0,2250.0,651.09
ORD01542,2025-09-19,C019,Neil Bhat,Indore,West,Smartphone X,Electronics,4,42000,0.1,151200.0,29089.95
ORD01543,2025-08-08,C015,Yash Kulkarni,Nagpur,West,Notebook Pack,Stationery,2,450,0.0,900.0,344.99
ORD01544,2024-07-04,C012,Myra Kapoor,Lucknow,North,Laptop Pro 14,Electronics,3,85000,0.1,229500.0,37698.65
ORD01545,2025-08-23,C001,Aarav Sharma,Mumbai,West,Bluetooth Headphones,Electronics,5,3200,0.15,13600.0,1838.94
ORD01546,2024-08-28,C014,Kiara Roy,Patna,East,Wireless Mouse,Electronics,3,1200,0.2,2880.0,236.1
ORD01547,2025-04-15,C009,Vivaan Gupta,Kolkata,East,Study Desk,Furniture,4,7200,0.1,25920.0,8546.26
ORD01548,2024-07-31,C009,Vivaan Gupta,Kolkata,East,Notebook Pack,Stationery,3,450,0.1,1215.0,297.74
ORD01549,2025-06-24,C015,Yash Kulkarni,Nagpur,West,Study Desk,Furniture,4,7200,0.2,23040.0,802.28
ORD01550,2025-05-16,C019,Neil Bhat,Indore,West,Travel Bottle,Accessories,1,900,0.15,765.0,133.03
ORD01551,2024-05-21,C012,Myra Kapoor,Lucknow,North,Laptop Pro 14,Electronics,5,85000,0.15,361250.0,43823.52
ORD01552,2024-11-02,C006,Meera Joshi,Bengaluru,South,Study Desk,Furniture,1,7200,0.05,6840.0,2179.93
ORD01553,2025-11-01,C016,Tara Menon,Kochi,South,USB-C Cable,Accessories,1,750,0.1,675.0,135.17
ORD01554,2025-07-17,C010,Diya Das,Bhubaneswar,East,Bookshelf,Furniture,2,5800,0.1,10440.0,3693.42
ORD01555,2025-11-29,C018,Aanya Iyer,Coimbatore,South,Bluetooth Headphones,Electronics,2,3200,0.1,5760.0,1944.24
ORD01556,2025-09-12,C013,Reyansh Shah,Surat,West,Laptop Pro 14,Electronics,2,85000,0.05,161500.0,30211.8
ORD01557,2024-03-07,C007,Arjun Nair,Chennai,South,Bookshelf,Furniture,5,5800,0.05,27550.0,7427.0
ORD01558,2025-08-30,C007,Arjun Nair,Chennai,South,Laptop Pro 14,Electronics,5,85000,0.15,361250.0,33772.81
ORD01559,2025-04-07,C020,Sara Khan,Bhopal,Central,Bluetooth Headphones,Electronics,2,3200,0.2,5120.0,1054.41
ORD01560,2025-04-26,C001,Aarav Sharma,Mumbai,West,Bluetooth Headphones,Electronics,2,3200,0.1,5760.0,1810.0
ORD01561,2025-06-11,C013,Reyansh Shah,Surat,West,Study Desk,Furniture,2,7200,0.1,12960.0,2244.74
ORD01562,2025-05-14,C010,Diya Das,Bhubaneswar,East,File Organizer,Stationery,1,380,0.1,342.0,117.31
ORD01563,2024-04-24,C009,Vivaan Gupta,Kolkata,East,Notebook Pack,Stationery,3,450,0.2,1080.0,45.61
ORD01564,2025-01-21,C002,Isha Patel,Pune,West,Laptop Pro 14,Electronics,2,85000,0.1,153000.0,32623.57
ORD01565,2025-12-11,C016,Tara Menon,Kochi,South,USB-C Cable,Accessories,5,750,0.0,3750.0,1406.56
ORD01566,2024-07-21,C001,Aarav Sharma,Mumbai,West,Smartphone X,Electronics,4,42000,0.15,142800.0,17446.22
ORD01567,2025-04-17,C001,Aarav Sharma,Mumbai,West,Wireless Mouse,Electronics,3,1200,0.1,3240.0,439.76
ORD01568,2025-05-04,C006,Meera Joshi,Bengaluru,South,Laptop Pro 14,Electronics,4,85000,0.0,340000.0,78756.48
ORD01569,2024-03-24,C003,Rohan Deshmukh,Nashik,West,Study Desk,Furniture,3,7200,0.1,19440.0,4749.49
ORD01570,2024-09-20,C017,Dev Malhotra,Chandigarh,North,USB-C Cable,Accessories,5,750,0.05,3562.5,1246.03
ORD01571,2024-06-21,C004,Ananya Singh,Delhi,North,Office Chair,Furniture,2,9500,0.15,16150.0,5021.43
ORD01572,2024-02-06,C007,Arjun Nair,Chennai,South,Laptop Pro 14,Electronics,5,85000,0.15,361250.0,36560.97
ORD01573,2025-06-27,C006,Meera Joshi,Bengaluru,South,File Organizer,Stationery,2,380,0.05,722.0,198.77
ORD01574,2025-06-28,C010,Diya Das,Bhubaneswar,East,Travel Bottle,Accessories,4,900,0.1,3240.0,637.64
ORD01575,2024-02-28,C020,Sara Khan,Bhopal,Central,Laptop Pro 14,Electronics,3,85000,0.05,242250.0,94284.49
ORD01576,2025-04-01,C017,Dev Malhotra,Chandigarh,North,File Organizer,Stationery,1,380,0.05,361.0,123.72
ORD01577,2025-09-28,C001,Aarav Sharma,Mumbai,West,Laptop Pro 14,Electronics,4,85000,0.0,340000.0,85680.12
ORD01578,2025-03-18,C016,Tara Menon,Kochi,South,Wireless Mouse,Electronics,1,1200,0.0,1200.0,266.35
ORD01579,2025-03-20,C008,Sanya Rao,Hyderabad,South,Mechanical Keyboard,Electronics,2,4500,0.2,7200.0,1474.07
ORD01580,2025-11-10,C019,Neil Bhat,Indore,West,Wireless Mouse,Electronics,2,1200,0.1,2160.0,334.06
ORD01581,2024-05-25,C007,Arjun Nair,Chennai,South,USB-C Cable,Accessories,1,750,0.0,750.0,268.02
ORD01582,2025-01-02,C006,Meera Joshi,Bengaluru,South,Office Chair,Furniture,3,9500,0.0,28500.0,8330.3
ORD01583,2025-08-10,C017,Dev Malhotra,Chandigarh,North,Smartphone X,Electronics,3,42000,0.05,119700.0,24921.96
ORD01584,2024-09-24,C009,Vivaan Gupta,Kolkata,East,Mechanical Keyboard,Electronics,3,4500,0.05,12825.0,3156.16
ORD01585,2025-03-15,C012,Myra Kapoor,Lucknow,North,LED Table Lamp,Furniture,1,1800,0.05,1710.0,625.44
ORD01586,2025-09-03,C013,Reyansh Shah,Surat,West,Laptop Pro 14,Electronics,2,85000,0.15,144500.0,17412.31
ORD01587,2024-01-23,C007,Arjun Nair,Chennai,South,Travel Bottle,Accessories,2,900,0.1,1620.0,555.72
ORD01588,2025-07-19,C010,Diya Das,Bhubaneswar,East,LED Table Lamp,Furniture,5,1800,0.05,8550.0,2541.06
ORD01589,2025-10-01,C005,Kabir Verma,Jaipur,North,Backpack,Accessories,1,2200,0.1,1980.0,615.93
ORD01590,2024-07-19,C020,Sara Khan,Bhopal,Central,Wireless Mouse,Electronics,2,1200,0.0,2400.0,972.84
ORD01591,2025-10-09,C001,Aarav Sharma,Mumbai,West,Laptop Pro 14,Electronics,4,85000,0.1,306000.0,63281.79
ORD01592,2024-05-04,C009,Vivaan Gupta,Kolkata,East,Premium Pen Set,Stationery,5,650,0.05,3087.5,996.71
ORD01593,2024-09-18,C019,Neil Bhat,Indore,West,Smartphone X,Electronics,2,42000,0.15,71400.0,15705.25
ORD01594,2024-11-28,C013,Reyansh Shah,Surat,West,Backpack,Accessories,3,2200,0.2,5280.0,775.36
ORD01595,2025-06-05,C001,Aarav Sharma,Mumbai,West,Backpack,Accessories,5,2200,0.0,11000.0,4502.44
ORD01596,2024-05-10,C003,Rohan Deshmukh,Nashik,West,Study Desk,Furniture,4,7200,0.1,25920.0,6437.24
ORD01597,2025-06-25,C007,Arjun Nair,Chennai,South,Wireless Mouse,Electronics,3,1200,0.0,3600.0,1065.01
ORD01598,2025-03-24,C010,Diya Das,Bhubaneswar,East,File Organizer,Stationery,1,380,0.0,380.0,92.53
ORD01599,2024-05-22,C001,Aarav Sharma,Mumbai,West,LED Table Lamp,Furniture,3,1800,0.05,5130.0,1253.3
ORD01600,2024-06-12,C001,Aarav Sharma,Mumbai,West,Bluetooth Headphones,Electronics,5,3200,0.2,12800.0,1117.47
ORD01601,2025-08-25,C014,Kiara Roy,Patna,East,Bookshelf,Furniture,4,5800,0.1,20880.0,5845.4
ORD01602,2025-07-19,C004,Ananya Singh,Delhi,North,Travel Bottle,Accessories,3,900,0.0,2700.0,1084.33
ORD01603,2024-03-17,C014,Kiara Roy,Patna,East,Study Desk,Furniture,4,7200,0.05,27360.0,7304.46
ORD01604,2024-06-13,C006,Meera Joshi,Bengaluru,South,Notebook Pack,Stationery,2,450,0.05,855.0,155.61
ORD01605,2024-11-01,C019,Neil Bhat,Indore,West,Laptop Pro 14,Electronics,5,85000,0.15,361250.0,110093.1
ORD01606,2025-11-25,C011,Aditya Mehta,Ahmedabad,West,Laptop Pro 14,Electronics,3,85000,0.1,229500.0,54699.72
ORD01607,2025-03-31,C009,Vivaan Gupta,Kolkata,East,Notebook Pack,Stationery,2,450,0.0,900.0,263.91
ORD01608,2025-04-13,C019,Neil Bhat,Indore,West,File Organizer,Stationery,4,380,0.0,1520.0,414.67
ORD01609,2025-09-23,C019,Neil Bhat,Indore,West,Wireless Mouse,Electronics,1,1200,0.05,1140.0,432.86
ORD01610,2024-07-07,C002,Isha Patel,Pune,West,Notebook Pack,Stationery,1,450,0.0,450.0,148.88
ORD01611,2024-06-12,C009,Vivaan Gupta,Kolkata,East,USB-C Cable,Accessories,4,750,0.1,2700.0,620.98
ORD01612,2024-06-22,C018,Aanya Iyer,Coimbatore,South,Office Chair,Furniture,2,9500,0.0,19000.0,5647.39
ORD01613,2025-03-31,C013,Reyansh Shah,Surat,West,Study Desk,Furniture,3,7200,0.1,19440.0,4063.29
ORD01614,2025-06-12,C018,Aanya Iyer,Coimbatore,South,Office Chair,Furniture,3,9500,0.0,28500.0,7871.57
ORD01615,2025-03-13,C001,Aarav Sharma,Mumbai,West,Backpack,Accessories,5,2200,0.05,10450.0,4013.37
ORD01616,2025-04-11,C005,Kabir Verma,Jaipur,North,Study Desk,Furniture,3,7200,0.05,20520.0,3962.99
ORD01617,2025-12-10,C008,Sanya Rao,Hyderabad,South,Bluetooth Headphones,Electronics,1,3200,0.1,2880.0,840.44
ORD01618,2025-06-02,C014,Kiara Roy,Patna,East,Study Desk,Furniture,3,7200,0.15,18360.0,3670.71
ORD01619,2025-06-16,C001,Aarav Sharma,Mumbai,West,Premium Pen Set,Stationery,3,650,0.05,1852.5,349.19
ORD01620,2024-08-21,C003,Rohan Deshmukh,Nashik,West,Premium Pen Set,Stationery,4,650,0.0,2600.0,1015.62
ORD01621,2025-03-29,C012,Myra Kapoor,Lucknow,North,Study Desk,Furniture,1,7200,0.0,7200.0,2846.8
ORD01622,2025-02-28,C010,Diya Das,Bhubaneswar,East,Backpack,Accessories,4,2200,0.05,8360.0,1512.35
ORD01623,2024-12-13,C018,Aanya Iyer,Coimbatore,South,File Organizer,Stationery,3,380,0.0,1140.0,427.94
ORD01624,2025-02-05,C001,Aarav Sharma,Mumbai,West,LED Table Lamp,Furniture,5,1800,0.1,8100.0,1756.13
ORD01625,2025-03-20,C011,Aditya Mehta,Ahmedabad,West,Premium Pen Set,Stationery,2,650,0.05,1235.0,373.92
ORD01626,2025-07-19,C003,Rohan Deshmukh,Nashik,West,Travel Bottle,Accessories,4,900,0.15,3060.0,730.12
ORD01627,2024-04-30,C004,Ananya Singh,Delhi,North,LED Table Lamp,Furniture,4,1800,0.05,6840.0,2367.07
ORD01628,2024-06-14,C015,Yash Kulkarni,Nagpur,West,Laptop Pro 14,Electronics,3,85000,0.1,229500.0,46314.94
ORD01629,2025-02-04,C014,Kiara Roy,Patna,East,LED Table Lamp,Furniture,3,1800,0.05,5130.0,1925.38
ORD01630,2025-09-14,C013,Reyansh Shah,Surat,West,Mechanical Keyboard,Electronics,2,4500,0.0,9000.0,3755.45
ORD01631,2024-10-24,C009,Vivaan Gupta,Kolkata,East,Study Desk,Furniture,4,7200,0.05,27360.0,7801.03
ORD01632,2025-12-06,C010,Diya Das,Bhubaneswar,East,Study Desk,Furniture,5,7200,0.1,32400.0,5170.3
ORD01633,2025-05-17,C016,Tara Menon,Kochi,South,Notebook Pack,Stationery,5,450,0.1,2025.0,538.98
ORD01634,2024-12-29,C010,Diya Das,Bhubaneswar,East,Wireless Mouse,Electronics,2,1200,0.2,1920.0,385.08
ORD01635,2025-09-17,C008,Sanya Rao,Hyderabad,South,Premium Pen Set,Stationery,1,650,0.05,617.5,161.09
ORD01636,2024-04-19,C018,Aanya Iyer,Coimbatore,South,Bluetooth Headphones,Electronics,4,3200,0.05,12160.0,3671.07
ORD01637,2024-01-26,C011,Aditya Mehta,Ahmedabad,West,Notebook Pack,Stationery,1,450,0.1,405.0,93.22
ORD01638,2024-07-23,C003,Rohan Deshmukh,Nashik,West,USB-C Cable,Accessories,3,750,0.15,1912.5,390.69
ORD01639,2024-08-28,C009,Vivaan Gupta,Kolkata,East,Premium Pen Set,Stationery,3,650,0.05,1852.5,530.16
ORD01640,2024-10-10,C007,Arjun Nair,Chennai,South,Backpack,Accessories,1,2200,0.05,2090.0,631.21
ORD01641,2024-06-11,C010,Diya Das,Bhubaneswar,East,Laptop Pro 14,Electronics,3,85000,0.1,229500.0,42891.22
ORD01642,2024-05-06,C012,Myra Kapoor,Lucknow,North,Laptop Pro 14,Electronics,3,85000,0.05,242250.0,79442.54
ORD01643,2025-05-17,C015,Yash Kulkarni,,West,Premium Pen Set,Stationery,3,650,0.1,1755.0,604.77
ORD01644,2024-01-01,C017,Dev Malhotra,Chandigarh,North,LED Table Lamp,Furniture,5,1800,0.05,8550.0,2478.91
ORD01645,2024-12-14,C020,Sara Khan,Bhopal,Central,Office Chair,Furniture,1,9500,0.05,9025.0,1668.29
ORD01646,2024-02-20,C017,Dev Malhotra,Chandigarh,North,Bluetooth Headphones,Electronics,3,3200,0.15,8160.0,934.1
ORD01647,2025-09-14,C008,Sanya Rao,Hyderabad,South,Laptop Pro 14,Electronics,4,85000,0.15,289000.0,39490.96
ORD01648,2025-09-12,C015,Yash Kulkarni,Nagpur,West,Office Chair,Furniture,1,9500,0.0,9500.0,3021.46
ORD01649,2024-01-29,C006,Meera Joshi,Bengaluru,South,USB-C Cable,Accessories,2,750,0.1,1350.0,417.14
ORD01650,2025-05-11,C012,Myra Kapoor,Lucknow,North,Backpack,Accessories,4,2200,0.1,7920.0,1175.83
ORD01651,2025-10-30,C002,Isha Patel,Pune,West,Bluetooth Headphones,Electronics,3,3200,0.0,9600.0,2874.21
ORD01652,2025-07-03,C003,Rohan Deshmukh,Nashik,West,Office Chair,Furniture,2,9500,0.15,16150.0,1330.98
ORD01653,2025-11-13,C007,Arjun Nair,Chennai,South,Bluetooth Headphones,Electronics,5,3200,0.05,15200.0,2777.9
ORD01654,2025-10-01,C012,Myra Kapoor,Lucknow,North,Smartphone X,Electronics,5,42000,0.1,189000.0,41826.51
ORD01655,2024-07-29,C005,Kabir Verma,Jaipur,North,Premium Pen Set,Stationery,3,650,0.05,1852.5,714.12
ORD01656,2024-05-01,C011,Aditya Mehta,Ahmedabad,West,Study Desk,Furniture,5,7200,0.05,34200.0,10362.18
ORD01657,2024-10-23,C010,Diya Das,Bhubaneswar,East,Backpack,Accessories,5,2200,0.0,11000.0,3105.76
ORD01658,2024-01-08,C020,Sara Khan,Bhopal,Central,Notebook Pack,Stationery,5,450,0.1,2025.0,516.03
ORD01659,2025-03-13,C008,Sanya Rao,Hyderabad,South,Backpack,Accessories,1,2200,0.1,1980.0,302.15
ORD01660,2025-05-28,C018,Aanya Iyer,Coimbatore,South,LED Table Lamp,Furniture,2,1800,0.05,3420.0,1181.15
ORD01661,2024-07-14,C018,Aanya Iyer,Coimbatore,South,Bluetooth Headphones,Electronics,1,3200,0.1,2880.0,584.14
ORD01662,2024-08-08,C017,Dev Malhotra,Chandigarh,North,Notebook Pack,Stationery,1,450,0.05,427.5,160.88
ORD01663,2024-10-02,C013,Reyansh Shah,Surat,West,Wireless Mouse,Electronics,3,1200,0.0,3600.0,1027.54
ORD01664,2024-08-28,C013,Reyansh Shah,Surat,West,Bluetooth Headphones,Electronics,3,3200,0.1,8640.0,2301.04
ORD01665,2024-07-18,C002,Isha Patel,Pune,West,Office Chair,Furniture,2,9500,0.1,17100.0,5296.45
ORD01666,2025-10-04,C020,Sara Khan,Bhopal,Central,Notebook Pack,Stationery,5,450,0.05,2137.5,497.18
ORD01667,2024-06-10,C005,Kabir Verma,Jaipur,North,Bluetooth Headphones,Electronics,5,3200,0.1,14400.0,2490.72
ORD01668,2025-04-10,C019,Neil Bhat,Indore,West,Notebook Pack,Stationery,1,450,0.0,450.0,117.51
ORD01669,2025-05-08,C003,Rohan Deshmukh,Nashik,West,Wireless Mouse,Electronics,2,1200,0.1,2160.0,742.68
ORD01670,2025-03-24,C018,Aanya Iyer,Coimbatore,South,Notebook Pack,Stationery,3,450,0.05,1282.5,472.3
ORD01671,2025-08-29,C003,Rohan Deshmukh,Nashik,West,Laptop Pro 14,Electronics,4,85000,0.0,340000.0,134142.79
ORD01672,2024-01-25,C012,Myra Kapoor,Lucknow,North,USB-C Cable,Accessories,5,750,0.1,3375.0,931.23
ORD01673,2024-05-15,C004,Ananya Singh,Delhi,North,Smartphone X,Electronics,1,42000,0.05,39900.0,8315.38
ORD01674,2024-11-19,C020,Sara Khan,Bhopal,Central,Bluetooth Headphones,Electronics,3,3200,0.15,8160.0,2297.98
ORD01675,2025-07-31,C007,Arjun Nair,Chennai,South,Laptop Pro 14,Electronics,1,85000,0.0,85000.0,31605.07
ORD01676,2024-03-15,C002,Isha Patel,Pune,West,Laptop Pro 14,Electronics,2,85000,0.0,170000.0,60138.92
ORD01677,2025-07-06,C002,Isha Patel,Pune,West,File Organizer,Stationery,2,380,0.05,722.0,207.32
ORD01678,2025-12-27,C017,Dev Malhotra,Chandigarh,North,File Organizer,Stationery,1,380,0.1,342.0,53.73
ORD01679,2025-07-13,C019,Neil Bhat,Indore,West,Laptop Pro 14,Electronics,2,85000,0.0,170000.0,63249.89
ORD01680,2024-03-17,C016,Tara Menon,Kochi,South,Bluetooth Headphones,Electronics,5,3200,0.2,12800.0,1816.63
ORD01681,2024-03-14,C001,Aarav Sharma,Mumbai,West,Bluetooth Headphones,Electronics,3,3200,0.15,8160.0,1127.05
ORD01682,2024-12-10,C008,Sanya Rao,Hyderabad,South,Premium Pen Set,Stationery,4,650,0.15,2210.0,201.6
ORD01683,2024-11-08,C004,Ananya Singh,Delhi,North,Wireless Mouse,Electronics,2,1200,0.1,2160.0,528.18
ORD01684,2025-06-11,C011,Aditya Mehta,Ahmedabad,West,Notebook Pack,Stationery,1,450,0.05,427.5,136.71
ORD01685,2024-03-06,C007,Arjun Nair,Chennai,South,LED Table Lamp,Furniture,4,1800,0.15,6120.0,1087.27
ORD01686,2024-04-21,C018,Aanya Iyer,Coimbatore,South,Study Desk,Furniture,5,7200,0.1,32400.0,4428.36
ORD01687,2024-11-19,C013,Reyansh Shah,Surat,West,Premium Pen Set,Stationery,2,650,0.15,1105.0,342.6
ORD01688,2024-12-19,C009,Vivaan Gupta,Kolkata,East,File Organizer,Stationery,2,380,0.1,684.0,170.95
ORD01689,2024-06-28,C005,Kabir Verma,Jaipur,North,Premium Pen Set,Stationery,4,650,0.1,2340.0,472.71
ORD01690,2025-02-14,C010,Diya Das,Bhubaneswar,East,Notebook Pack,Stationery,5,450,0.1,2025.0,429.81
ORD01691,2025-10-07,C017,Dev Malhotra,Chandigarh,North,Smartphone X,Electronics,2,42000,0.0,84000.0,30148.73
ORD01692,2024-07-05,C015,Yash Kulkarni,Nagpur,West,LED Table Lamp,Furniture,3,1800,0.1,4860.0,838.29
ORD01693,2025-09-26,C016,Tara Menon,Kochi,South,Bookshelf,Furniture,3,5800,0.0,17400.0,4830.21
ORD01694,2025-08-04,C011,Aditya Mehta,Ahmedabad,West,Travel Bottle,Accessories,3,900,0.2,2160.0,525.61
ORD01695,2024-04-04,C017,Dev Malhotra,Chandigarh,North,LED Table Lamp,Furniture,1,1800,0.05,1710.0,535.25
ORD01696,2025-11-25,C019,Neil Bhat,Indore,West,Travel Bottle,Accessories,3,900,0.2,2160.0,259.55
ORD01697,2025-06-23,C018,Aanya Iyer,Coimbatore,South,Notebook Pack,Stationery,3,450,0.05,1282.5,327.21
ORD01698,2025-10-07,C001,Aarav Sharma,Mumbai,West,Bookshelf,Furniture,1,5800,0.1,5220.0,1809.22
ORD01699,2025-11-17,C011,Aditya Mehta,Ahmedabad,West,Mechanical Keyboard,Electronics,5,4500,0.2,18000.0,3650.36
ORD01700,2025-02-20,C007,Arjun Nair,Chennai,South,Laptop Pro 14,Electronics,5,85000,0.05,403750.0,129173.85
ORD01701,2024-11-11,C006,Meera Joshi,Bengaluru,South,Laptop Pro 14,Electronics,2,85000,0.05,161500.0,55852.39
ORD01702,2025-04-08,C008,Sanya Rao,Hyderabad,South,Bookshelf,Furniture,5,5800,0.05,27550.0,7382.24
ORD01703,2025-04-24,C006,Meera Joshi,Bengaluru,South,Premium Pen Set,Stationery,3,650,0.15,1657.5,483.24
ORD01704,2024-07-20,C005,Kabir Verma,Jaipur,North,Notebook Pack,Stationery,1,450,0.0,450.0,183.73
ORD01705,2024-02-03,C007,Arjun Nair,Chennai,South,Notebook Pack,Stationery,4,450,0.2,1440.0,62.44
ORD01706,2025-02-16,C012,Myra Kapoor,Lucknow,North,Laptop Pro 14,Electronics,4,85000,0.0,340000.0,95972.14
ORD01707,2024-09-24,C010,Diya Das,Bhubaneswar,East,Backpack,Accessories,2,2200,0.15,3740.0,1044.46
ORD01708,2024-12-30,C003,Rohan Deshmukh,Nashik,West,USB-C Cable,Accessories,1,750,0.0,750.0,227.75
ORD01709,2024-02-28,C015,Yash Kulkarni,Nagpur,West,Office Chair,Furniture,3,9500,0.1,25650.0,7962.94
ORD01710,2024-05-28,C007,Arjun Nair,Chennai,South,LED Table Lamp,Furniture,5,1800,0.1,8100.0,2705.55
ORD01711,2024-11-04,C005,Kabir Verma,Jaipur,North,Travel Bottle,Accessories,4,900,0.0,3600.0,1508.17
ORD01712,2025-09-17,C002,Isha Patel,Pune,West,Backpack,Accessories,5,2200,0.05,10450.0,2600.83
ORD01713,2025-03-22,C003,Rohan Deshmukh,Nashik,West,Bluetooth Headphones,Electronics,4,3200,0.15,10880.0,1622.66
ORD01714,2024-08-31,C004,Ananya Singh,Delhi,North,Laptop Pro 14,Electronics,2,85000,0.0,170000.0,65257.47
ORD01715,2025-10-08,C008,Sanya Rao,Hyderabad,South,Smartphone X,Electronics,3,42000,0.1,113400.0,39765.94
ORD01716,2025-09-11,C019,Neil Bhat,Indore,West,USB-C Cable,Accessories,2,750,0.1,1350.0,370.47
ORD01717,2024-10-30,C009,Vivaan Gupta,Kolkata,East,Study Desk,Furniture,4,7200,0.05,27360.0,10034.14
ORD01718,2024-01-29,C010,Diya Das,Bhubaneswar,East,Backpack,Accessories,1,2200,0.1,1980.0,632.04
ORD01719,2024-07-02,C017,Dev Malhotra,Chandigarh,North,LED Table Lamp,Furniture,5,1800,0.0,9000.0,3176.0
ORD01720,2024-09-21,C007,Arjun Nair,Chennai,South,Mechanical Keyboard,Electronics,2,4500,0.1,8100.0,2650.38
ORD01721,2025-07-26,C010,Diya Das,Bhubaneswar,East,Backpack,Accessories,4,2200,0.1,7920.0,1109.79
ORD01722,2025-07-15,C004,Ananya Singh,Delhi,North,File Organizer,Stationery,5,380,0.1,1710.0,290.17
ORD01723,2025-11-10,C002,Isha Patel,Pune,West,Wireless Mouse,Electronics,1,1200,0.0,1200.0,388.94
ORD01724,2024-07-08,C015,Yash Kulkarni,Nagpur,West,Smartphone X,Electronics,4,42000,0.1,151200.0,28081.01
ORD01725,2024-08-30,C019,Neil Bhat,Indore,West,USB-C Cable,Accessories,3,750,0.1,2025.0,505.46
ORD01726,2025-08-16,C013,Reyansh Shah,Surat,West,Notebook Pack,Stationery,2,450,0.15,765.0,75.63
ORD01727,2024-11-06,C012,Myra Kapoor,Lucknow,North,USB-C Cable,Accessories,3,750,0.0,2250.0,861.91
ORD01728,2024-10-06,C008,Sanya Rao,Hyderabad,South,LED Table Lamp,Furniture,5,1800,0.0,9000.0,2294.44
ORD01729,2024-12-01,C012,Myra Kapoor,Lucknow,North,Smartphone X,Electronics,4,42000,0.15,142800.0,41630.57
ORD01730,2024-09-10,C006,Meera Joshi,Bengaluru,South,Smartphone X,Electronics,5,42000,0.05,199500.0,44696.04
ORD01731,2025-05-25,C004,Ananya Singh,Delhi,North,Bookshelf,Furniture,3,5800,0.05,16530.0,4322.3
ORD01732,2024-08-05,C011,Aditya Mehta,Ahmedabad,West,File Organizer,Stationery,5,380,0.0,1900.0,620.25
ORD01733,2025-01-07,C001,Aarav Sharma,Mumbai,West,USB-C Cable,Accessories,4,750,0.15,2550.0,751.17
ORD01734,2025-02-01,C016,Tara Menon,Kochi,South,Premium Pen Set,Stationery,4,650,0.15,2210.0,416.83
ORD01735,2024-05-07,C006,Meera Joshi,Bengaluru,South,Mechanical Keyboard,Electronics,3,4500,0.15,11475.0,2374.72
ORD01736,2025-07-24,C016,Tara Menon,Kochi,South,Bluetooth Headphones,Electronics,5,3200,0.1,14400.0,2676.45
ORD01737,2024-06-14,C009,Vivaan Gupta,Kolkata,East,File Organizer,Stationery,1,380,0.1,342.0,113.0
ORD01738,2025-07-30,C020,Sara Khan,Bhopal,Central,USB-C Cable,Accessories,1,750,0.1,675.0,152.89
ORD01739,2024-06-06,C002,Isha Patel,Pune,West,Notebook Pack,Stationery,3,450,0.0,1350.0,411.61
ORD01740,2024-03-12,C019,Neil Bhat,Indore,West,Wireless Mouse,Electronics,5,1200,0.0,6000.0,1724.51
ORD01741,2025-10-13,C017,Dev Malhotra,Chandigarh,North,Travel Bottle,Accessories,4,900,0.1,3240.0,645.77
ORD01742,2024-03-17,C012,Myra Kapoor,Lucknow,North,Mechanical Keyboard,Electronics,5,4500,0.0,22500.0,5133.44
ORD01743,2025-01-05,C009,Vivaan Gupta,Kolkata,East,Premium Pen Set,Stationery,4,650,0.1,2340.0,598.05
ORD01744,2024-10-30,C005,Kabir Verma,Jaipur,North,Smartphone X,Electronics,2,42000,0.15,71400.0,8462.37
ORD01745,2024-01-14,C007,Arjun Nair,Chennai,South,Backpack,Accessories,4,2200,0.15,7480.0,1629.88
ORD01746,2025-06-13,C012,Myra Kapoor,Lucknow,North,Office Chair,Furniture,3,9500,0.05,27075.0,4955.31
ORD01747,2025-06-30,C020,Sara Khan,Bhopal,Central,USB-C Cable,Accessories,4,750,0.05,2850.0,1010.41
ORD01748,2024-05-10,C005,Kabir Verma,Jaipur,North,Bluetooth Headphones,Electronics,4,3200,0.0,12800.0,5346.49
ORD01749,2025-09-26,C004,Ananya Singh,Delhi,North,Bookshelf,Furniture,3,5800,0.1,15660.0,5562.5
ORD01750,2024-07-26,C001,Aarav Sharma,Mumbai,West,Backpack,Accessories,3,2200,0.0,6600.0,2420.56
ORD01751,2024-02-01,C014,Kiara Roy,Patna,East,Backpack,Accessories,3,2200,0.05,6270.0,1481.43
ORD01752,2025-12-24,C015,Yash Kulkarni,Nagpur,West,USB-C Cable,Accessories,3,750,0.0,2250.0,650.69
ORD01753,2024-08-21,C012,Myra Kapoor,Lucknow,North,Travel Bottle,Accessories,1,900,0.1,810.0,133.44
ORD01754,2025-10-15,C001,Aarav Sharma,,West,Wireless Mouse,Electronics,1,1200,0.1,1080.0,278.03
ORD01755,2025-04-01,C015,Yash Kulkarni,Nagpur,West,LED Table Lamp,Furniture,2,1800,0.05,3420.0,643.09
ORD01756,2024-01-08,C013,Reyansh Shah,Surat,West,USB-C Cable,Accessories,1,750,0.1,675.0,144.19
ORD01757,2024-09-01,C007,Arjun Nair,Chennai,South,USB-C Cable,Accessories,3,750,0.1,2025.0,286.18
ORD01758,2024-11-06,C001,Aarav Sharma,Mumbai,West,File Organizer,Stationery,2,380,0.0,760.0,311.23
ORD01759,2025-12-04,C008,Sanya Rao,Hyderabad,South,Premium Pen Set,Stationery,5,650,0.1,2925.0,700.33
ORD01760,2024-10-29,C013,Reyansh Shah,Surat,West,Backpack,Accessories,4,2200,0.15,7480.0,735.44
ORD01761,2025-06-08,C012,Myra Kapoor,Lucknow,North,Smartphone X,Electronics,5,42000,0.0,210000.0,48961.36
ORD01762,2024-06-12,C020,Sara Khan,Bhopal,Central,Backpack,Accessories,1,2200,0.05,2090.0,401.03
ORD01763,2024-06-03,C001,Aarav Sharma,Mumbai,West,Bluetooth Headphones,Electronics,2,3200,0.2,5120.0,696.81
ORD01764,2025-01-25,C001,Aarav Sharma,Mumbai,West,LED Table Lamp,Furniture,3,1800,0.05,5130.0,1663.93
ORD01765,2025-04-08,C010,Diya Das,Bhubaneswar,East,Office Chair,Furniture,5,9500,0.1,42750.0,7723.8
ORD01766,2025-01-07,C017,Dev Malhotra,Chandigarh,North,Smartphone X,Electronics,3,42000,0.1,113400.0,22362.44
ORD01767,2024-06-18,C007,Arjun Nair,Chennai,South,Smartphone X,Electronics,4,42000,0.05,159600.0,30041.13
ORD01768,2024-04-08,C020,Sara Khan,Bhopal,Central,USB-C Cable,Accessories,5,750,0.0,3750.0,1208.15
ORD01769,2024-04-28,C005,Kabir Verma,Jaipur,North,Office Chair,Furniture,2,9500,0.05,18050.0,4378.94
ORD01770,2025-05-30,C008,Sanya Rao,Hyderabad,South,LED Table Lamp,Furniture,5,1800,0.05,8550.0,2598.11
ORD01771,2024-10-19,C010,Diya Das,Bhubaneswar,East,USB-C Cable,Accessories,4,750,0.0,3000.0,727.46
ORD01772,2025-08-18,C002,Isha Patel,Pune,West,File Organizer,Stationery,1,380,0.1,342.0,70.36
ORD01773,2024-03-28,C011,Aditya Mehta,Ahmedabad,West,Bookshelf,Furniture,4,5800,0.1,20880.0,3697.87
ORD01774,2025-01-30,C012,Myra Kapoor,Lucknow,North,USB-C Cable,Accessories,5,750,0.0,3750.0,1088.84
ORD01775,2024-10-03,C015,Yash Kulkarni,Nagpur,West,Travel Bottle,Accessories,2,900,0.1,1620.0,551.85
ORD01776,2025-07-28,C004,Ananya Singh,Delhi,North,Premium Pen Set,Stationery,5,650,0.1,2925.0,767.4
ORD01777,2024-06-29,C020,Sara Khan,Bhopal,Central,Premium Pen Set,Stationery,3,650,0.1,1755.0,265.58
ORD01778,2024-07-15,C005,Kabir Verma,Jaipur,North,Premium Pen Set,Stationery,1,650,0.2,520.0,85.28
ORD01779,2024-09-11,C002,Isha Patel,Pune,West,Travel Bottle,Accessories,3,900,0.2,2160.0,449.27
ORD01780,2025-09-11,C005,Kabir Verma,Jaipur,North,LED Table Lamp,Furniture,4,1800,0.0,7200.0,2795.56
ORD01781,2024-05-10,C009,Vivaan Gupta,Kolkata,East,Bluetooth Headphones,Electronics,1,3200,0.15,2720.0,775.75
ORD01782,2024-04-14,C009,Vivaan Gupta,Kolkata,East,Smartphone X,Electronics,3,42000,0.15,107100.0,33779.62
ORD01783,2024-09-16,C013,Reyansh Shah,Surat,West,Premium Pen Set,Stationery,5,650,0.1,2925.0,695.73
ORD01784,2025-06-04,C017,Dev Malhotra,Chandigarh,North,Office Chair,Furniture,1,9500,0.1,8550.0,2245.11
ORD01785,2025-02-18,C010,Diya Das,Bhubaneswar,East,Bookshelf,Furniture,4,5800,0.05,22040.0,5657.85
ORD01786,2024-04-14,C010,Diya Das,Bhubaneswar,East,Bluetooth Headphones,Electronics,1,3200,0.05,3040.0,600.95
ORD01787,2025-10-02,C002,Isha Patel,Pune,West,Notebook Pack,Stationery,3,450,0.0,1350.0,310.4
ORD01788,2025-10-13,C015,Yash Kulkarni,Nagpur,West,Travel Bottle,Accessories,5,900,0.0,4500.0,1129.93
ORD01789,2024-08-07,C003,Rohan Deshmukh,Nashik,West,Mechanical Keyboard,Electronics,2,4500,0.0,9000.0,2691.92
ORD01790,2024-03-29,C007,Arjun Nair,Chennai,South,Bookshelf,Furniture,3,5800,0.05,16530.0,5602.51
ORD01791,2025-04-21,C001,Aarav Sharma,Mumbai,West,Office Chair,Furniture,5,9500,0.05,45125.0,9889.71
ORD01792,2025-12-07,C019,Neil Bhat,Indore,West,Notebook Pack,Stationery,3,450,0.1,1215.0,268.85
ORD01793,2024-10-06,C013,Reyansh Shah,Surat,West,Smartphone X,Electronics,4,42000,0.05,159600.0,44143.94
ORD01794,2024-04-07,C005,Kabir Verma,Jaipur,North,Study Desk,Furniture,1,7200,0.1,6480.0,1996.22
ORD01795,2025-01-29,C012,Myra Kapoor,Lucknow,North,Mechanical Keyboard,Electronics,2,4500,0.0,9000.0,2729.06
ORD01796,2024-06-10,C004,Ananya Singh,Delhi,North,Bluetooth Headphones,Electronics,2,3200,0.0,6400.0,1561.06
ORD01797,2024-02-04,C019,Neil Bhat,Indore,West,Office Chair,Furniture,3,9500,0.0,28500.0,9131.54
ORD01798,2024-09-20,C014,Kiara Roy,Patna,East,Notebook Pack,Stationery,3,450,0.1,1215.0,384.08
ORD01799,2025-06-18,C018,Aanya Iyer,Coimbatore,South,Travel Bottle,Accessories,3,900,0.15,2295.0,655.6
ORD01800,2025-05-30,C002,Isha Patel,Pune,West,Mechanical Keyboard,Electronics,2,4500,0.1,8100.0,2612.88
ORD01801,2024-05-26,C005,Kabir Verma,Jaipur,North,Study Desk,Furniture,4,7200,0.2,23040.0,649.64
ORD01802,2025-02-04,C018,Aanya Iyer,Coimbatore,South,File Organizer,Stationery,3,380,0.05,1083.0,401.98
ORD01803,2024-04-10,C007,Arjun Nair,Chennai,South,Wireless Mouse,Electronics,1,1200,0.05,1140.0,286.01
ORD01804,2024-05-09,C010,Diya Das,Bhubaneswar,East,Office Chair,Furniture,1,9500,0.05,9025.0,3394.99
ORD01805,2025-12-12,C020,Sara Khan,Bhopal,Central,File Organizer,Stationery,3,380,0.05,1083.0,342.03
ORD01806,2025-08-20,C006,Meera Joshi,Bengaluru,South,LED Table Lamp,Furniture,1,1800,0.05,1710.0,484.41
ORD01807,2025-08-25,C015,Yash Kulkarni,Nagpur,West,Office Chair,Furniture,3,9500,0.1,25650.0,4525.97
ORD01808,2024-02-29,C002,Isha Patel,Pune,West,Notebook Pack,Stationery,5,450,0.1,2025.0,339.05
ORD01809,2025-06-28,C012,Myra Kapoor,Lucknow,North,Backpack,Accessories,4,2200,0.15,7480.0,1503.54
ORD01810,2024-10-12,C012,Myra Kapoor,Lucknow,North,File Organizer,Stationery,4,380,0.1,1368.0,284.02
ORD01811,2025-10-25,C011,Aditya Mehta,Ahmedabad,West,Backpack,Accessories,3,2200,0.1,5940.0,1779.27
ORD01812,2025-03-23,C020,Sara Khan,Bhopal,Central,Bookshelf,Furniture,1,5800,0.2,4640.0,822.33
ORD01813,2024-02-12,C008,Sanya Rao,Hyderabad,South,Backpack,Accessories,5,2200,0.05,10450.0,3717.29
ORD01814,2024-10-28,C015,Yash Kulkarni,Nagpur,West,Wireless Mouse,Electronics,5,1200,0.1,5400.0,1314.31
ORD01815,2024-11-03,C004,Ananya Singh,Delhi,North,Mechanical Keyboard,Electronics,5,4500,0.0,22500.0,8995.37
ORD01816,2025-05-28,C012,Myra Kapoor,Lucknow,North,Smartphone X,Electronics,1,42000,0.0,42000.0,9594.18
ORD01817,2025-04-02,C003,Rohan Deshmukh,Nashik,West,Bluetooth Headphones,Electronics,1,3200,0.05,3040.0,712.54
ORD01818,2024-08-09,C020,Sara Khan,Bhopal,Central,Notebook Pack,Stationery,3,450,0.15,1147.5,150.67
ORD01819,2025-08-11,C014,Kiara Roy,Patna,East,LED Table Lamp,Furniture,1,1800,0.15,1530.0,181.28
ORD01820,2025-07-24,C012,Myra Kapoor,Lucknow,North,Study Desk,Furniture,5,7200,0.05,34200.0,12520.34
ORD01821,2025-11-16,C008,Sanya Rao,Hyderabad,South,Travel Bottle,Accessories,4,900,0.05,3420.0,747.37
ORD01822,2024-04-25,C013,Reyansh Shah,Surat,West,Backpack,Accessories,3,2200,0.05,6270.0,2420.74
ORD01823,2025-09-09,C003,Rohan Deshmukh,Nashik,West,USB-C Cable,Accessories,5,750,0.0,3750.0,1318.86
ORD01824,2025-06-11,C017,Dev Malhotra,Chandigarh,North,Office Chair,Furniture,2,9500,0.1,17100.0,4418.33
ORD01825,2025-09-15,C002,Isha Patel,Pune,West,Bluetooth Headphones,Electronics,2,3200,0.0,6400.0,2077.93
ORD01826,2025-12-23,C012,Myra Kapoor,Lucknow,North,Bookshelf,Furniture,4,5800,0.0,23200.0,7181.97
ORD01827,2025-03-31,C020,Sara Khan,Bhopal,Central,Office Chair,Furniture,5,9500,0.1,42750.0,13724.24
ORD01828,2024-07-26,C013,Reyansh Shah,Surat,West,Study Desk,Furniture,3,7200,0.0,21600.0,6392.35
ORD01829,2025-06-28,C012,Myra Kapoor,Lucknow,North,Bluetooth Headphones,Electronics,5,3200,0.1,14400.0,4115.06
ORD01830,2024-08-27,C003,Rohan Deshmukh,Nashik,West,Study Desk,Furniture,5,7200,0.1,32400.0,9349.28
ORD01831,2024-08-03,C008,Sanya Rao,Hyderabad,South,Study Desk,Furniture,2,7200,0.05,13680.0,4217.99
ORD01832,2024-07-16,C001,Aarav Sharma,Mumbai,West,Smartphone X,Electronics,3,42000,0.05,119700.0,28465.52
ORD01833,2024-11-13,C018,Aanya Iyer,Coimbatore,South,USB-C Cable,Accessories,5,750,0.0,3750.0,1197.7
ORD01834,2025-01-07,C008,Sanya Rao,Hyderabad,South,Travel Bottle,Accessories,5,900,0.0,4500.0,1373.85
ORD01835,2025-02-21,C004,Ananya Singh,Delhi,North,Travel Bottle,Accessories,5,900,0.15,3825.0,1197.86
ORD01836,2025-02-05,C005,Kabir Verma,Jaipur,North,Mechanical Keyboard,Electronics,2,4500,0.1,8100.0,2089.75
ORD01837,2025-10-22,C010,Diya Das,Bhubaneswar,East,Smartphone X,Electronics,1,42000,0.05,39900.0,15296.43
ORD01838,2024-09-21,C012,Myra Kapoor,Lucknow,North,Travel Bottle,Accessories,5,900,0.0,4500.0,1373.14
ORD01839,2025-08-28,C007,Arjun Nair,Chennai,South,Premium Pen Set,Stationery,2,650,0.15,1105.0,147.18
ORD01840,2025-05-22,C014,Kiara Roy,Patna,East,Premium Pen Set,Stationery,5,650,0.05,3087.5,834.89
ORD01841,2025-01-15,C018,Aanya Iyer,Coimbatore,South,Mechanical Keyboard,Electronics,5,4500,0.0,22500.0,9007.04
ORD01842,2025-05-01,C011,Aditya Mehta,Ahmedabad,West,Notebook Pack,Stationery,3,450,0.0,1350.0,352.77
ORD01843,2024-10-29,C013,Reyansh Shah,Surat,West,Travel Bottle,Accessories,1,900,0.15,765.0,74.09
ORD01844,2024-04-06,C015,Yash Kulkarni,Nagpur,West,File Organizer,Stationery,2,380,0.0,760.0,309.94
ORD01845,2024-08-04,C015,Yash Kulkarni,Nagpur,West,Bluetooth Headphones,Electronics,4,3200,0.05,12160.0,4288.9
ORD01846,2025-07-21,C012,Myra Kapoor,Lucknow,North,Study Desk,Furniture,4,7200,0.0,28800.0,10240.82
ORD01847,2025-11-03,C012,Myra Kapoor,Lucknow,North,LED Table Lamp,Furniture,2,1800,0.15,3060.0,410.02
ORD01848,2025-08-18,C018,Aanya Iyer,Coimbatore,South,Mechanical Keyboard,Electronics,3,4500,0.15,11475.0,1789.09
ORD01849,2024-05-19,C009,Vivaan Gupta,Kolkata,East,Office Chair,Furniture,2,9500,0.05,18050.0,6286.31
ORD01850,2025-03-15,C014,Kiara Roy,Patna,East,Office Chair,Furniture,2,9500,0.0,19000.0,4823.38
ORD01851,2025-12-29,C012,Myra Kapoor,Lucknow,North,Laptop Pro 14,Electronics,5,85000,0.1,382500.0,91198.97
ORD01852,2024-04-04,C005,Kabir Verma,Jaipur,North,LED Table Lamp,Furniture,1,1800,0.0,1800.0,542.04
ORD01853,2024-03-27,C014,Kiara Roy,Patna,East,Office Chair,Furniture,1,9500,0.0,9500.0,2127.9
ORD01854,2024-05-20,C004,Ananya Singh,Delhi,North,Study Desk,Furniture,2,7200,0.0,14400.0,5454.58
ORD01855,2024-11-01,C020,Sara Khan,Bhopal,Central,Bookshelf,Furniture,5,5800,0.1,26100.0,7154.55
ORD01856,2024-08-23,C015,Yash Kulkarni,Nagpur,West,Bluetooth Headphones,Electronics,4,3200,0.0,12800.0,4571.17
ORD01857,2024-12-08,C008,Sanya Rao,Hyderabad,South,Backpack,Accessories,3,2200,0.1,5940.0,883.33
ORD01858,2025-06-23,C020,Sara Khan,Bhopal,Central,Laptop Pro 14,Electronics,5,85000,0.0,425000.0,113739.58
ORD01859,2024-06-14,C005,Kabir Verma,Jaipur,North,Backpack,Accessories,4,2200,0.0,8800.0,2706.91
ORD01860,2025-03-23,C018,Aanya Iyer,Coimbatore,South,Notebook Pack,Stationery,4,450,0.0,1800.0,526.2
ORD01861,2025-09-10,C017,Dev Malhotra,Chandigarh,North,Smartphone X,Electronics,1,42000,0.1,37800.0,8640.75
ORD01862,2024-12-08,C017,Dev Malhotra,Chandigarh,North,Bluetooth Headphones,Electronics,5,3200,0.1,14400.0,3859.27
ORD01863,2025-06-15,C001,Aarav Sharma,Mumbai,West,LED Table Lamp,Furniture,4,1800,0.05,6840.0,1626.58
ORD01864,2025-10-08,C008,Sanya Rao,Hyderabad,South,File Organizer,Stationery,5,380,0.1,1710.0,361.5
ORD01865,2025-12-20,C010,Diya Das,Bhubaneswar,East,Premium Pen Set,Stationery,4,650,0.1,2340.0,636.46
ORD01866,2025-11-14,C018,Aanya Iyer,Coimbatore,South,Smartphone X,Electronics,1,42000,0.05,39900.0,10144.51
ORD01867,2025-07-29,C004,Ananya Singh,Delhi,North,Study Desk,Furniture,4,7200,0.05,27360.0,7690.01
ORD01868,2025-09-12,C017,Dev Malhotra,Chandigarh,North,Bookshelf,Furniture,5,5800,0.1,26100.0,9005.52
ORD01869,2025-08-13,C012,Myra Kapoor,Lucknow,North,Backpack,Accessories,1,2200,0.05,2090.0,536.78
ORD01870,2024-01-17,C016,Tara Menon,Kochi,South,Laptop Pro 14,Electronics,1,85000,0.1,76500.0,18731.8
ORD01871,2025-12-27,C001,Aarav Sharma,Mumbai,West,Office Chair,Furniture,1,9500,0.0,9500.0,3890.67
ORD01872,2024-09-25,C014,Kiara Roy,Patna,East,Premium Pen Set,Stationery,3,650,0.1,1755.0,390.53
ORD01873,2025-04-27,C010,Diya Das,Bhubaneswar,East,Mechanical Keyboard,Electronics,3,4500,0.15,11475.0,2335.52
ORD01874,2025-08-18,C019,Neil Bhat,Indore,West,Notebook Pack,Stationery,3,450,0.05,1282.5,347.14
ORD01875,2025-11-08,C007,Arjun Nair,Chennai,South,Backpack,Accessories,2,2200,0.05,4180.0,1413.07
ORD01876,2025-06-14,C009,Vivaan Gupta,Kolkata,East,Backpack,Accessories,4,2200,0.1,7920.0,2126.48
ORD01877,2024-09-02,C017,Dev Malhotra,Chandigarh,North,Office Chair,Furniture,5,9500,0.1,42750.0,5845.88
ORD01878,2024-09-20,C018,Aanya Iyer,Coimbatore,South,Wireless Mouse,Electronics,4,1200,0.1,4320.0,1065.77
ORD01879,2025-04-13,C004,Ananya Singh,Delhi,North,Notebook Pack,Stationery,2,450,0.15,765.0,187.61
ORD01880,2025-07-19,C014,Kiara Roy,Patna,East,Bookshelf,Furniture,1,5800,0.05,5510.0,1053.71
ORD01881,2025-02-10,C014,Kiara Roy,Patna,East,Study Desk,Furniture,3,7200,0.15,18360.0,2148.48
ORD01882,2025-12-04,C016,Tara Menon,Kochi,South,Bookshelf,Furniture,2,5800,0.05,11020.0,2133.55
ORD01883,2025-03-22,C002,Isha Patel,Pune,West,Laptop Pro 14,Electronics,3,85000,0.1,229500.0,76148.85
ORD01884,2025-01-05,C007,Arjun Nair,Chennai,South,Wireless Mouse,Electronics,4,1200,0.1,4320.0,842.29
ORD01885,2025-01-11,C013,Reyansh Shah,Surat,West,Study Desk,Furniture,5,7200,0.05,34200.0,7884.43
ORD01886,2025-01-23,C013,Reyansh Shah,Surat,West,Office Chair,Furniture,5,9500,0.15,40375.0,12431.94
ORD01887,2025-10-25,C018,Aanya Iyer,Coimbatore,South,Smartphone X,Electronics,2,42000,0.1,75600.0,18257.9
ORD01888,2025-09-19,C004,Ananya Singh,Delhi,North,Wireless Mouse,Electronics,4,1200,0.0,4800.0,1896.25
ORD01889,2025-10-24,C006,Meera Joshi,Bengaluru,South,Wireless Mouse,Electronics,1,1200,0.1,1080.0,280.13
ORD01890,2025-09-24,C013,Reyansh Shah,Surat,West,File Organizer,Stationery,2,380,0.1,684.0,161.12
ORD01891,2025-09-15,C001,Aarav Sharma,Mumbai,West,Premium Pen Set,Stationery,4,650,0.2,2080.0,84.36
ORD01892,2025-09-11,C015,Yash Kulkarni,Nagpur,West,Wireless Mouse,Electronics,5,1200,0.05,5700.0,1431.07
ORD01893,2024-06-08,C001,Aarav Sharma,Mumbai,West,Office Chair,Furniture,5,9500,0.1,42750.0,9642.57
ORD01894,2025-07-20,C020,Sara Khan,Bhopal,Central,Laptop Pro 14,Electronics,1,85000,0.1,76500.0,15476.66
ORD01895,2025-03-05,C020,Sara Khan,Bhopal,Central,Notebook Pack,Stationery,4,450,0.1,1620.0,338.05
ORD01896,2024-08-29,C016,Tara Menon,Kochi,South,Backpack,Accessories,3,2200,0.1,5940.0,1577.52
ORD01897,2025-08-03,C010,Diya Das,Bhubaneswar,East,Wireless Mouse,Electronics,5,1200,0.1,5400.0,1426.74
ORD01898,2025-08-29,C009,Vivaan Gupta,Kolkata,East,Smartphone X,Electronics,5,42000,0.15,178500.0,23750.76
ORD01899,2024-08-23,C002,Isha Patel,Pune,West,Notebook Pack,Stationery,4,450,0.05,1710.0,605.12
ORD01900,2025-09-28,C010,Diya Das,Bhubaneswar,East,USB-C Cable,Accessories,5,750,0.05,3562.5,1207.45
ORD01901,2024-06-10,C009,Vivaan Gupta,Kolkata,East,Office Chair,Furniture,2,9500,0.15,16150.0,3862.65
ORD01902,2024-09-29,C003,Rohan Deshmukh,Nashik,West,Backpack,Accessories,2,2200,0.15,3740.0,1036.47
ORD01903,2024-03-05,C013,Reyansh Shah,Surat,West,Smartphone X,Electronics,4,42000,0.05,159600.0,33418.29
ORD01904,2025-06-23,C011,Aditya Mehta,Ahmedabad,West,Laptop Pro 14,Electronics,5,85000,0.1,382500.0,89585.76
ORD01905,2024-11-02,C016,Tara Menon,Kochi,South,Bookshelf,Furniture,5,5800,0.0,29000.0,9689.93
ORD01906,2025-02-18,C009,Vivaan Gupta,Kolkata,East,Office Chair,Furniture,2,9500,0.1,17100.0,3412.03
ORD01907,2024-11-13,C019,Neil Bhat,Indore,West,Backpack,Accessories,5,2200,0.05,10450.0,1904.67
ORD01908,2025-05-26,C015,Yash Kulkarni,Nagpur,West,Bluetooth Headphones,Electronics,4,3200,0.1,11520.0,1937.46
ORD01909,2025-01-11,C006,Meera Joshi,Bengaluru,South,Premium Pen Set,Stationery,4,650,0.1,2340.0,752.42
ORD01910,2025-11-16,C001,Aarav Sharma,Mumbai,West,Notebook Pack,Stationery,4,450,0.1,1620.0,404.52
ORD01911,2025-10-04,C017,Dev Malhotra,Chandigarh,North,Smartphone X,Electronics,2,42000,0.1,75600.0,11309.65
ORD01912,2025-04-04,C005,Kabir Verma,Jaipur,North,Notebook Pack,Stationery,1,450,0.1,405.0,143.66
ORD01913,2024-10-14,C011,Aditya Mehta,Ahmedabad,West,Office Chair,Furniture,3,9500,0.15,24225.0,2869.64
ORD01914,2025-09-12,C012,Myra Kapoor,Lucknow,North,Travel Bottle,Accessories,2,900,0.1,1620.0,384.44
ORD01915,2025-11-24,C011,Aditya Mehta,Ahmedabad,West,Mechanical Keyboard,Electronics,3,4500,0.05,12825.0,2591.18
ORD01916,2025-01-30,C009,Vivaan Gupta,Kolkata,East,LED Table Lamp,Furniture,2,1800,0.0,3600.0,966.63
ORD01917,2025-10-24,C016,Tara Menon,Kochi,South,Mechanical Keyboard,Electronics,2,4500,0.1,8100.0,2602.69
ORD01918,2025-01-14,C012,Myra Kapoor,Lucknow,North,Wireless Mouse,Electronics,5,1200,0.15,5100.0,1003.8
ORD01919,2025-02-15,C014,Kiara Roy,Patna,East,Wireless Mouse,Electronics,4,1200,0.0,4800.0,1758.14
ORD01920,2025-06-09,C008,Sanya Rao,Hyderabad,South,File Organizer,Stationery,4,380,0.1,1368.0,219.89
ORD01921,2025-03-06,C019,Neil Bhat,Indore,West,Notebook Pack,Stationery,4,450,0.05,1710.0,309.77
ORD01922,2024-12-25,C006,Meera Joshi,Bengaluru,South,Bluetooth Headphones,Electronics,5,3200,0.1,14400.0,2920.35
ORD01923,2025-04-07,C016,Tara Menon,Kochi,South,Laptop Pro 14,Electronics,3,85000,0.05,242250.0,80063.16
ORD01924,2024-11-15,C014,Kiara Roy,Patna,East,Wireless Mouse,Electronics,2,1200,0.1,2160.0,403.96
ORD01925,2024-01-16,C014,Kiara Roy,Patna,East,Smartphone X,Electronics,1,42000,0.2,33600.0,3824.75
ORD01926,2024-09-29,C015,Yash Kulkarni,Nagpur,West,Bluetooth Headphones,Electronics,5,3200,0.1,14400.0,2478.97
ORD01927,2024-11-13,C016,Tara Menon,Kochi,South,Notebook Pack,Stationery,1,450,0.1,405.0,89.01
ORD01928,2024-02-13,C010,Diya Das,Bhubaneswar,East,USB-C Cable,Accessories,4,750,0.1,2700.0,378.58
ORD01929,2024-09-11,C018,Aanya Iyer,Coimbatore,South,Laptop Pro 14,Electronics,5,85000,0.05,403750.0,100428.47
ORD01930,2024-03-09,C006,Meera Joshi,Bengaluru,South,Office Chair,Furniture,3,9500,0.15,24225.0,7133.58
ORD01931,2025-07-01,C001,Aarav Sharma,Mumbai,West,USB-C Cable,Accessories,5,750,0.15,3187.5,633.63
ORD01932,2024-04-10,C002,Isha Patel,Pune,West,File Organizer,Stationery,1,380,0.05,361.0,120.18
ORD01933,2024-10-19,C006,Meera Joshi,Bengaluru,South,Premium Pen Set,Stationery,1,650,0.05,617.5,168.32
ORD01934,2025-11-23,C011,Aditya Mehta,Ahmedabad,West,Bookshelf,Furniture,1,5800,0.15,4930.0,1153.22
ORD01935,2025-10-19,C016,Tara Menon,Kochi,South,Wireless Mouse,Electronics,5,1200,0.05,5700.0,2001.2
ORD01936,2025-08-15,C016,Tara Menon,Kochi,South,Office Chair,Furniture,3,9500,0.0,28500.0,10045.05
ORD01937,2024-07-25,C015,Yash Kulkarni,Nagpur,West,USB-C Cable,Accessories,1,750,0.05,712.5,170.03
ORD01938,2024-07-03,C005,Kabir Verma,Jaipur,North,Smartphone X,Electronics,5,42000,0.1,189000.0,26207.42
ORD01939,2024-03-10,C014,Kiara Roy,Patna,East,Premium Pen Set,Stationery,4,650,0.1,2340.0,372.21
ORD01940,2024-05-16,C003,Rohan Deshmukh,Nashik,West,Notebook Pack,Stationery,3,450,0.1,1215.0,194.44
ORD01941,2024-02-26,C016,Tara Menon,Kochi,South,Mechanical Keyboard,Electronics,3,4500,0.05,12825.0,2628.66
ORD01942,2024-09-13,C009,Vivaan Gupta,,East,File Organizer,Stationery,3,380,0.0,1140.0,284.01
ORD01943,2025-12-23,C006,Meera Joshi,Bengaluru,South,Smartphone X,Electronics,4,42000,0.0,168000.0,43589.98
ORD01944,2024-03-06,C014,Kiara Roy,Patna,East,Smartphone X,Electronics,2,42000,0.1,75600.0,13762.8
ORD01945,2024-06-16,C010,Diya Das,Bhubaneswar,East,USB-C Cable,Accessories,5,750,0.1,3375.0,830.23
ORD01946,2024-02-12,C019,Neil Bhat,Indore,West,Travel Bottle,Accessories,3,900,0.15,2295.0,568.09
ORD01947,2024-02-18,C019,Neil Bhat,Indore,West,Premium Pen Set,Stationery,1,650,0.1,585.0,159.13
ORD01948,2024-03-11,C020,Sara Khan,Bhopal,Central,Study Desk,Furniture,3,7200,0.1,19440.0,5446.95
ORD01949,2024-07-31,C005,Kabir Verma,Jaipur,North,USB-C Cable,Accessories,1,750,0.1,675.0,183.3
ORD01950,2024-09-05,C017,Dev Malhotra,Chandigarh,North,Bluetooth Headphones,Electronics,3,3200,0.1,8640.0,2507.51
ORD01951,2025-12-03,C017,Dev Malhotra,Chandigarh,North,USB-C Cable,Accessories,2,750,0.0,1500.0,601.2
ORD01952,2024-11-04,C006,Meera Joshi,Bengaluru,South,File Organizer,Stationery,1,380,0.1,342.0,117.6
ORD01953,2025-07-14,C010,Diya Das,Bhubaneswar,East,Study Desk,Furniture,5,7200,0.15,30600.0,5101.97
ORD01954,2024-01-16,C006,Meera Joshi,Bengaluru,South,Office Chair,Furniture,5,9500,0.0,47500.0,17925.96
ORD01955,2025-04-26,C017,Dev Malhotra,Chandigarh,North,Backpack,Accessories,1,2200,0.1,1980.0,578.42
ORD01956,2025-10-29,C016,Tara Menon,Kochi,South,Notebook Pack,Stationery,4,450,0.15,1530.0,189.76
ORD01957,2025-03-02,C011,Aditya Mehta,Ahmedabad,West,Office Chair,Furniture,1,9500,0.05,9025.0,2420.45
ORD01958,2024-10-30,C016,Tara Menon,Kochi,South,Travel Bottle,Accessories,2,900,0.1,1620.0,550.98
ORD01959,2025-01-16,C020,Sara Khan,Bhopal,Central,Backpack,Accessories,4,2200,0.2,7040.0,675.73
ORD01960,2024-06-29,C014,Kiara Roy,Patna,East,Bluetooth Headphones,Electronics,1,3200,0.05,3040.0,783.2
ORD01961,2024-05-29,C016,Tara Menon,Kochi,South,Premium Pen Set,Stationery,4,650,0.0,2600.0,741.93
ORD01962,2024-01-31,C017,Dev Malhotra,Chandigarh,North,Laptop Pro 14,Electronics,2,85000,0.1,153000.0,53730.77
ORD01963,2024-05-11,C004,Ananya Singh,Delhi,North,Notebook Pack,Stationery,4,450,0.05,1710.0,408.4
ORD01964,2024-10-27,C004,Ananya Singh,Delhi,North,Smartphone X,Electronics,5,42000,0.15,178500.0,43392.51
ORD01965,2025-08-06,C016,Tara Menon,Kochi,South,Travel Bottle,Accessories,1,900,0.0,900.0,212.73
ORD01966,2025-12-20,C005,Kabir Verma,Jaipur,North,Study Desk,Furniture,3,7200,0.0,21600.0,7457.9
ORD01967,2025-01-12,C015,Yash Kulkarni,Nagpur,West,Mechanical Keyboard,Electronics,4,4500,0.1,16200.0,2864.45
ORD01968,2024-06-11,C015,Yash Kulkarni,Nagpur,West,Laptop Pro 14,Electronics,4,85000,0.0,340000.0,118093.94
ORD01969,2025-05-25,C020,Sara Khan,Bhopal,Central,Bookshelf,Furniture,5,5800,0.0,29000.0,7354.46
ORD01970,2025-03-28,C017,Dev Malhotra,Chandigarh,North,Study Desk,Furniture,2,7200,0.0,14400.0,4709.59
ORD01971,2025-11-10,C005,Kabir Verma,Jaipur,North,Premium Pen Set,Stationery,2,650,0.2,1040.0,31.09
ORD01972,2024-07-27,C005,Kabir Verma,Jaipur,North,Travel Bottle,Accessories,2,900,,1800.0,544.5
ORD01973,2025-11-13,C013,Reyansh Shah,Surat,West,USB-C Cable,Accessories,2,750,0.1,1350.0,292.87
ORD01974,2025-08-18,C010,Diya Das,Bhubaneswar,East,Backpack,Accessories,2,2200,0.1,3960.0,1059.97
ORD01975,2025-05-04,C013,Reyansh Shah,Surat,West,File Organizer,Stationery,3,380,0.05,1083.0,338.95
ORD01976,2025-08-11,C012,Myra Kapoor,Lucknow,North,File Organizer,Stationery,4,380,0.0,1520.0,529.73
ORD01977,2024-02-27,C020,Sara Khan,Bhopal,Central,Backpack,Accessories,5,2200,0.15,9350.0,2049.56
ORD01978,2025-01-05,C011,Aditya Mehta,Ahmedabad,West,LED Table Lamp,Furniture,1,1800,0.0,1800.0,542.46
ORD01979,2024-06-12,C007,Arjun Nair,Chennai,South,Study Desk,Furniture,4,7200,0.05,27360.0,8731.37
ORD01980,2024-07-09,C005,Kabir Verma,Jaipur,North,Study Desk,Furniture,2,7200,0.05,13680.0,2579.19
ORD01981,2024-02-16,C001,Aarav Sharma,Mumbai,West,Mechanical Keyboard,Electronics,3,4500,0.1,12150.0,2598.75
ORD01982,2024-03-06,C005,Kabir Verma,Jaipur,North,Backpack,Accessories,1,2200,0.0,2200.0,701.91
ORD01983,2024-05-12,C018,Aanya Iyer,Coimbatore,South,Smartphone X,Electronics,2,42000,0.15,71400.0,21465.84
ORD01984,2024-06-07,C012,Myra Kapoor,Lucknow,North,Smartphone X,Electronics,3,42000,0.05,119700.0,30975.02
ORD01985,2025-04-18,C004,Ananya Singh,Delhi,North,Bookshelf,Furniture,1,5800,0.15,4930.0,1099.5
ORD01986,2025-06-06,C002,Isha Patel,Pune,West,Laptop Pro 14,Electronics,4,85000,0.05,323000.0,102867.83
ORD01987,2024-05-25,C015,Yash Kulkarni,Nagpur,West,Laptop Pro 14,Electronics,2,85000,0.0,170000.0,39001.05
ORD01988,2025-04-08,C006,Meera Joshi,Bengaluru,South,Mechanical Keyboard,Electronics,1,4500,0.0,4500.0,1751.92
ORD01989,2025-05-16,C004,Ananya Singh,Delhi,North,Office Chair,Furniture,5,9500,0.1,42750.0,13985.43
ORD01990,2025-01-02,C018,Aanya Iyer,Coimbatore,South,Laptop Pro 14,Electronics,5,85000,0.0,425000.0,100746.09
ORD01991,2025-10-22,C010,Diya Das,Bhubaneswar,East,Bookshelf,Furniture,3,5800,0.05,16530.0,6371.28
ORD01992,2025-09-21,C002,Isha Patel,Pune,West,Study Desk,Furniture,5,7200,0.05,34200.0,7359.63
ORD01993,2025-07-16,C020,Sara Khan,Bhopal,Central,Notebook Pack,Stationery,2,450,0.15,765.0,158.84
ORD01994,2025-01-09,C011,Aditya Mehta,Ahmedabad,West,Premium Pen Set,Stationery,1,650,0.15,552.5,83.67
ORD01995,2024-03-02,C006,Meera Joshi,Bengaluru,South,Notebook Pack,Stationery,1,450,0.15,382.5,83.42
ORD01996,2025-08-28,C015,Yash Kulkarni,Nagpur,West,Mechanical Keyboard,Electronics,1,4500,0.1,4050.0,1092.2
ORD01997,2024-06-11,C019,Neil Bhat,Indore,West,Travel Bottle,Accessories,1,900,0.0,900.0,308.62
ORD01998,2024-03-04,C005,Kabir Verma,Jaipur,North,Wireless Mouse,Electronics,2,1200,0.1,2160.0,630.63
ORD01999,2025-08-01,C005,Kabir Verma,Jaipur,North,Mechanical Keyboard,Electronics,5,4500,0.1,20250.0,3586.25
ORD02000,2024-10-06,C017,Dev Malhotra,Chandigarh,North,Bookshelf,Furniture,2,5800,0.0,11600.0,3693.79
ORD02001,2024-07-12,C003,Rohan Deshmukh,Nashik,West,Laptop Pro 14,Electronics,5,85000,0.1,382500.0,118947.61
ORD02002,2024-12-18,C008,Sanya Rao,Hyderabad,South,File Organizer,Stationery,2,380,0.1,684.0,103.09
ORD02003,2024-06-23,C010,Diya Das,Bhubaneswar,East,Smartphone X,Electronics,4,42000,0.15,142800.0,14089.74
ORD02004,2025-06-01,C009,Vivaan Gupta,Kolkata,East,Notebook Pack,Stationery,4,450,0.05,1710.0,651.87
ORD02005,2025-05-11,C014,Kiara Roy,Patna,East,Notebook Pack,Stationery,5,450,0.05,2137.5,571.99
ORD02006,2025-04-14,C019,Neil Bhat,Indore,West,Mechanical Keyboard,Electronics,5,4500,0.1,20250.0,4277.1
ORD02007,2025-04-14,C004,Ananya Singh,Delhi,North,Bookshelf,Furniture,2,5800,0.15,9860.0,2972.5
ORD02008,2024-03-11,C020,Sara Khan,Bhopal,Central,Wireless Mouse,Electronics,5,1200,0.0,6000.0,2144.37
ORD02009,2024-10-02,C013,Reyansh Shah,Surat,West,Mechanical Keyboard,Electronics,2,4500,0.05,8550.0,2587.19
ORD02010,2024-06-23,C003,Rohan Deshmukh,Nashik,West,Laptop Pro 14,Electronics,2,85000,0.05,161500.0,59180.4
ORD02011,2024-07-13,C013,Reyansh Shah,Surat,West,USB-C Cable,Accessories,2,750,0.1,1350.0,417.93
ORD02012,2025-11-21,C008,Sanya Rao,Hyderabad,South,Bluetooth Headphones,Electronics,4,3200,0.0,12800.0,4349.84
ORD02013,2025-05-09,C001,Aarav Sharma,Mumbai,West,Study Desk,Furniture,5,7200,0.1,32400.0,6682.38
ORD02014,2024-05-21,C016,Tara Menon,Kochi,South,Travel Bottle,Accessories,4,900,0.05,3420.0,1078.25
ORD02015,2025-07-26,C014,Kiara Roy,Patna,East,Wireless Mouse,Electronics,1,1200,0.1,1080.0,282.78
ORD02016,2025-11-28,C013,Reyansh Shah,Surat,West,Wireless Mouse,Electronics,5,1200,0.0,6000.0,1639.33
ORD02017,2024-11-22,C004,Ananya Singh,Delhi,North,LED Table Lamp,Furniture,3,1800,0.1,4860.0,1584.74
ORD02018,2024-11-25,C018,Aanya Iyer,Coimbatore,South,Smartphone X,Electronics,5,42000,0.2,168000.0,11716.66
ORD02019,2025-06-21,C006,Meera Joshi,Bengaluru,South,File Organizer,Stationery,4,380,0.0,1520.0,410.96
ORD02020,2025-03-23,C005,Kabir Verma,Jaipur,North,Office Chair,Furniture,3,9500,0.1,25650.0,5207.71
ORD02021,2025-04-29,C009,Vivaan Gupta,Kolkata,East,USB-C Cable,Accessories,3,750,0.1,2025.0,715.79
ORD02022,2024-11-19,C012,Myra Kapoor,Lucknow,North,File Organizer,Stationery,1,380,0.15,323.0,52.49
ORD02023,2024-06-30,C014,Kiara Roy,Patna,East,USB-C Cable,Accessories,5,750,0.15,3187.5,381.44
ORD02024,2024-08-29,C004,Ananya Singh,Delhi,North,Wireless Mouse,Electronics,3,1200,0.1,3240.0,737.85
ORD02025,2024-07-22,C019,Neil Bhat,Indore,West,Notebook Pack,Stationery,1,450,0.0,450.0,131.4
ORD02026,2024-07-19,C009,Vivaan Gupta,Kolkata,East,File Organizer,Stationery,1,380,0.1,342.0,94.59
ORD02027,2025-06-03,C006,Meera Joshi,Bengaluru,South,Smartphone X,Electronics,4,42000,0.05,159600.0,46138.25
ORD02028,2025-09-16,C011,Aditya Mehta,Ahmedabad,West,Wireless Mouse,Electronics,1,1200,0.0,1200.0,340.48
ORD02029,2024-11-22,C018,Aanya Iyer,Coimbatore,South,Bookshelf,Furniture,4,5800,0.05,22040.0,5728.54
ORD02030,2024-07-27,C005,Kabir Verma,Jaipur,North,File Organizer,Stationery,1,380,0.1,342.0,50.32
ORD02031,2024-12-13,C018,Aanya Iyer,Coimbatore,South,Bluetooth Headphones,Electronics,1,3200,0.0,3200.0,1208.86
ORD02032,2024-09-29,C009,Vivaan Gupta,Kolkata,East,Bluetooth Headphones,Electronics,5,3200,0.1,14400.0,4998.02
ORD02033,2024-09-21,C020,Sara Khan,Bhopal,Central,Office Chair,Furniture,4,9500,0.15,32300.0,5355.37
ORD02034,2024-03-03,C003,Rohan Deshmukh,Nashik,West,Bluetooth Headphones,Electronics,1,3200,0.1,2880.0,895.99
ORD02035,2025-10-05,C018,Aanya Iyer,Coimbatore,South,Travel Bottle,Accessories,1,900,0.1,810.0,145.86
ORD02036,2025-10-08,C010,Diya Das,Bhubaneswar,East,Backpack,Accessories,4,2200,0.0,8800.0,3239.19
ORD02037,2025-05-18,C014,Kiara Roy,Patna,East,Wireless Mouse,Electronics,3,1200,0.05,3420.0,699.98
ORD02038,2024-03-11,C012,Myra Kapoor,Lucknow,North,LED Table Lamp,Furniture,3,1800,0.1,4860.0,1431.34
ORD02039,2024-03-19,C010,Diya Das,Bhubaneswar,East,Smartphone X,Electronics,3,42000,0.2,100800.0,5489.4
ORD02040,2025-03-17,C012,Myra Kapoor,Lucknow,North,LED Table Lamp,Furniture,1,1800,0.1,1620.0,428.64
ORD02041,2024-04-12,C001,Aarav Sharma,Mumbai,West,Smartphone X,Electronics,2,42000,0.15,71400.0,21839.63
ORD02042,2024-09-25,C001,Aarav Sharma,Mumbai,West,Study Desk,Furniture,1,7200,0.1,6480.0,1136.14
ORD02043,2024-02-20,C015,Yash Kulkarni,Nagpur,West,Notebook Pack,Stationery,4,450,0.15,1530.0,240.98
ORD02044,2024-11-11,C001,Aarav Sharma,Mumbai,West,Smartphone X,Electronics,1,42000,0.0,42000.0,12407.03
ORD02045,2025-11-27,C018,Aanya Iyer,Coimbatore,South,File Organizer,Stationery,1,380,0.2,304.0,79.36
ORD02046,2024-03-11,C014,Kiara Roy,Patna,East,USB-C Cable,Accessories,5,750,0.0,3750.0,1154.6
ORD02047,2025-09-22,C006,Meera Joshi,Bengaluru,South,Smartphone X,Electronics,5,42000,0.05,199500.0,54197.86
ORD02048,2024-08-31,C007,Arjun Nair,Chennai,South,LED Table Lamp,Furniture,5,1800,0.05,8550.0,2974.52
ORD02049,2024-11-28,C013,Reyansh Shah,Surat,West,Bookshelf,Furniture,3,5800,0.05,16530.0,4639.41
ORD02050,2024-03-23,C006,Meera Joshi,Bengaluru,South,Office Chair,Furniture,2,9500,0.05,18050.0,5144.05
ORD02051,2025-04-03,C001,Aarav Sharma,Mumbai,West,Bookshelf,Furniture,2,5800,0.1,10440.0,1804.32
ORD02052,2024-04-11,C005,Kabir Verma,Jaipur,North,Bookshelf,Furniture,3,5800,0.1,15660.0,2466.34
ORD02053,2024-03-03,C016,Tara Menon,Kochi,South,Study Desk,Furniture,5,7200,0.0,36000.0,7988.17
ORD02054,2025-02-14,C018,Aanya Iyer,Coimbatore,South,Bluetooth Headphones,Electronics,5,3200,0.1,14400.0,2944.58
ORD02055,2025-06-23,C009,Vivaan Gupta,Kolkata,East,Backpack,Accessories,5,2200,0.0,11000.0,3799.38
ORD02056,2024-11-02,C012,Myra Kapoor,Lucknow,North,Smartphone X,Electronics,2,42000,0.15,71400.0,16103.14
ORD02057,2025-07-22,C020,Sara Khan,Bhopal,Central,Travel Bottle,Accessories,4,900,0.05,3420.0,1318.8
ORD02058,2025-04-08,C006,Meera Joshi,Bengaluru,South,Bookshelf,Furniture,3,5800,0.05,16530.0,5916.56
ORD02059,2024-03-18,C012,Myra Kapoor,Lucknow,North,Laptop Pro 14,Electronics,4,85000,0.0,340000.0,113292.4
ORD02060,2025-11-02,C013,Reyansh Shah,Surat,West,Smartphone X,Electronics,1,42000,0.1,37800.0,8281.64
ORD02061,2024-07-04,C003,Rohan Deshmukh,Nashik,West,File Organizer,Stationery,2,380,0.2,608.0,40.25
ORD02062,2025-02-23,C012,Myra Kapoor,Lucknow,North,Laptop Pro 14,Electronics,1,85000,0.2,68000.0,3431.55
ORD02063,2025-03-19,C015,Yash Kulkarni,Nagpur,West,Notebook Pack,Stationery,1,450,0.1,405.0,65.29
ORD02064,2025-07-10,C014,Kiara Roy,Patna,East,Laptop Pro 14,Electronics,4,85000,0.0,340000.0,141971.77
ORD02065,2024-04-25,C013,Reyansh Shah,Surat,West,Bookshelf,Furniture,4,5800,0.05,22040.0,7048.68
ORD02066,2025-11-24,C002,Isha Patel,Pune,West,File Organizer,Stationery,2,380,0.05,722.0,203.31
ORD02067,2025-02-13,C019,Neil Bhat,Indore,West,USB-C Cable,Accessories,2,750,0.05,1425.0,505.14
ORD02068,2025-12-24,C011,Aditya Mehta,Ahmedabad,West,Notebook Pack,Stationery,2,450,0.1,810.0,167.96
ORD02069,2024-11-03,C019,Neil Bhat,Indore,West,Backpack,Accessories,2,2200,0.1,3960.0,981.85
ORD02070,2024-03-06,C006,Meera Joshi,Bengaluru,South,File Organizer,Stationery,4,380,0.1,1368.0,304.09
ORD02071,2024-11-12,C014,Kiara Roy,Patna,East,Smartphone X,Electronics,2,42000,0.0,84000.0,18881.86
ORD02072,2025-01-20,C015,Yash Kulkarni,Nagpur,West,Study Desk,Furniture,1,7200,0.05,6840.0,2395.81
ORD02073,2024-02-04,C002,Isha Patel,Pune,West,Smartphone X,Electronics,3,42000,0.05,119700.0,31416.2
ORD02074,2024-12-13,C007,Arjun Nair,Chennai,South,Laptop Pro 14,Electronics,3,85000,0.1,229500.0,70380.03
ORD02075,2025-11-17,C014,Kiara Roy,Patna,East,USB-C Cable,Accessories,1,750,0.1,675.0,97.82
ORD02076,2025-01-01,C006,Meera Joshi,Bengaluru,South,File Organizer,Stationery,1,380,0.15,323.0,34.39
ORD02077,2025-04-29,C008,Sanya Rao,Hyderabad,South,Study Desk,Furniture,4,7200,0.0,28800.0,6828.8
ORD02078,2025-09-26,C019,Neil Bhat,Indore,West,USB-C Cable,Accessories,1,750,0.15,637.5,147.22
ORD02079,2025-08-02,C016,Tara Menon,Kochi,South,LED Table Lamp,Furniture,3,1800,0.1,4860.0,1082.26
ORD02080,2024-10-28,C002,Isha Patel,Pune,West,Premium Pen Set,Stationery,3,650,0.05,1852.5,503.02
ORD02081,2024-09-01,C014,Kiara Roy,Patna,East,Travel Bottle,Accessories,2,900,0.0,1800.0,745.73
ORD02082,2024-01-08,C008,Sanya Rao,Hyderabad,South,Study Desk,Furniture,2,7200,0.0,14400.0,4025.27
ORD02083,2025-08-21,C012,Myra Kapoor,Lucknow,North,Premium Pen Set,Stationery,1,650,0.1,585.0,81.18
ORD02084,2025-09-12,C001,Aarav Sharma,Mumbai,West,Notebook Pack,Stationery,4,450,0.0,1800.0,643.97
ORD02085,2025-12-24,C013,Reyansh Shah,Surat,West,Bookshelf,Furniture,5,5800,0.2,23200.0,6312.88
ORD02086,2025-11-16,C008,Sanya Rao,Hyderabad,South,Premium Pen Set,Stationery,3,650,0.0,1950.0,675.56
ORD02087,2024-02-08,C019,Neil Bhat,Indore,West,Bluetooth Headphones,Electronics,1,3200,0.15,2720.0,569.47
ORD02088,2025-10-06,C005,Kabir Verma,Jaipur,North,Bluetooth Headphones,Electronics,4,3200,0.05,12160.0,3590.08
ORD02089,2024-11-05,C002,Isha Patel,Pune,West,Mechanical Keyboard,Electronics,1,4500,0.1,4050.0,785.01
ORD02090,2024-07-01,C018,Aanya Iyer,Coimbatore,South,Bookshelf,Furniture,3,5800,0.0,17400.0,5032.67
ORD02091,2025-12-26,C020,Sara Khan,Bhopal,Central,Backpack,Accessories,4,2200,0.1,7920.0,1242.46
ORD02092,2024-05-26,C013,Reyansh Shah,Surat,West,Smartphone X,Electronics,2,42000,0.1,75600.0,21777.49
ORD02093,2025-03-14,C007,Arjun Nair,Chennai,South,Bluetooth Headphones,Electronics,2,3200,0.05,6080.0,2295.24
ORD02094,2024-08-12,C002,Isha Patel,Pune,West,Notebook Pack,Stationery,1,450,0.05,427.5,101.79
ORD02095,2024-04-04,C014,Kiara Roy,Patna,East,Office Chair,Furniture,1,9500,0.05,9025.0,2076.14
ORD02096,2025-04-09,C016,Tara Menon,Kochi,South,Bookshelf,Furniture,4,5800,0.05,22040.0,6325.22
ORD02097,2024-10-09,C014,Kiara Roy,Patna,East,Bluetooth Headphones,Electronics,1,3200,0.05,3040.0,1014.08
ORD02098,2025-05-11,C017,Dev Malhotra,Chandigarh,North,Bluetooth Headphones,Electronics,1,3200,0.1,2880.0,635.61
ORD02099,2024-11-23,C013,Reyansh Shah,Surat,West,Study Desk,Furniture,1,7200,0.0,7200.0,2329.19
ORD02100,2025-05-09,C020,Sara Khan,Bhopal,Central,Study Desk,Furniture,1,7200,0.1,6480.0,1392.03
ORD02101,2025-07-11,C017,Dev Malhotra,Chandigarh,North,Backpack,Accessories,3,2200,0.05,6270.0,2410.0
ORD02102,2025-09-24,C014,Kiara Roy,Patna,East,Wireless Mouse,Electronics,1,1200,0.0,1200.0,356.98
ORD02103,2024-10-03,C008,Sanya Rao,Hyderabad,South,File Organizer,Stationery,3,380,0.2,912.0,95.07
ORD02104,2024-12-28,C015,Yash Kulkarni,Nagpur,West,Backpack,Accessories,2,2200,0.15,3740.0,659.35
ORD02105,2024-01-28,C007,Arjun Nair,Chennai,South,Wireless Mouse,Electronics,1,1200,0.05,1140.0,414.41
ORD02106,2024-09-16,C020,Sara Khan,Bhopal,Central,Travel Bottle,Accessories,2,900,0.05,1710.0,336.59
ORD02107,2025-12-09,C012,Myra Kapoor,Lucknow,North,Backpack,Accessories,5,2200,0.0,11000.0,2652.96
ORD02108,2025-11-20,C020,Sara Khan,Bhopal,Central,Bluetooth Headphones,Electronics,5,3200,0.15,13600.0,3551.27
ORD02109,2025-03-07,C020,Sara Khan,Bhopal,Central,Bookshelf,Furniture,4,5800,,22040.0,7520.9
ORD02110,2025-06-30,C017,Dev Malhotra,Chandigarh,North,LED Table Lamp,Furniture,1,1800,0.05,1710.0,374.23
ORD02111,2025-04-10,C012,Myra Kapoor,Lucknow,North,Mechanical Keyboard,Electronics,3,4500,0.0,13500.0,3849.03
ORD02112,2024-03-19,C001,Aarav Sharma,Mumbai,West,Wireless Mouse,Electronics,1,1200,0.1,1080.0,350.42
ORD02113,2025-04-01,C013,Reyansh Shah,Surat,West,Office Chair,Furniture,3,9500,0.0,28500.0,7622.88
ORD02114,2025-01-12,C011,Aditya Mehta,Ahmedabad,West,Bookshelf,Furniture,2,5800,0.1,10440.0,2620.44
ORD02115,2024-12-29,C017,Dev Malhotra,Chandigarh,North,Study Desk,Furniture,4,7200,0.0,28800.0,11539.87
ORD02116,2024-04-04,C009,Vivaan Gupta,Kolkata,East,Backpack,Accessories,2,2200,0.0,4400.0,1390.38
ORD02117,2025-06-03,C020,Sara Khan,Bhopal,Central,Smartphone X,Electronics,3,42000,0.1,113400.0,15477.67
ORD02118,2024-06-03,C019,Neil Bhat,Indore,West,Study Desk,Furniture,3,7200,0.1,19440.0,4328.94
ORD02119,2025-09-07,C020,Sara Khan,Bhopal,Central,Mechanical Keyboard,Electronics,2,4500,0.05,8550.0,1598.44
ORD02120,2025-08-06,C011,Aditya Mehta,Ahmedabad,West,Study Desk,Furniture,5,7200,0.1,32400.0,4492.92
ORD02121,2025-02-25,C015,Yash Kulkarni,Nagpur,West,Bookshelf,Furniture,2,5800,0.15,9860.0,866.54
ORD02122,2024-06-05,C006,Meera Joshi,Bengaluru,South,Backpack,Accessories,5,2200,0.0,11000.0,3068.16
ORD02123,2025-08-13,C010,Diya Das,Bhubaneswar,East,Mechanical Keyboard,Electronics,5,4500,0.2,18000.0,3778.21
ORD02124,2024-01-02,C009,Vivaan Gupta,Kolkata,East,Laptop Pro 14,Electronics,3,85000,0.1,229500.0,60397.55
ORD02125,2024-10-02,C020,Sara Khan,Bhopal,Central,Smartphone X,Electronics,5,42000,0.1,189000.0,39997.89
ORD02126,2024-08-14,C006,Meera Joshi,Bengaluru,South,File Organizer,Stationery,5,380,0.0,1900.0,666.12
ORD02127,2025-09-23,C001,Aarav Sharma,Mumbai,West,LED Table Lamp,Furniture,3,1800,0.05,5130.0,1702.39
ORD02128,2024-04-16,C004,Ananya Singh,Delhi,North,Mechanical Keyboard,Electronics,1,4500,0.2,3600.0,845.93
ORD02129,2024-06-03,C013,Reyansh Shah,Surat,West,LED Table Lamp,Furniture,2,1800,0.1,3240.0,969.9
ORD02130,2024-09-01,C012,Myra Kapoor,Lucknow,North,Notebook Pack,Stationery,2,450,0.15,765.0,240.88
ORD02131,2024-11-07,C014,Kiara Roy,Patna,East,Premium Pen Set,Stationery,3,650,0.05,1852.5,602.84
ORD02132,2024-01-16,C001,Aarav Sharma,Mumbai,West,Backpack,Accessories,1,2200,0.15,1870.0,555.09
ORD02133,2024-08-23,C005,Kabir Verma,Jaipur,North,LED Table Lamp,Furniture,2,1800,0.05,3420.0,1007.04
ORD02134,2024-08-07,C010,Diya Das,Bhubaneswar,East,Mechanical Keyboard,Electronics,5,4500,0.1,20250.0,4964.53
ORD02135,2024-01-28,C020,Sara Khan,Bhopal,Central,Laptop Pro 14,Electronics,2,85000,0.1,153000.0,27186.03
ORD02136,2024-08-27,C015,Yash Kulkarni,Nagpur,West,Study Desk,Furniture,1,7200,0.1,6480.0,1343.21
ORD02137,2024-08-04,C008,Sanya Rao,Hyderabad,South,Smartphone X,Electronics,4,42000,0.1,151200.0,48931.96
ORD02138,2024-09-23,C006,Meera Joshi,Bengaluru,South,Premium Pen Set,Stationery,5,650,0.1,2925.0,809.89
ORD02139,2025-07-18,C003,Rohan Deshmukh,Nashik,West,Study Desk,Furniture,4,7200,0.1,25920.0,8326.88
ORD02140,2025-09-05,C007,Arjun Nair,Chennai,South,USB-C Cable,Accessories,3,750,0.15,1912.5,549.92
ORD02141,2025-03-29,C002,Isha Patel,Pune,West,Backpack,Accessories,1,2200,0.15,1870.0,490.3
ORD02142,2025-05-25,C013,Reyansh Shah,Surat,West,Notebook Pack,Stationery,4,450,0.2,1440.0,294.75
ORD02143,2025-12-25,C016,Tara Menon,Kochi,South,Laptop Pro 14,Electronics,5,85000,0.1,382500.0,90770.55
ORD02144,2024-04-17,C001,Aarav Sharma,Mumbai,West,Study Desk,Furniture,5,7200,0.1,32400.0,9696.63
ORD02145,2025-08-12,C016,Tara Menon,Kochi,South,Laptop Pro 14,Electronics,2,85000,0.2,136000.0,35372.73
ORD02146,2024-07-11,C015,Yash Kulkarni,Nagpur,West,Bluetooth Headphones,Electronics,5,3200,0.05,15200.0,3956.97
ORD02147,2025-10-14,C002,Isha Patel,Pune,West,Mechanical Keyboard,Electronics,4,4500,0.1,16200.0,4859.8
ORD02148,2024-05-13,C012,Myra Kapoor,Lucknow,North,Bluetooth Headphones,Electronics,2,3200,0.1,5760.0,1866.16
ORD02149,2024-06-12,C017,Dev Malhotra,Chandigarh,North,Wireless Mouse,Electronics,2,1200,0.0,2400.0,771.8
ORD02150,2024-03-08,C001,Aarav Sharma,Mumbai,West,Study Desk,Furniture,4,7200,0.0,28800.0,7366.4
ORD02151,2025-05-22,C003,Rohan Deshmukh,Nashik,West,Smartphone X,Electronics,2,42000,0.1,75600.0,24247.28
ORD02152,2025-04-22,C019,Neil Bhat,Indore,West,Study Desk,Furniture,3,7200,0.15,18360.0,5822.75
ORD02153,2024-02-07,C010,Diya Das,Bhubaneswar,East,LED Table Lamp,Furniture,4,1800,0.05,6840.0,1797.77
ORD02154,2025-09-27,C001,Aarav Sharma,Mumbai,West,Office Chair,Furniture,1,9500,0.0,9500.0,3740.69
ORD02155,2025-07-12,C003,Rohan Deshmukh,Nashik,West,Travel Bottle,Accessories,2,900,0.1,1620.0,282.95
ORD02156,2025-01-30,C002,Isha Patel,Pune,West,Laptop Pro 14,Electronics,3,85000,0.1,229500.0,68634.89
ORD02157,2025-11-13,C015,Yash Kulkarni,Nagpur,West,Mechanical Keyboard,Electronics,5,4500,0.2,18000.0,1042.54
ORD02158,2024-01-05,C007,Arjun Nair,,South,LED Table Lamp,Furniture,5,1800,0.1,8100.0,1898.35
ORD02159,2024-08-13,C010,Diya Das,Bhubaneswar,East,Mechanical Keyboard,Electronics,1,4500,0.05,4275.0,1284.01
ORD02160,2024-08-11,C001,Aarav Sharma,Mumbai,West,Office Chair,Furniture,4,9500,0.1,34200.0,9124.55
ORD02161,2024-08-28,C002,Isha Patel,Pune,West,Premium Pen Set,Stationery,2,650,0.05,1235.0,327.45
ORD02162,2025-04-10,C008,Sanya Rao,Hyderabad,South,USB-C Cable,Accessories,1,750,0.1,675.0,122.22
ORD02163,2025-09-12,C001,Aarav Sharma,Mumbai,West,Bluetooth Headphones,Electronics,4,3200,0.15,10880.0,1342.28
ORD02164,2025-06-23,C015,Yash Kulkarni,Nagpur,West,Bluetooth Headphones,Electronics,3,3200,0.1,8640.0,2544.51
ORD02165,2024-08-15,C010,Diya Das,Bhubaneswar,East,Travel Bottle,Accessories,5,900,0.1,4050.0,683.6
ORD02166,2025-05-14,C011,Aditya Mehta,Ahmedabad,West,Study Desk,Furniture,2,7200,0.05,13680.0,4473.73
ORD02167,2024-05-02,C013,Reyansh Shah,Surat,West,LED Table Lamp,Furniture,3,1800,0.2,4320.0,475.24
ORD02168,2025-01-10,C007,Arjun Nair,Chennai,South,Notebook Pack,Stationery,3,450,0.0,1350.0,344.86
ORD02169,2025-09-25,C006,Meera Joshi,Bengaluru,South,Premium Pen Set,Stationery,2,650,0.0,1300.0,477.06
ORD02170,2025-04-17,C014,Kiara Roy,Patna,East,LED Table Lamp,Furniture,1,1800,0.0,1800.0,539.93
ORD02171,2024-04-18,C007,Arjun Nair,Chennai,South,LED Table Lamp,Furniture,2,1800,0.15,3060.0,641.41
ORD02172,2024-11-28,C006,Meera Joshi,Bengaluru,South,LED Table Lamp,Furniture,5,1800,0.1,8100.0,1970.9
ORD02173,2024-05-21,C005,Kabir Verma,Jaipur,North,LED Table Lamp,Furniture,3,1800,0.05,5130.0,1540.13
ORD02174,2025-11-03,C007,Arjun Nair,Chennai,South,Mechanical Keyboard,Electronics,2,4500,0.05,8550.0,2208.33
ORD02175,2024-10-28,C019,Neil Bhat,Indore,West,Travel Bottle,Accessories,3,900,0.05,2565.0,507.41
ORD02176,2025-01-08,C019,Neil Bhat,Indore,West,Premium Pen Set,Stationery,4,650,0.1,2340.0,443.17
ORD02177,2025-06-02,C011,Aditya Mehta,Ahmedabad,West,Smartphone X,Electronics,1,42000,0.15,35700.0,11256.34
ORD02178,2025-11-12,C012,Myra Kapoor,Lucknow,North,Notebook Pack,Stationery,5,450,0.05,2137.5,721.58
ORD02179,2025-05-14,C017,Dev Malhotra,Chandigarh,North,Bluetooth Headphones,Electronics,5,3200,0.1,14400.0,4147.82
ORD02180,2025-05-20,C002,Isha Patel,Pune,West,Backpack,Accessories,3,2200,0.1,5940.0,1827.91
ORD02181,2025-07-22,C009,Vivaan Gupta,Kolkata,East,Study Desk,Furniture,4,7200,0.1,25920.0,5073.34
ORD02182,2025-07-20,C016,Tara Menon,Kochi,South,USB-C Cable,Accessories,1,750,0.1,675.0,190.95
ORD02183,2024-03-13,C015,Yash Kulkarni,Nagpur,West,Study Desk,Furniture,1,7200,0.05,6840.0,1770.8
ORD02184,2024-08-23,C006,Meera Joshi,Bengaluru,South,File Organizer,Stationery,5,380,0.1,1710.0,405.01
ORD02185,2025-10-07,C006,Meera Joshi,Bengaluru,South,Bluetooth Headphones,Electronics,3,3200,0.0,9600.0,2444.85
ORD02186,2024-04-08,C003,Rohan Deshmukh,Nashik,West,Travel Bottle,Accessories,4,900,0.1,3240.0,527.36
ORD02187,2024-02-07,C006,Meera Joshi,Bengaluru,South,Bookshelf,Furniture,2,5800,0.0,11600.0,3487.29
ORD02188,2025-03-19,C017,Dev Malhotra,Chandigarh,North,LED Table Lamp,Furniture,3,1800,0.2,4320.0,548.51
ORD02189,2024-11-11,C006,Meera Joshi,Bengaluru,South,File Organizer,Stationery,3,380,0.0,1140.0,439.84
ORD02190,2025-12-13,C001,Aarav Sharma,Mumbai,West,Notebook Pack,Stationery,3,450,0.1,1215.0,263.75
ORD02191,2024-12-04,C013,Reyansh Shah,Surat,West,Study Desk,Furniture,4,7200,0.05,27360.0,9922.8
ORD02192,2025-04-19,C007,Arjun Nair,Chennai,South,Bluetooth Headphones,Electronics,4,3200,0.05,12160.0,2918.32
ORD02193,2024-08-10,C018,Aanya Iyer,Coimbatore,South,Bluetooth Headphones,Electronics,3,3200,0.0,9600.0,2225.38
ORD02194,2025-03-04,C009,Vivaan Gupta,Kolkata,East,LED Table Lamp,Furniture,4,1800,0.15,6120.0,1318.94
ORD02195,2025-06-27,C002,Isha Patel,Pune,West,Notebook Pack,Stationery,3,450,0.05,1282.5,403.85
ORD02196,2024-11-07,C014,Kiara Roy,Patna,East,Premium Pen Set,Stationery,4,650,0.15,2210.0,635.77
ORD02197,2024-03-24,C001,Aarav Sharma,Mumbai,West,File Organizer,Stationery,1,380,0.0,380.0,108.08
ORD02198,2024-10-19,C010,Diya Das,Bhubaneswar,East,File Organizer,Stationery,1,380,0.05,361.0,123.5
ORD02199,2025-04-22,C006,Meera Joshi,Bengaluru,South,Bluetooth Headphones,Electronics,3,3200,0.1,8640.0,1843.94
ORD02200,2024-07-19,C006,Meera Joshi,Bengaluru,South,Backpack,Accessories,3,2200,0.05,6270.0,2199.29
ORD02201,2024-09-14,C004,Ananya Singh,Delhi,North,Bookshelf,Furniture,5,5800,0.0,29000.0,6676.69
ORD02202,2025-12-05,C013,Reyansh Shah,Surat,West,Wireless Mouse,Electronics,2,1200,0.05,2280.0,425.83
ORD02203,2025-07-12,C014,Kiara Roy,Patna,East,Study Desk,Furniture,5,7200,0.15,30600.0,7873.88
ORD02204,2025-09-04,C005,Kabir Verma,Jaipur,North,Premium Pen Set,Stationery,4,650,0.1,2340.0,348.88
ORD02205,2025-07-01,C020,Sara Khan,Bhopal,Central,Wireless Mouse,Electronics,1,1200,0.05,1140.0,442.44
ORD02206,2024-03-30,C008,Sanya Rao,Hyderabad,South,Bookshelf,Furniture,4,5800,0.2,18560.0,2071.28
ORD02207,2025-05-26,C012,Myra Kapoor,Lucknow,North,Wireless Mouse,Electronics,5,1200,0.05,5700.0,1401.01
ORD02208,2024-08-31,C009,Vivaan Gupta,Kolkata,East,Office Chair,Furniture,3,9500,0.1,25650.0,4761.67
ORD02209,2024-02-12,C001,Aarav Sharma,Mumbai,West,Wireless Mouse,Electronics,5,1200,0.05,5700.0,1912.45
ORD02210,2024-01-28,C018,Aanya Iyer,Coimbatore,South,Office Chair,Furniture,1,9500,0.05,9025.0,2643.27
ORD02211,2024-06-15,C010,Diya Das,Bhubaneswar,East,USB-C Cable,Accessories,1,750,0.1,675.0,182.65
ORD02212,2025-11-22,C020,Sara Khan,Bhopal,Central,USB-C Cable,Accessories,2,750,0.05,1425.0,335.81
ORD02213,2024-12-11,C010,Diya Das,Bhubaneswar,East,Laptop Pro 14,Electronics,5,85000,0.1,382500.0,75469.97
ORD02214,2025-06-22,C009,Vivaan Gupta,Kolkata,East,Study Desk,Furniture,2,7200,0.0,14400.0,4018.79
ORD02215,2024-01-23,C007,Arjun Nair,Chennai,South,LED Table Lamp,Furniture,3,1800,0.1,4860.0,1648.57
ORD02216,2024-07-17,C011,Aditya Mehta,Ahmedabad,West,Bookshelf,Furniture,4,5800,0.15,19720.0,3414.29
ORD02217,2024-10-22,C007,Arjun Nair,Chennai,South,Office Chair,Furniture,1,9500,0.0,9500.0,3319.53
ORD02218,2024-12-07,C017,Dev Malhotra,Chandigarh,North,Laptop Pro 14,Electronics,2,85000,0.05,161500.0,60478.97
ORD02219,2025-10-19,C010,Diya Das,Bhubaneswar,East,Wireless Mouse,Electronics,2,1200,0.0,2400.0,618.67
ORD02220,2024-09-01,C012,Myra Kapoor,Lucknow,North,File Organizer,Stationery,4,380,0.0,1520.0,597.97
ORD02221,2024-02-05,C018,Aanya Iyer,Coimbatore,South,Mechanical Keyboard,Electronics,1,4500,0.05,4275.0,1606.5
ORD02222,2024-03-02,C005,Kabir Verma,Jaipur,North,Mechanical Keyboard,Electronics,2,4500,0.1,8100.0,2710.96
ORD02223,2025-03-06,C007,Arjun Nair,Chennai,South,Premium Pen Set,Stationery,1,650,0.15,552.5,76.43
ORD02224,2025-02-13,C014,Kiara Roy,Patna,East,Travel Bottle,Accessories,1,900,0.0,900.0,375.99
ORD02225,2024-03-22,C014,Kiara Roy,Patna,East,Notebook Pack,Stationery,1,450,0.0,450.0,99.28
ORD02226,2024-01-10,C002,Isha Patel,Pune,West,Backpack,Accessories,4,2200,0.1,7920.0,1892.97
ORD02227,2024-10-15,C004,Ananya Singh,Delhi,North,Study Desk,Furniture,1,7200,0.0,7200.0,2154.42
ORD02228,2025-02-10,C011,Aditya Mehta,Ahmedabad,West,Wireless Mouse,Electronics,1,1200,0.15,1020.0,208.3
ORD02229,2025-10-12,C020,Sara Khan,Bhopal,Central,Mechanical Keyboard,Electronics,1,4500,0.0,4500.0,1741.14
ORD02230,2024-12-05,C001,Aarav Sharma,Mumbai,West,Notebook Pack,Stationery,5,450,0.1,2025.0,711.69
ORD02231,2025-03-19,C007,Arjun Nair,Chennai,South,LED Table Lamp,Furniture,5,1800,0.0,9000.0,3012.4
ORD02232,2024-07-20,C010,Diya Das,Bhubaneswar,East,Bluetooth Headphones,Electronics,5,3200,0.05,15200.0,3512.09
ORD02233,2025-03-12,C014,Kiara Roy,Patna,East,Mechanical Keyboard,Furniture ,5,4500,0.0,22500.0,8612.85
ORD02234,2024-07-31,C009,Vivaan Gupta,Kolkata,East,Bookshelf,Furniture,5,5800,0.05,27550.0,9219.0
ORD02235,2024-03-21,C001,Aarav Sharma,Mumbai,West,Smartphone X,Electronics,1,42000,0.15,35700.0,9451.57
ORD02236,2024-08-27,C005,Kabir Verma,Jaipur,North,Smartphone X,Electronics,4,42000,0.15,142800.0,36287.93
ORD02237,2024-05-22,C016,Tara Menon,Kochi,South,Bluetooth Headphones,Electronics,5,3200,0.05,15200.0,4339.72
ORD02238,2024-03-04,C003,Rohan Deshmukh,Nashik,West,LED Table Lamp,Furniture,3,1800,0.05,5130.0,1275.12
ORD02239,2025-05-20,C014,Kiara Roy,Patna,East,LED Table Lamp,Furniture,4,1800,0.15,6120.0,701.58
ORD02240,2024-06-05,C009,Vivaan Gupta,Kolkata,East,Backpack,Accessories,5,2200,0.1,9900.0,2042.33
ORD02241,2024-04-15,C001,Aarav Sharma,Mumbai,West,Notebook Pack,Stationery,4,450,0.1,1620.0,541.1
ORD02242,2024-03-10,C016,Tara Menon,Kochi,South,Premium Pen Set,Stationery,2,650,0.1,1170.0,244.95
ORD02243,2025-06-26,C012,Myra Kapoor,Lucknow,North,Mechanical Keyboard,Electronics,4,4500,0.05,17100.0,4718.23
ORD02244,2024-11-03,C005,Kabir Verma,Jaipur,North,Premium Pen Set,Stationery,2,650,0.05,1235.0,414.4
ORD02245,2025-03-14,C011,Aditya Mehta,Ahmedabad,West,Mechanical Keyboard,Electronics,5,4500,0.1,20250.0,3950.9
ORD02246,2025-09-09,C002,Isha Patel,Pune,West,Bluetooth Headphones,Electronics,2,3200,0.05,6080.0,2231.35
ORD02247,2025-10-10,C016,Tara Menon,Kochi,South,Notebook Pack,Stationery,1,450,0.0,450.0,105.77
ORD02248,2025-07-06,C006,Meera Joshi,Bengaluru,South,Smartphone X,Electronics,3,42000,0.0,126000.0,49855.1
ORD02249,2025-05-29,C005,Kabir Verma,Jaipur,North,Smartphone X,Electronics,2,42000,0.1,75600.0,10644.32
ORD02250,2024-09-19,C014,Kiara Roy,Patna,East,Office Chair,Furniture,5,9500,0.1,42750.0,14834.96
ORD02251,2024-12-25,C001,Aarav Sharma,Mumbai,West,Notebook Pack,Stationery,1,450,0.05,427.5,154.91
ORD02252,2025-08-14,C007,Arjun Nair,Chennai,South,Study Desk,Furniture,2,7200,0.1,12960.0,1788.18
ORD02253,2024-10-13,C018,Aanya Iyer,Coimbatore,South,Backpack,Accessories,1,2200,0.15,1870.0,548.03
ORD02254,2024-09-17,C011,Aditya Mehta,Ahmedabad,West,Smartphone X,Electronics,1,42000,0.1,37800.0,9149.35
ORD02255,2024-10-01,C002,Isha Patel,Pune,West,Bookshelf,Furniture,1,5800,0.0,5800.0,1655.42
ORD02256,2025-12-14,C018,Aanya Iyer,Coimbatore,South,Mechanical Keyboard,Electronics,2,4500,0.1,8100.0,1934.82
ORD02257,2024-03-20,C018,Aanya Iyer,Coimbatore,South,Notebook Pack,Stationery,2,450,0.1,810.0,182.66
ORD02258,2025-06-05,C005,Kabir Verma,Jaipur,North,Smartphone X,Electronics,3,42000,0.05,119700.0,32917.19
ORD02259,2025-10-05,C013,Reyansh Shah,Surat,West,Mechanical Keyboard,Electronics,2,4500,0.0,9000.0,3082.88
ORD02260,2024-05-27,C003,Rohan Deshmukh,Nashik,West,File Organizer,Stationery,3,380,0.0,1140.0,413.92
ORD02261,2024-03-06,C013,Reyansh Shah,Surat,West,Travel Bottle,Accessories,2,900,0.15,1530.0,452.92
ORD02262,2025-10-31,C019,Neil Bhat,Indore,West,Office Chair,Furniture,4,9500,0.0,38000.0,15457.12
ORD02263,2025-05-26,C018,Aanya Iyer,Coimbatore,South,Mechanical Keyboard,Electronics,1,4500,0.15,3825.0,613.82
ORD02264,2024-06-28,C020,Sara Khan,Bhopal,Central,Bluetooth Headphones,Electronics,4,3200,0.05,12160.0,3523.05
ORD02265,2024-12-25,C005,Kabir Verma,Jaipur,North,Backpack,Accessories,3,2200,0.0,6600.0,2199.64
ORD02266,2024-07-06,C008,Sanya Rao,Hyderabad,South,LED Table Lamp,Furniture,2,1800,0.1,3240.0,766.36
ORD02267,2025-06-05,C007,Arjun Nair,Chennai,South,File Organizer,Stationery,2,380,0.1,684.0,172.5
ORD02268,2025-05-28,C018,Aanya Iyer,Coimbatore,South,USB-C Cable,Accessories,4,750,0.05,2850.0,861.33
ORD02269,2025-01-04,C003,Rohan Deshmukh,Nashik,West,Study Desk,Furniture,2,7200,0.15,12240.0,3225.35
ORD02270,2024-04-09,C020,Sara Khan,Bhopal,Central,Study Desk,Furniture,3,7200,0.0,21600.0,5723.37
ORD02271,2024-02-01,C007,Arjun Nair,Chennai,South,Wireless Mouse,Electronics,5,1200,0.1,5400.0,890.03
ORD02272,2025-07-01,C013,Reyansh Shah,Surat,West,Notebook Pack,Stationery,5,450,0.1,2025.0,580.03
ORD02273,2025-01-04,C011,Aditya Mehta,Ahmedabad,West,Laptop Pro 14,Electronics,2,85000,0.1,153000.0,52423.45
ORD02274,2025-02-22,C015,Yash Kulkarni,Nagpur,West,Premium Pen Set,Stationery,3,650,0.05,1852.5,619.88
ORD02275,2024-08-11,C020,Sara Khan,Bhopal,Central,File Organizer,Stationery,1,380,0.15,323.0,37.33
ORD02276,2025-12-09,C010,Diya Das,Bhubaneswar,East,Notebook Pack,Stationery,2,450,0.15,765.0,186.29
ORD02277,2024-08-30,C005,Kabir Verma,Jaipur,North,Bluetooth Headphones,Electronics,2,3200,0.05,6080.0,1226.94
ORD02278,2025-04-24,C018,Aanya Iyer,Coimbatore,South,Travel Bottle,Accessories,4,900,0.0,3600.0,1230.68
ORD02279,2025-06-17,C011,Aditya Mehta,Ahmedabad,West,Mechanical Keyboard,Electronics,1,4500,0.1,4050.0,773.87
ORD02280,2024-11-03,C004,Ananya Singh,Delhi,North,File Organizer,Stationery,2,380,0.05,722.0,165.87
ORD02281,2025-07-26,C008,Sanya Rao,Hyderabad,South,Bookshelf,Furniture,4,5800,0.0,23200.0,7092.87
ORD02282,2025-02-12,C005,Kabir Verma,Jaipur,North,Office Chair,Furniture,5,9500,0.0,47500.0,13404.92
ORD02283,2025-04-28,C009,Vivaan Gupta,Kolkata,East,Study Desk,Furniture,3,7200,0.1,19440.0,5800.99
ORD02284,2025-10-07,C019,Neil Bhat,Indore,West,LED Table Lamp,Furniture,4,1800,0.1,6480.0,1575.41
ORD02285,2024-07-09,C011,Aditya Mehta,Ahmedabad,West,USB-C Cable,Accessories,2,750,0.1,1350.0,216.92
ORD02286,2025-01-21,C018,Aanya Iyer,Coimbatore,South,LED Table Lamp,Furniture,3,1800,0.1,4860.0,998.19
ORD02287,2024-06-26,C015,Yash Kulkarni,Nagpur,West,Study Desk,Furniture,2,7200,0.15,12240.0,2385.15
ORD02288,2025-06-24,C010,Diya Das,Bhubaneswar,East,Backpack,Accessories,2,2200,0.0,4400.0,1262.05
ORD02289,2024-04-22,C003,Rohan Deshmukh,Nashik,West,Smartphone X,Electronics,5,42000,0.1,189000.0,60925.85
ORD02290,2024-02-26,C001,Aarav Sharma,Mumbai,West,Office Chair,Furniture,3,9500,0.05,27075.0,9456.59
ORD02291,2025-12-23,C013,Reyansh Shah,Surat,West,Notebook Pack,Stationery,4,450,0.0,1800.0,722.1
ORD02292,2025-02-01,C012,Myra Kapoor,Lucknow,North,Bluetooth Headphones,Electronics,4,3200,0.1,11520.0,2625.46
ORD02293,2025-07-17,C009,Vivaan Gupta,Kolkata,East,Wireless Mouse,Electronics,1,1200,0.05,1140.0,326.31
ORD02294,2024-11-30,C008,Sanya Rao,Hyderabad,South,Laptop Pro 14,Electronics,2,85000,0.1,153000.0,36062.16
ORD02295,2024-07-28,C016,Tara Menon,Kochi,South,USB-C Cable,Accessories,2,750,0.05,1425.0,375.19
ORD02296,2024-01-05,C002,Isha Patel,Pune,West,Bookshelf,Furniture,1,5800,0.1,5220.0,1752.79
ORD02297,2024-05-04,C015,Yash Kulkarni,Nagpur,West,Smartphone X,Electronics,2,42000,0.0,84000.0,33904.73
ORD02298,2025-05-17,C006,Meera Joshi,Bengaluru,South,Wireless Mouse,Electronics,3,1200,0.1,3240.0,894.69
ORD02299,2025-03-03,C019,Neil Bhat,Indore,West,Wireless Mouse,Electronics,2,1200,0.05,2280.0,506.36
ORD02300,2024-10-16,C004,Ananya Singh,Delhi,North,Mechanical Keyboard,Electronics,1,4500,0.1,4050.0,1244.75
ORD02301,2025-02-22,C013,Reyansh Shah,Surat,West,USB-C Cable,Accessories,1,750,0.05,712.5,211.5
ORD02302,2025-01-07,C008,Sanya Rao,Hyderabad,South,Mechanical Keyboard,Electronics,2,4500,0.0,9000.0,2395.89
ORD02303,2024-08-28,C013,Reyansh Shah,Surat,West,Study Desk,Furniture,1,7200,0.1,6480.0,1626.35
ORD02304,2025-10-16,C003,Rohan Deshmukh,Nashik,West,USB-C Cable,Accessories,3,750,0.2,1800.0,230.16
ORD02305,2024-03-09,C019,Neil Bhat,Indore,West,USB-C Cable,Accessories,4,750,0.05,2850.0,585.01
ORD02306,2025-06-01,C006,Meera Joshi,Bengaluru,South,Mechanical Keyboard,Electronics,5,4500,0.1,20250.0,4804.51
ORD02307,2025-01-04,C001,Aarav Sharma,Mumbai,West,Premium Pen Set,Stationery,2,650,0.15,1105.0,103.2
ORD02308,2024-05-19,C012,Myra Kapoor,Lucknow,North,Backpack,Accessories,4,2200,0.05,8360.0,1609.44
ORD02309,2024-04-18,C005,Kabir Verma,Jaipur,North,Bookshelf,Furniture,4,5800,0.2,18560.0,3395.23
ORD02310,2025-06-16,C019,Neil Bhat,Indore,West,Smartphone X,Electronics,3,42000,0.1,113400.0,19264.51
ORD02311,2025-03-24,C012,Myra Kapoor,Lucknow,North,Notebook Pack,Stationery,1,450,0.1,405.0,118.07
ORD02312,2024-09-15,C010,Diya Das,Bhubaneswar,East,Travel Bottle,Accessories,4,900,0.05,3420.0,1147.69
ORD02313,2024-03-30,C010,Diya Das,Bhubaneswar,East,Study Desk,Furniture,2,7200,0.0,14400.0,5712.76
ORD02314,2024-01-30,C014,Kiara Roy,Patna,East,Smartphone X,Electronics,1,42000,0.05,39900.0,12627.22
ORD02315,2024-01-22,C007,Arjun Nair,Chennai,South,LED Table Lamp,Furniture,5,1800,0.0,9000.0,2448.86
ORD02316,2024-02-16,C018,Aanya Iyer,Coimbatore,South,Mechanical Keyboard,Electronics,5,4500,0.15,19125.0,5266.65
ORD02317,2024-10-27,C004,Ananya Singh,Delhi,North,Laptop Pro 14,Electronics,4,85000,0.05,323000.0,103716.96
ORD02318,2025-11-14,C003,Rohan Deshmukh,Nashik,West,Notebook Pack,Stationery,1,450,0.0,450.0,145.28
ORD02319,2025-03-17,C015,Yash Kulkarni,Nagpur,West,Laptop Pro 14,Electronics,4,85000,0.1,306000.0,44852.71
ORD02320,2024-08-31,C011,Aditya Mehta,Ahmedabad,West,Office Chair,Furniture,5,9500,0.0,47500.0,16858.65
ORD02321,2025-02-18,C009,Vivaan Gupta,Kolkata,East,Bluetooth Headphones,Electronics,5,3200,0.1,14400.0,3895.72
ORD02322,2024-05-31,C008,Sanya Rao,Hyderabad,South,Mechanical Keyboard,Electronics,2,4500,0.05,8550.0,2177.84
ORD02323,2025-03-21,C012,Myra Kapoor,Lucknow,North,USB-C Cable,Accessories,4,750,0.1,2700.0,883.06
ORD02324,2024-07-16,C015,Yash Kulkarni,Nagpur,West,Bluetooth Headphones,Electronics,5,3200,0.05,15200.0,4358.21
ORD02325,2025-11-17,C018,Aanya Iyer,Coimbatore,South,Bluetooth Headphones,Electronics,4,3200,0.05,12160.0,3183.47
ORD02326,2024-03-26,C018,Aanya Iyer,Coimbatore,South,Travel Bottle,Accessories,5,900,0.15,3825.0,516.02
ORD02327,2024-12-14,C016,Tara Menon,Kochi,South,Office Chair,Furniture,5,9500,0.0,47500.0,19584.88
ORD02328,2025-03-12,C013,Reyansh Shah,Surat,West,Premium Pen Set,Stationery,1,650,0.05,617.5,153.67
ORD02329,2025-01-16,C003,Rohan Deshmukh,Nashik,West,Laptop Pro 14,Electronics,5,85000,0.05,403750.0,92237.93
ORD02330,2024-06-04,C008,Sanya Rao,Hyderabad,South,Study Desk,Furniture,2,7200,0.1,12960.0,1892.82
ORD02331,2025-10-24,C015,Yash Kulkarni,Nagpur,West,Notebook Pack,Stationery,3,450,0.1,1215.0,402.14
ORD02332,2024-10-27,C003,Rohan Deshmukh,Nashik,West,Mechanical Keyboard,Electronics,5,4500,0.1,20250.0,3257.08
ORD02333,2025-08-16,C003,Rohan Deshmukh,Nashik,West,Office Chair,Furniture,3,9500,0.1,25650.0,5766.65
ORD02334,2025-05-26,C019,Neil Bhat,Indore,West,File Organizer,Stationery,3,380,0.0,1140.0,406.44
ORD02335,2025-09-20,C014,Kiara Roy,Patna,East,Office Chair,Furniture,1,9500,0.2,7600.0,222.15
ORD02336,2025-12-21,C007,Arjun Nair,Chennai,South,Study Desk,Furniture,5,7200,0.0,36000.0,12406.78
ORD02337,2025-08-03,C019,Neil Bhat,Indore,West,Bookshelf,Furniture,1,5800,0.1,5220.0,1463.75
ORD02338,2024-02-05,C012,Myra Kapoor,Lucknow,North,Premium Pen Set,Stationery,5,650,0.0,3250.0,758.76
ORD02339,2025-06-25,C007,Arjun Nair,Chennai,South,USB-C Cable,Accessories,5,750,0.0,3750.0,1152.46
ORD02340,2025-01-02,C013,Reyansh Shah,Surat,West,Backpack,Accessories,3,2200,0.1,5940.0,1033.9
ORD02341,2024-08-29,C014,Kiara Roy,Patna,East,Wireless Mouse,Electronics,3,1200,0.1,3240.0,509.33
ORD02342,2025-12-01,C008,Sanya Rao,Hyderabad,South,Notebook Pack,Stationery,2,450,0.15,765.0,181.38
ORD02343,2024-07-25,C020,Sara Khan,Bhopal,Central,Office Chair,Furniture,3,9500,0.1,25650.0,7307.75
ORD02344,2024-08-19,C011,Aditya Mehta,Ahmedabad,West,Wireless Mouse,Electronics,5,1200,0.0,6000.0,1970.32
ORD02345,2025-10-08,C009,Vivaan Gupta,Kolkata,East,Office Chair,Furniture,1,9500,0.05,9025.0,3293.84
ORD02346,2025-05-12,C019,Neil Bhat,Indore,West,Travel Bottle,Accessories,4,900,0.05,3420.0,651.6
ORD02347,2024-07-09,C014,Kiara Roy,Patna,East,Smartphone X,Electronics,5,42000,0.05,199500.0,37733.63
ORD02348,2024-04-13,C009,Vivaan Gupta,Kolkata,East,Wireless Mouse,Electronics,3,1200,0.1,3240.0,824.43
ORD02349,2024-02-22,C017,Dev Malhotra,Chandigarh,North,Bookshelf,Furniture,2,5800,0.15,9860.0,3101.3
ORD02350,2025-12-04,C005,Kabir Verma,Jaipur,North,LED Table Lamp,Furniture,1,1800,0.1,1620.0,347.18
ORD02351,2024-02-28,C003,Rohan Deshmukh,Nashik,West,Laptop Pro 14,Electronics,3,85000,0.05,242250.0,59218.56
ORD02352,2024-11-12,C001,Aarav Sharma,Mumbai,West,Laptop Pro 14,Electronics,4,85000,0.1,306000.0,87539.37
ORD02353,2024-01-18,C016,Tara Menon,Kochi,South,Notebook Pack,Stationery,2,450,0.0,900.0,309.05
ORD02354,2024-01-12,C011,Aditya Mehta,Ahmedabad,West,Bluetooth Headphones,Electronics,3,3200,0.2,7680.0,295.09
ORD02355,2024-01-30,C009,Vivaan Gupta,Kolkata,East,Smartphone X,Electronics,5,42000,0.15,178500.0,40204.04
ORD02356,2025-12-04,C015,Yash Kulkarni,Nagpur,West,Mechanical Keyboard,Electronics,3,4500,0.1,12150.0,3959.85
ORD02357,2024-03-19,C007,Arjun Nair,Chennai,South,USB-C Cable,Accessories,2,750,0.1,1350.0,351.34
ORD02358,2024-08-22,C003,Rohan Deshmukh,Nashik,West,USB-C Cable,Accessories,3,750,0.1,2025.0,531.15
ORD02359,2025-03-24,C017,Dev Malhotra,Chandigarh,North,Notebook Pack,Stationery,2,450,0.1,810.0,276.28
ORD02360,2024-06-02,C012,Myra Kapoor,Lucknow,North,Bluetooth Headphones,Electronics,1,3200,0.0,3200.0,778.9
ORD02361,2025-09-19,C018,Aanya Iyer,Coimbatore,South,File Organizer,Stationery,2,380,0.05,722.0,166.36
ORD02362,2025-08-17,C001,Aarav Sharma,Mumbai,West,Bookshelf,Furniture,5,5800,0.0,29000.0,7438.31
ORD02363,2025-11-01,C002,Isha Patel,Pune,West,Mechanical Keyboard,Electronics,5,4500,0.0,22500.0,6513.63
ORD02364,2024-05-29,C020,Sara Khan,Bhopal,Central,Study Desk,Furniture,2,7200,0.1,12960.0,3678.29
ORD02365,2024-04-18,C008,Sanya Rao,Hyderabad,South,LED Table Lamp,Furniture,2,1800,0.15,3060.0,933.59
ORD02366,2024-05-22,C005,Kabir Verma,Jaipur,North,Notebook Pack,Stationery,5,450,0.05,2137.5,432.02
ORD02367,2024-10-23,C020,Sara Khan,Bhopal,Central,Notebook Pack,Stationery,2,450,0.05,855.0,319.9
ORD02368,2025-02-28,C001,Aarav Sharma,Mumbai,West,Laptop Pro 14,Electronics,5,85000,0.05,403750.0,78578.73
ORD02369,2024-12-28,C003,Rohan Deshmukh,Nashik,West,Notebook Pack,Stationery,4,450,0.1,1620.0,322.53
ORD02370,2025-06-05,C001,Aarav Sharma,Mumbai,West,Travel Bottle,Accessories,3,900,0.1,2430.0,415.09
ORD02371,2025-09-22,C008,Sanya Rao,Hyderabad,South,Laptop Pro 14,Electronics,5,85000,0.1,382500.0,135340.43
ORD02372,2024-08-16,C020,Sara Khan,Bhopal,Central,LED Table Lamp,Furniture,5,1800,0.05,8550.0,1858.5
ORD02373,2024-09-02,C015,Yash Kulkarni,Nagpur,West,USB-C Cable,Accessories,2,750,0.05,1425.0,284.78
ORD02374,2025-07-29,C019,Neil Bhat,Indore,West,Smartphone X,Electronics,2,42000,0.2,67200.0,7844.45
ORD02375,2024-05-31,C003,Rohan Deshmukh,Nashik,West,Backpack,Accessories,1,2200,0.1,1980.0,530.98
ORD02376,2025-03-09,C010,Diya Das,Bhubaneswar,East,Study Desk,Furniture,1,7200,0.05,6840.0,1244.22
ORD02377,2025-08-02,C020,Sara Khan,Bhopal,Central,File Organizer,Stationery,4,380,0.15,1292.0,146.12
ORD02378,2024-06-15,C009,Vivaan Gupta,Kolkata,East,File Organizer,Stationery,2,380,0.15,646.0,101.33
ORD02379,2024-11-28,C010,Diya Das,Bhubaneswar,East,Office Chair,Furniture,3,9500,0.0,28500.0,10741.75
ORD02380,2024-09-09,C009,Vivaan Gupta,Kolkata,East,USB-C Cable,Accessories,4,750,0.1,2700.0,850.4
ORD02381,2025-08-05,C006,Meera Joshi,Bengaluru,South,Backpack,Accessories,4,2200,0.0,8800.0,2960.65
ORD02382,2024-01-15,C014,Kiara Roy,Patna,East,Smartphone X,Electronics,3,42000,0.1,113400.0,17912.52
ORD02383,2024-08-13,C020,Sara Khan,Bhopal,Central,Premium Pen Set,Stationery,2,650,0.1,1170.0,170.76
ORD02384,2025-05-20,C018,Aanya Iyer,Coimbatore,South,Smartphone X,Electronics,3,42000,0.1,113400.0,26534.89
ORD02385,2024-11-02,C001,Aarav Sharma,Mumbai,West,Wireless Mouse,Electronics,5,1200,0.05,5700.0,1158.6
ORD02386,2025-10-16,C004,Ananya Singh,Delhi,North,USB-C Cable,Accessories,2,750,0.15,1275.0,356.88
ORD02387,2024-10-05,C011,Aditya Mehta,Ahmedabad,West,Study Desk,Furniture,2,7200,0.15,12240.0,2847.02
ORD02388,2024-04-19,C003,Rohan Deshmukh,Nashik,West,Study Desk,Furniture,4,7200,0.1,25920.0,3825.81
ORD02389,2024-08-15,C013,Reyansh Shah,Surat,West,USB-C Cable,Accessories,2,750,0.1,1350.0,369.63
ORD02390,2025-03-21,C008,Sanya Rao,Hyderabad,South,Premium Pen Set,Stationery,1,650,0.0,650.0,260.62
ORD02391,2025-08-04,C008,Sanya Rao,Hyderabad,South,Backpack,Accessories,2,2200,0.05,4180.0,1430.56
ORD02392,2025-05-04,C004,Ananya Singh,Delhi,North,File Organizer,Stationery,2,380,0.1,684.0,130.17
ORD02393,2024-02-24,C004,Ananya Singh,Delhi,North,Study Desk,Furniture,2,7200,0.0,14400.0,4716.7
ORD02394,2025-03-09,C016,Tara Menon,Kochi,South,Smartphone X,Electronics,3,42000,0.0,126000.0,31117.19
ORD02395,2024-04-12,C007,Arjun Nair,Chennai,South,LED Table Lamp,Furniture,5,1800,0.05,8550.0,1960.09
ORD02396,2025-01-27,C015,Yash Kulkarni,Nagpur,West,Smartphone X,Electronics,2,42000,0.05,79800.0,22842.11
ORD02397,2024-12-17,C015,Yash Kulkarni,Nagpur,West,Smartphone X,Electronics,1,42000,0.05,39900.0,14508.14
ORD02398,2025-01-08,C006,Meera Joshi,Bengaluru,South,Bluetooth Headphones,Electronics,3,3200,0.05,9120.0,3544.46
ORD02399,2025-05-06,C015,Yash Kulkarni,Nagpur,West,USB-C Cable,Accessories,5,750,0.15,3187.5,622.1
ORD02400,2024-07-27,C019,Neil Bhat,Indore,West,Study Desk,Furniture,4,7200,0.1,25920.0,8342.85
ORD02401,2025-02-16,C018,Aanya Iyer,Coimbatore,South,Travel Bottle,Accessories,4,900,0.05,3420.0,975.22
ORD02402,2025-06-25,C007,Arjun Nair,Chennai,South,Study Desk,Furniture,5,7200,0.1,32400.0,6740.88
ORD02403,2024-02-21,C014,Kiara Roy,Patna,East,USB-C Cable,Accessories,5,750,0.1,3375.0,690.97
ORD02404,2025-10-30,C013,Reyansh Shah,Surat,West,Office Chair,Furniture,1,9500,0.15,8075.0,1123.07
ORD02405,2025-08-09,C018,Aanya Iyer,Coimbatore,South,Notebook Pack,Stationery,1,450,0.1,405.0,120.81
ORD02406,2024-01-16,C015,Yash Kulkarni,Nagpur,West,Bookshelf,Furniture,1,5800,0.15,4930.0,631.46
ORD02407,2024-09-25,C004,Ananya Singh,Delhi,North,Premium Pen Set,Stationery,1,650,0.05,617.5,218.78
ORD02408,2024-09-15,C003,Rohan Deshmukh,Nashik,West,Office Chair,Furniture,4,9500,0.0,38000.0,14390.5
ORD02409,2024-08-04,C003,Rohan Deshmukh,Nashik,West,Office Chair,Furniture,2,9500,0.1,17100.0,4965.25
ORD02410,2024-06-09,C004,Ananya Singh,Delhi,North,Bookshelf,Furniture,2,5800,0.0,11600.0,4706.43
ORD02411,2025-04-10,C001,Aarav Sharma,Mumbai,West,Bluetooth Headphones,Electronics,4,3200,0.05,12160.0,2357.9
ORD02412,2025-04-08,C011,Aditya Mehta,Ahmedabad,West,Office Chair,Furniture,1,9500,0.0,9500.0,2362.76
ORD02413,2025-05-19,C006,Meera Joshi,Bengaluru,South,File Organizer,Stationery,5,380,0.15,1615.0,466.37
ORD02414,2024-04-27,C008,Sanya Rao,Hyderabad,South,Bookshelf,Furniture,3,5800,0.15,14790.0,4613.86
ORD02415,2024-04-12,C007,Arjun Nair,Chennai,South,Notebook Pack,Stationery,4,450,0.1,1620.0,472.97
ORD02416,2024-11-08,C010,Diya Das,Bhubaneswar,East,Mechanical Keyboard,Electronics,5,4500,0.0,22500.0,8662.51
ORD02417,2025-05-15,C018,Aanya Iyer,Coimbatore,South,Backpack,Accessories,1,2200,0.2,1760.0,320.38
ORD02418,2024-08-23,C009,Vivaan Gupta,Kolkata,East,Travel Bottle,Accessories,5,900,0.0,4500.0,1615.13
ORD02419,2025-02-23,C020,Sara Khan,Bhopal,Central,Laptop Pro 14,Electronics,3,85000,0.0,255000.0,105647.33
ORD02420,2024-07-23,C009,Vivaan Gupta,Kolkata,East,Premium Pen Set,Stationery,1,650,0.2,520.0,91.42
ORD02421,2024-01-14,C017,Dev Malhotra,Chandigarh,North,Mechanical Keyboard,Electronics,2,4500,0.05,8550.0,3185.43
ORD02422,2025-02-21,C009,Vivaan Gupta,Kolkata,East,Travel Bottle,Accessories,4,900,0.05,3420.0,746.71
ORD02423,2024-12-23,C012,Myra Kapoor,Lucknow,North,LED Table Lamp,Furniture,1,1800,0.05,1710.0,430.74
ORD02424,2025-07-02,C016,Tara Menon,Kochi,South,Smartphone X,Electronics,4,42000,0.15,142800.0,15619.99
ORD02425,2024-01-29,C019,Neil Bhat,Indore,West,Bluetooth Headphones,Electronics,3,3200,0.2,7680.0,1052.82
ORD02426,2025-11-05,C017,Dev Malhotra,Chandigarh,North,Study Desk,Furniture,2,7200,0.05,13680.0,4900.65
ORD02427,2025-09-01,C013,Reyansh Shah,Surat,West,File Organizer,Stationery,4,380,0.2,1216.0,220.33
ORD02428,2024-04-07,C002,Isha Patel,Pune,West,Bluetooth Headphones,Electronics,3,3200,0.0,9600.0,2708.04
ORD02429,2025-09-15,C011,Aditya Mehta,Ahmedabad,West,LED Table Lamp,Furniture,5,1800,0.05,8550.0,3193.27
ORD02430,2024-04-26,C005,Kabir Verma,Jaipur,North,Bluetooth Headphones,Electronics,4,3200,0.0,12800.0,3162.47
ORD02431,2024-11-18,C020,Sara Khan,Bhopal,Central,Notebook Pack,Stationery,4,450,0.1,1620.0,428.22
ORD02432,2024-10-13,C010,Diya Das,Bhubaneswar,East,Laptop Pro 14,Electronics,3,85000,0.1,229500.0,70949.31
ORD02433,2024-06-29,C018,Aanya Iyer,Coimbatore,South,Smartphone X,Electronics,3,42000,0.1,113400.0,24609.52
ORD02434,2025-02-16,C013,Reyansh Shah,Surat,West,Travel Bottle,Accessories,3,900,0.1,2430.0,544.5
ORD02435,2024-09-13,C008,Sanya Rao,Hyderabad,South,Laptop Pro 14,Electronics,5,85000,0.0,425000.0,174863.42
ORD02436,2024-10-30,C007,Arjun Nair,Chennai,South,Laptop Pro 14,Electronics,4,85000,0.0,340000.0,113606.24
ORD02437,2025-03-30,C009,Vivaan Gupta,Kolkata,East,Laptop Pro 14,Electronics,2,85000,0.05,161500.0,60022.68
ORD02438,2024-03-06,C009,Vivaan Gupta,Kolkata,East,Bluetooth Headphones,Electronics,5,3200,0.0,16000.0,4106.96
ORD02439,2024-06-19,C019,Neil Bhat,Indore,West,Bookshelf,Furniture,1,5800,0.1,5220.0,1557.9
ORD02440,2024-06-03,C015,Yash Kulkarni,Nagpur,West,File Organizer,Stationery,1,380,0.1,342.0,60.91
ORD02441,2024-10-24,C014,Kiara Roy,Patna,East,Wireless Mouse,Electronics,3,1200,0.2,2880.0,571.68
ORD02442,2025-05-31,C020,Sara Khan,Bhopal,Central,Smartphone X,Electronics,2,42000,0.05,79800.0,27396.34
ORD02443,2025-06-08,C009,Vivaan Gupta,Kolkata,East,Laptop Pro 14,Electronics,4,85000,0.1,306000.0,60370.96
ORD02444,2024-08-16,C012,Myra Kapoor,Lucknow,North,Laptop Pro 14,Electronics,4,85000,0.1,306000.0,79569.77
ORD02445,2024-11-24,C013,Reyansh Shah,Surat,West,Laptop Pro 14,Electronics,1,85000,0.1,76500.0,14742.93
ORD02446,2024-07-13,C001,Aarav Sharma,Mumbai,West,File Organizer,Stationery,3,380,0.05,1083.0,391.57
ORD02447,2024-07-14,C017,Dev Malhotra,Chandigarh,North,Laptop Pro 14,Electronics,4,85000,0.05,323000.0,100404.43
ORD02448,2024-08-03,C004,Ananya Singh,Delhi,North,Office Chair,Furniture,5,9500,0.1,42750.0,14708.42
ORD02449,2025-04-28,C003,Rohan Deshmukh,Nashik,West,Bluetooth Headphones,Electronics,3,3200,0.05,9120.0,2099.62
ORD02450,2025-11-14,C016,Tara Menon,Kochi,South,Bluetooth Headphones,Electronics,2,3200,0.0,6400.0,2249.13
ORD02451,2025-11-01,C020,Sara Khan,Bhopal,Central,Bluetooth Headphones,Electronics,5,3200,0.15,13600.0,2218.49
ORD02452,2025-07-01,C016,Tara Menon,Kochi,South,Study Desk,Furniture,5,7200,0.15,30600.0,8779.5
ORD02453,2025-03-30,C014,Kiara Roy,Patna,East,Study Desk,Furniture,2,7200,0.1,12960.0,3278.0
ORD02454,2025-02-05,C014,Kiara Roy,Patna,East,Notebook Pack,Stationery,2,450,0.15,765.0,128.87
ORD02455,2024-02-15,C018,Aanya Iyer,Coimbatore,South,Backpack,Accessories,1,2200,0.0,2200.0,652.99
ORD02456,2025-10-18,C006,Meera Joshi,Bengaluru,South,USB-C Cable,Accessories,1,750,0.2,600.0,155.54
ORD02457,2024-03-24,C015,Yash Kulkarni,Nagpur,West,Mechanical Keyboard,Electronics,1,4500,0.2,3600.0,730.86
ORD02458,2025-01-02,C015,Yash Kulkarni,Nagpur,West,Backpack,Accessories,2,2200,0.15,3740.0,492.58
ORD02459,2025-06-19,C008,Sanya Rao,Hyderabad,South,Travel Bottle,Accessories,4,900,0.1,3240.0,955.43
ORD02460,2024-03-29,C001,Aarav Sharma,Mumbai,West,LED Table Lamp,Furniture,2,1800,0.15,3060.0,296.31
ORD02461,2024-02-01,C004,Ananya Singh,Delhi,North,Bookshelf,Furniture,5,5800,0.1,26100.0,5627.9
ORD02462,2024-05-27,C016,Tara Menon,Kochi,South,Mechanical Keyboard,Electronics,1,4500,0.05,4275.0,1103.02
ORD02463,2024-10-05,C012,Myra Kapoor,Lucknow,North,Premium Pen Set,Stationery,1,650,0.15,552.5,139.75
ORD02464,2025-04-26,C017,Dev Malhotra,Chandigarh,North,Bluetooth Headphones,Electronics,2,3200,0.1,5760.0,2040.21
ORD02465,2025-10-08,C014,Kiara Roy,Patna,East,Premium Pen Set,Stationery,1,650,0.0,650.0,241.3
ORD02466,2025-05-16,C010,Diya Das,Bhubaneswar,East,Wireless Mouse,Electronics,3,1200,0.1,3240.0,1111.94
ORD02467,2025-12-04,C009,Vivaan Gupta,Kolkata,East,Laptop Pro 14,Electronics,5,85000,0.05,403750.0,151552.61
ORD02468,2025-05-30,C011,Aditya Mehta,Ahmedabad,West,File Organizer,Stationery,2,380,0.1,684.0,142.41
ORD02469,2025-09-28,C012,Myra Kapoor,Lucknow,North,Notebook Pack,Stationery,3,450,0.1,1215.0,221.41
ORD02470,2025-12-26,C015,Yash Kulkarni,Nagpur,West,Smartphone X,Electronics,4,42000,0.15,142800.0,21105.36
ORD02471,2024-10-30,C018,Aanya Iyer,Coimbatore,South,File Organizer,Stationery,3,380,0.15,969.0,80.31
ORD02472,2024-09-24,C002,Isha Patel,Pune,West,Travel Bottle,Accessories,5,900,0.1,4050.0,1153.7
ORD02473,2025-01-22,C013,Reyansh Shah,Surat,West,Notebook Pack,Stationery,1,450,0.05,427.5,89.4
ORD02474,2024-11-06,C018,Aanya Iyer,Coimbatore,South,Mechanical Keyboard,Electronics,1,4500,0.1,4050.0,1370.26
ORD02475,2025-06-02,C013,Reyansh Shah,Surat,West,Travel Bottle,Accessories,3,900,0.0,2700.0,706.2
ORD02476,2024-02-11,C013,Reyansh Shah,Surat,West,USB-C Cable,Accessories,2,750,0.05,1425.0,527.75
ORD02477,2024-10-14,C001,Aarav Sharma,Mumbai,West,Backpack,Accessories,5,2200,0.1,9900.0,2705.87
ORD02478,2024-12-26,C008,Sanya Rao,Hyderabad,South,Premium Pen Set,Stationery,5,650,0.05,3087.5,1114.01
ORD02479,2025-04-14,C018,Aanya Iyer,Coimbatore,South,Backpack,Accessories,3,2200,0.0,6600.0,1855.45
ORD02480,2025-05-29,C004,Ananya Singh,Delhi,North,Office Chair,Furniture,5,9500,0.0,47500.0,13252.78
ORD02481,2024-03-06,C012,Myra Kapoor,Lucknow,North,Premium Pen Set,Stationery,5,650,0.15,2762.5,676.16
ORD02482,2024-03-08,C012,Myra Kapoor,Lucknow,North,USB-C Cable,Accessories,4,750,0.0,3000.0,1105.36
ORD02483,2024-11-25,C017,Dev Malhotra,Chandigarh,North,Laptop Pro 14,Electronics,2,85000,0.05,161500.0,49736.72
ORD02484,2025-10-05,C019,Neil Bhat,Indore,West,Premium Pen Set,Stationery,1,650,0.15,552.5,117.32
ORD02485,2024-03-24,C009,Vivaan Gupta,Kolkata,East,File Organizer,Stationery,5,380,0.0,1900.0,758.75
ORD02486,2024-09-02,C006,Meera Joshi,Bengaluru,South,Mechanical Keyboard,Electronics,5,4500,0.05,21375.0,8239.05
ORD02487,2025-10-06,C011,Aditya Mehta,Ahmedabad,West,Backpack,Accessories,2,2200,0.0,4400.0,987.68
ORD02488,2024-12-25,C006,Meera Joshi,Bengaluru,South,Bookshelf,Furniture,2,5800,0.15,9860.0,2396.69
ORD02489,2025-09-21,C020,Sara Khan,Bhopal,Central,Study Desk,Furniture,3,7200,0.0,21600.0,5729.71
ORD02490,2024-07-13,C008,Sanya Rao,Hyderabad,South,LED Table Lamp,Furniture,1,1800,0.05,1710.0,352.87
ORD02491,2025-08-03,C019,Neil Bhat,Indore,West,Backpack,Accessories,3,2200,0.15,5610.0,698.09
ORD02492,2024-06-02,C018,Aanya Iyer,Coimbatore,South,LED Table Lamp,Furniture,1,1800,0.1,1620.0,549.83
ORD02493,2024-04-16,C013,Reyansh Shah,Surat,West,Notebook Pack,Stationery,2,450,0.0,900.0,305.96
ORD02494,2024-01-16,C012,Myra Kapoor,Lucknow,North,Premium Pen Set,Stationery,3,650,0.1,1755.0,613.76
ORD02495,2025-04-03,C003,Rohan Deshmukh,Nashik,West,Wireless Mouse,Electronics,1,1200,0.05,1140.0,262.32
ORD02496,2025-06-10,C005,Kabir Verma,Jaipur,North,Premium Pen Set,Stationery,3,650,0.0,1950.0,487.07
ORD02497,2024-04-05,C002,Isha Patel,Pune,West,Study Desk,Furniture,2,7200,0.1,12960.0,3288.72
ORD02498,2024-07-24,C003,Rohan Deshmukh,Nashik,West,Travel Bottle,Accessories,3,900,0.05,2565.0,468.05
ORD02499,2024-09-05,C010,Diya Das,Bhubaneswar,East,Smartphone X,Electronics,2,42000,0.1,75600.0,11774.36
ORD02500,2025-04-01,C014,Kiara Roy,Patna,East,Study Desk,Furniture,3,7200,0.05,20520.0,7014.37
ORD00649,2025-11-24,C005,Kabir Verma,Jaipur,North,LED Table Lamp,Furniture,2,1800,0.1,3240.0,824.87
ORD00332,2025-10-03,C005,Kabir Verma,Jaipur,North,File Organizer,Stationery,3,380,0.1,1026.0,302.98
ORD01159,2024-03-25,C017,Dev Malhotra,Chandigarh,North,USB-C Cable,Accessories,1,750,0.2,600.0,65.73
ORD02301,2025-02-22,C013,Reyansh Shah,Surat,West,USB-C Cable,Accessories,1,750,0.05,712.5,211.5
ORD01968,2024-06-11,C015,Yash Kulkarni,Nagpur,West,Laptop Pro 14,Electronics,4,85000,0.0,340000.0,118093.94
ORD00511,2025-05-01,C005,Kabir Verma,Jaipur,North,Laptop Pro 14,Electronics,4,85000,0.05,323000.0,123456.63
ORD00028,2025-10-25,C015,Yash Kulkarni,Nagpur,West,Premium Pen Set,Stationery,1,650,0.05,617.5,232.06
ORD00718,2024-04-27,C020,Sara Khan,Bhopal,Central,Travel Bottle,Accessories,3,900,0.1,2430.0,349.09
ORD01973,2025-11-13,C013,Reyansh Shah,Surat,West,USB-C Cable,Accessories,2,750,0.1,1350.0,292.87
ORD01965,2025-08-06,C016,Tara Menon,Kochi,South,Travel Bottle,Accessories,1,900,0.0,900.0,212.73
ORD01626,2025-07-19,C003,Rohan Deshmukh,Nashik,West,Travel Bottle,Accessories,4,900,0.15,3060.0,730.12
ORD00604,2024-07-31,C008,Sanya Rao,Hyderabad,South,Laptop Pro 14,Electronics,3,85000,0.05,242250.0,55904.69
ORD01182,2024-11-10,C007,Arjun Nair,Chennai,South,Mechanical Keyboard,Electronics,4,4500,0.05,17100.0,3435.06
ORD01888,2025-09-19,C004,Ananya Singh,Delhi,North,Wireless Mouse,Electronics,4,1200,0.0,4800.0,1896.25
ORD02027,2025-06-03,C006,Meera Joshi,Bengaluru,South,Smartphone X,Electronics,4,42000,0.05,159600.0,46138.25
