Order_ID,Order_Date,Customer_ID,Customer_Name,City,Region,Product_Name,Category,Quantity,Unit_Price,Discount,Sales,Profit,Gross_Sales,Discount_Amount,Profit_Margin,Year,Month_Number,Month,Quarter,Profit_Status
ORD00001,2024-04-12,C020,Sara Khan,Bhopal,Central,Backpack,Accessories,3,2200,0.1,5940.0,1324.16,6600,660.0,0.22292255892255894,2024,4,April,Q2,Profitable
ORD00002,2024-05-01,C019,Neil Bhat,Indore,West,Study Desk,Furniture,3,7200,0.05,20520.0,6550.38,21600,1080.0,0.319219298245614,2024,5,May,Q2,Profitable
ORD00003,2025-10-25,C003,Rohan Deshmukh,Nashik,West,Office Chair,Furniture,5,9500,0.2,38000.0,2541.79,47500,9500.0,0.06688921052631579,2025,10,October,Q4,Profitable
ORD00004,2025-01-20,C001,Aarav Sharma,Mumbai,West,File Organizer,Stationery,2,380,0.1,684.0,177.54,760,76.0,0.25956140350877194,2025,1,January,Q1,Profitable
ORD00005,2025-07-14,C010,Diya Das,Bhubaneswar,East,File Organizer,Stationery,4,380,0.05,1444.0,423.75,1520,76.0,0.2934556786703601,2025,7,July,Q3,Profitable
ORD00006,2025-11-17,C019,Neil Bhat,Indore,West,File Organizer,Stationery,4,380,0.1,1368.0,472.28,1520,152.0,0.34523391812865495,2025,11,November,Q4,Profitable
ORD00007,2025-10-08,C009,Vivaan Gupta,Kolkata,East,Study Desk,Furniture,2,7200,0.15,12240.0,1106.98,14400,2160.0,0.09043954248366014,2025,10,October,Q4,Profitable
ORD00008,2024-08-29,C009,Vivaan Gupta,Kolkata,East,Notebook Pack,Stationery,5,450,0.0,2250.0,836.54,2250,0.0,0.37179555555555555,2024,8,August,Q3,Profitable
ORD00009,2025-03-30,C012,Myra Kapoor,Lucknow,North,Backpack,Accessories,3,2200,0.15,5610.0,1440.41,6600,990.0,0.2567575757575758,2025,3,March,Q1,Profitable
ORD00010,2025-01-22,C002,Isha Patel,Pune,West,Travel Bottle,Accessories,2,900,0.1,1620.0,564.73,1800,180.0,0.3485987654320988,2025,1,January,Q1,Profitable
ORD00011,2025-02-05,C012,Myra Kapoor,Lucknow,North,Wireless Mouse,Electronics,2,1200,0.15,2040.0,361.01,2400,360.0,0.1769656862745098,2025,2,February,Q1,Profitable
ORD00012,2024-09-27,C008,Sanya Rao,Hyderabad,South,Travel Bottle,Accessories,4,900,0.0,3600.0,1277.76,3600,0.0,0.3549333333333333,2024,9,September,Q3,Profitable
ORD00013,2025-12-20,C013,Reyansh Shah,Surat,West,Wireless Mouse,Electronics,5,1200,0.1,5400.0,761.69,6000,600.0,0.1410537037037037,2025,12,December,Q4,Profitable
ORD00014,2024-07-06,C013,Reyansh Shah,Surat,West,LED Table Lamp,Furniture,5,1800,0.15,7650.0,2295.81,9000,1350.0,0.30010588235294117,2024,7,July,Q3,Profitable
ORD00015,2025-06-04,C001,Aarav Sharma,Mumbai,West,File Organizer,Stationery,3,380,0.0,1140.0,316.61,1140,0.0,0.2777280701754386,2025,6,June,Q2,Profitable
ORD00016,2025-02-22,C001,Aarav Sharma,Mumbai,West,Premium Pen Set,Stationery,5,650,0.15,2762.5,454.3,3250,487.5,0.1644524886877828,2025,2,February,Q1,Profitable
ORD00017,2024-01-28,C007,Arjun Nair,Chennai,South,LED Table Lamp,Furniture,4,1800,0.05,6840.0,2572.48,7200,360.0,0.376093567251462,2024,1,January,Q1,Profitable
ORD00018,2025-02-10,C005,Kabir Verma,Jaipur,North,Mechanical Keyboard,Electronics,4,4500,0.1,16200.0,2566.03,18000,1800.0,0.15839691358024693,2025,2,February,Q1,Profitable
ORD00019,2025-09-04,C015,Yash Kulkarni,Nagpur,West,Travel Bottle,Accessories,3,900,0.1,2430.0,560.91,2700,270.0,0.23082716049382715,2025,9,September,Q3,Profitable
ORD00020,2025-02-01,C007,Arjun Nair,Chennai,South,Premium Pen Set,Stationery,1,650,0.1,585.0,193.58,650,65.0,0.33090598290598294,2025,2,February,Q1,Profitable
ORD00021,2025-04-05,C019,Neil Bhat,Indore,West,USB-C Cable,Accessories,1,750,0.05,712.5,201.21,750,37.5,0.2824,2025,4,April,Q2,Profitable
ORD00022,2025-04-29,C007,Arjun Nair,Chennai,South,Backpack,Accessories,3,2200,0.0,6600.0,1527.43,6600,0.0,0.2314287878787879,2025,4,April,Q2,Profitable
ORD00023,2025-11-29,C019,Neil Bhat,Indore,West,Office Chair,Furniture,4,9500,0.15,32300.0,4118.29,38000,5700.0,0.1275012383900929,2025,11,November,Q4,Profitable
ORD00024,2025-10-07,C012,Myra Kapoor,Lucknow,North,File Organizer,Stationery,4,380,0.15,1292.0,246.44,1520,228.0,0.19074303405572754,2025,10,October,Q4,Profitable
ORD00025,2025-05-20,C007,Arjun Nair,Chennai,South,Travel Bottle,Accessories,1,900,0.05,855.0,216.42,900,45.0,0.25312280701754386,2025,5,May,Q2,Profitable
ORD00026,2025-09-24,C020,Sara Khan,Bhopal,Central,Backpack,Accessories,1,2200,0.05,2090.0,741.55,2200,110.0,0.35480861244019135,2025,9,September,Q3,Profitable
ORD00027,2025-02-14,C009,Vivaan Gupta,Kolkata,East,Travel Bottle,Accessories,5,900,0.1,4050.0,1197.53,4500,450.0,0.2956864197530864,2025,2,February,Q1,Profitable
ORD00028,2025-10-25,C015,Yash Kulkarni,Nagpur,West,Premium Pen Set,Stationery,1,650,0.05,617.5,232.06,650,32.5,0.37580566801619436,2025,10,October,Q4,Profitable
ORD00029,2025-03-17,C020,Sara Khan,Bhopal,Central,File Organizer,Stationery,2,380,0.1,684.0,220.69,760,76.0,0.32264619883040935,2025,3,March,Q1,Profitable
ORD00030,2024-03-21,C017,Dev Malhotra,Chandigarh,North,Wireless Mouse,Electronics,2,1200,0.05,2280.0,872.14,2400,120.0,0.3825175438596491,2024,3,March,Q1,Profitable
ORD00031,2024-08-12,C001,Aarav Sharma,Mumbai,West,Mechanical Keyboard,Electronics,2,4500,0.1,8100.0,2073.99,9000,900.0,0.25604814814814814,2024,8,August,Q3,Profitable
ORD00032,2025-12-10,C004,Ananya Singh,Delhi,North,Study Desk,Furniture,3,7200,0.05,20520.0,6945.87,21600,1080.0,0.33849269005847954,2025,12,December,Q4,Profitable
ORD00033,2024-10-20,C005,Kabir Verma,Jaipur,North,Bluetooth Headphones,Electronics,2,3200,0.1,5760.0,1362.21,6400,640.0,0.23649479166666668,2024,10,October,Q4,Profitable
ORD00034,2024-05-23,C001,Aarav Sharma,Mumbai,West,LED Table Lamp,Furniture,4,1800,0.1,6480.0,1302.03,7200,720.0,0.20093055555555556,2024,5,May,Q2,Profitable
ORD00035,2025-10-21,C004,Ananya Singh,Delhi,North,Mechanical Keyboard,Electronics,2,4500,0.1,8100.0,2472.31,9000,900.0,0.30522345679012347,2025,10,October,Q4,Profitable
ORD00036,2025-12-11,C020,Sara Khan,Bhopal,Central,LED Table Lamp,Furniture,1,1800,0.05,1710.0,479.61,1800,90.0,0.2804736842105263,2025,12,December,Q4,Profitable
ORD00037,2025-10-02,C011,Aditya Mehta,Ahmedabad,West,File Organizer,Stationery,1,380,0.0,380.0,89.32,380,0.0,0.23505263157894735,2025,10,October,Q4,Profitable
ORD00038,2024-10-24,C003,Rohan Deshmukh,Nashik,West,Study Desk,Furniture,4,7200,0.0,28800.0,6438.71,28800,0.0,0.22356631944444444,2024,10,October,Q4,Profitable
ORD00039,2025-07-25,C017,Dev Malhotra,Chandigarh,North,Wireless Mouse,Electronics,1,1200,0.0,1200.0,288.67,1200,0.0,0.24055833333333335,2025,7,July,Q3,Profitable
ORD00040,2024-02-06,C009,Vivaan Gupta,Kolkata,East,LED Table Lamp,Furniture,3,1800,0.1,4860.0,813.61,5400,540.0,0.16740946502057613,2024,2,February,Q1,Profitable
ORD00041,2025-02-07,C001,Aarav Sharma,Mumbai,West,Bookshelf,Furniture,4,5800,0.0,23200.0,8994.04,23200,0.0,0.3876741379310345,2025,2,February,Q1,Profitable
ORD00042,2025-02-25,C008,Sanya Rao,Hyderabad,South,Bluetooth Headphones,Electronics,3,3200,0.05,9120.0,1746.94,9600,480.0,0.19155043859649123,2025,2,February,Q1,Profitable
ORD00043,2024-06-01,C018,Aanya Iyer,Coimbatore,South,Travel Bottle,Accessories,2,900,0.05,1710.0,504.57,1800,90.0,0.2950701754385965,2024,6,June,Q2,Profitable
ORD00044,2025-11-11,C004,Ananya Singh,Delhi,North,Laptop Pro 14,Electronics,4,85000,0.0,340000.0,120672.82,340000,0.0,0.35492005882352945,2025,11,November,Q4,Profitable
ORD00045,2025-05-18,C008,Sanya Rao,Hyderabad,South,Study Desk,Furniture,3,7200,0.1,19440.0,4456.91,21600,2160.0,0.22926491769547325,2025,5,May,Q2,Profitable
ORD00046,2025-04-04,C019,Neil Bhat,Indore,West,Office Chair,Furniture,5,9500,0.05,45125.0,8967.06,47500,2375.0,0.1987160110803324,2025,4,April,Q2,Profitable
ORD00047,2024-01-27,C002,Isha Patel,Pune,West,Smartphone X,Electronics,1,42000,0.1,37800.0,9302.85,42000,4200.0,0.24610714285714286,2024,1,January,Q1,Profitable
ORD00048,2025-03-28,C016,Tara Menon,Kochi,South,Mechanical Keyboard,Electronics,4,4500,0.0,18000.0,5236.3,18000,0.0,0.2909055555555556,2025,3,March,Q1,Profitable
ORD00049,2024-01-17,C012,Myra Kapoor,Lucknow,North,File Organizer,Stationery,5,380,0.05,1805.0,367.27,1900,95.0,0.2034736842105263,2024,1,January,Q1,Profitable
ORD00050,2024-02-06,C017,Dev Malhotra,Chandigarh,North,Travel Bottle,Accessories,5,900,0.1,4050.0,557.7,4500,450.0,0.13770370370370372,2024,2,February,Q1,Profitable
ORD00051,2024-04-25,C001,Aarav Sharma,Mumbai,West,Mechanical Keyboard,Electronics,2,4500,0.1,8100.0,1194.92,9000,900.0,0.147520987654321,2024,4,April,Q2,Profitable
ORD00052,2025-07-23,C003,Rohan Deshmukh,Nashik,West,Bookshelf,Furniture,2,5800,0.1,10440.0,1415.08,11600,1160.0,0.13554406130268198,2025,7,July,Q3,Profitable
ORD00053,2025-09-30,C010,Diya Das,Bhubaneswar,East,Wireless Mouse,Electronics,2,1200,0.1,2160.0,433.43,2400,240.0,0.20066203703703703,2025,9,September,Q3,Profitable
ORD00054,2024-09-02,C016,Tara Menon,Kochi,South,Study Desk,Furniture,5,7200,0.05,34200.0,10297.58,36000,1800.0,0.3010988304093567,2024,9,September,Q3,Profitable
ORD00055,2025-02-11,C013,Reyansh Shah,Surat,West,File Organizer,Stationery,2,380,0.0,760.0,223.76,760,0.0,0.2944210526315789,2025,2,February,Q1,Profitable
ORD00056,2024-01-20,C001,Aarav Sharma,Mumbai,West,Bookshelf,Furniture,4,5800,0.15,19720.0,6135.86,23200,3480.0,0.3111490872210953,2024,1,January,Q1,Profitable
ORD00057,2024-12-19,C002,Isha Patel,Pune,West,Study Desk,Furniture,3,7200,0.05,20520.0,5647.78,21600,1080.0,0.27523294346978555,2024,12,December,Q4,Profitable
ORD00058,2024-05-04,C017,Dev Malhotra,Chandigarh,North,Bluetooth Headphones,Electronics,2,3200,0.15,5440.0,1266.96,6400,960.0,0.23289705882352943,2024,5,May,Q2,Profitable
ORD00059,2025-03-19,C005,Kabir Verma,Jaipur,North,Laptop Pro 14,Electronics,5,85000,0.05,403750.0,75203.59,425000,21250.0,0.18626276160990712,2025,3,March,Q1,Profitable
ORD00060,2024-04-12,C004,Ananya Singh,Delhi,North,Office Chair,Furniture,5,9500,0.0,47500.0,16042.14,47500,0.0,0.3377292631578947,2024,4,April,Q2,Profitable
ORD00061,2025-10-17,C013,Reyansh Shah,Surat,West,Wireless Mouse,Electronics,4,1200,0.1,4320.0,1496.58,4800,480.0,0.3464305555555555,2025,10,October,Q4,Profitable
ORD00062,2024-04-29,C019,Neil Bhat,Indore,West,File Organizer,Stationery,2,380,0.0,760.0,315.35,760,0.0,0.4149342105263158,2024,4,April,Q2,Profitable
ORD00063,2024-04-26,C009,Vivaan Gupta,Kolkata,East,File Organizer,Stationery,5,380,0.0,1900.0,450.22,1900,0.0,0.23695789473684212,2024,4,April,Q2,Profitable
ORD00064,2024-04-05,C016,Tara Menon,Kochi,South,LED Table Lamp,Furniture,5,1800,0.05,8550.0,1611.24,9000,450.0,0.18844912280701753,2024,4,April,Q2,Profitable
ORD00065,2025-12-04,C005,Kabir Verma,Jaipur,North,Office Chair,Furniture,5,9500,0.05,45125.0,15221.56,47500,2375.0,0.3373198891966759,2025,12,December,Q4,Profitable
ORD00066,2025-10-17,C019,Neil Bhat,Indore,West,Smartphone X,Electronics,1,42000,0.05,39900.0,14768.89,42000,2100.0,0.37014761904761906,2025,10,October,Q4,Profitable
ORD00067,2024-02-16,C017,Dev Malhotra,Chandigarh,North,Travel Bottle,Accessories,4,900,0.0,3600.0,1499.64,3600,0.0,0.4165666666666667,2024,2,February,Q1,Profitable
ORD00068,2025-04-18,C016,Tara Menon,Kochi,South,Smartphone X,Electronics,4,42000,0.0,168000.0,55982.58,168000,0.0,0.33322964285714285,2025,4,April,Q2,Profitable
ORD00069,2024-01-23,C010,Diya Das,Bhubaneswar,East,Office Chair,Furniture,5,9500,0.15,40375.0,10346.51,47500,7125.0,0.2562603095975232,2024,1,January,Q1,Profitable
ORD00070,2025-10-20,C001,Aarav Sharma,Mumbai,West,Bookshelf,Furniture,5,5800,0.1,26100.0,5708.06,29000,2900.0,0.21869961685823755,2025,10,October,Q4,Profitable
ORD00071,2024-12-01,C002,Isha Patel,Pune,West,Laptop Pro 14,Electronics,4,85000,0.1,306000.0,44864.34,340000,34000.0,0.14661549019607842,2024,12,December,Q4,Profitable
ORD00072,2025-10-25,C012,Myra Kapoor,Lucknow,North,Wireless Mouse,Electronics,3,1200,0.1,3240.0,822.06,3600,360.0,0.2537222222222222,2025,10,October,Q4,Profitable
ORD00073,2025-11-21,C011,Aditya Mehta,Ahmedabad,West,Smartphone X,Electronics,4,42000,0.05,159600.0,29864.0,168000,8400.0,0.18711779448621554,2025,11,November,Q4,Profitable
ORD00074,2024-02-12,C012,Myra Kapoor,Lucknow,North,Backpack,Accessories,5,2200,0.0,11000.0,3790.03,11000,0.0,0.3445481818181818,2024,2,February,Q1,Profitable
ORD00075,2024-09-09,C019,Neil Bhat,Indore,West,Wireless Mouse,Electronics,3,1200,0.05,3420.0,859.88,3600,180.0,0.25142690058479533,2024,9,September,Q3,Profitable
ORD00076,2025-08-27,C010,Diya Das,Bhubaneswar,East,Notebook Pack,Stationery,2,450,0.05,855.0,243.71,900,45.0,0.28504093567251465,2025,8,August,Q3,Profitable
ORD00077,2025-05-15,C018,Aanya Iyer,Coimbatore,South,Backpack,Accessories,3,2200,0.15,5610.0,811.71,6600,990.0,0.14468983957219253,2025,5,May,Q2,Profitable
ORD00078,2024-10-03,C004,Ananya Singh,Delhi,North,Notebook Pack,Stationery,5,450,0.1,2025.0,356.92,2250,225.0,0.1762567901234568,2024,10,October,Q4,Profitable
ORD00079,2025-11-19,C003,Rohan Deshmukh,Nashik,West,Bluetooth Headphones,Electronics,2,3200,0.05,6080.0,1624.9,6400,320.0,0.2672532894736842,2025,11,November,Q4,Profitable
ORD00080,2025-10-24,C005,Kabir Verma,Jaipur,North,File Organizer,Stationery,1,380,0.1,342.0,65.37,380,38.0,0.191140350877193,2025,10,October,Q4,Profitable
ORD00081,2024-09-29,C017,Dev Malhotra,Chandigarh,North,Travel Bottle,Accessories,4,900,0.15,3060.0,741.56,3600,540.0,0.24233986928104573,2024,9,September,Q3,Profitable
ORD00082,2025-11-29,C019,Neil Bhat,Indore,West,Laptop Pro 14,Electronics,4,85000,0.0,340000.0,81234.03,340000,0.0,0.23892361764705883,2025,11,November,Q4,Profitable
ORD00083,2024-03-16,C009,Vivaan Gupta,Kolkata,East,Study Desk,Furniture,4,7200,0.2,23040.0,860.5,28800,5760.0,0.03734809027777778,2024,3,March,Q1,Profitable
ORD00084,2025-05-20,C015,Yash Kulkarni,Nagpur,West,Smartphone X,Electronics,5,42000,0.05,199500.0,63896.09,210000,10500.0,0.3202811528822055,2025,5,May,Q2,Profitable
ORD00085,2025-04-13,C004,Ananya Singh,Delhi,North,Smartphone X,Electronics,1,42000,0.0,42000.0,9820.2,42000,0.0,0.23381428571428572,2025,4,April,Q2,Profitable
ORD00086,2024-07-04,C007,Arjun Nair,Chennai,South,Travel Bottle,Accessories,2,900,0.05,1710.0,346.43,1800,90.0,0.2025906432748538,2024,7,July,Q3,Profitable
ORD00087,2024-08-22,C011,Aditya Mehta,Ahmedabad,West,Wireless Mouse,Electronics,4,1200,0.1,4320.0,732.51,4800,480.0,0.1695625,2024,8,August,Q3,Profitable
ORD00088,2024-09-09,C006,Meera Joshi,Bengaluru,South,Study Desk,Furniture,5,7200,0.0,36000.0,12264.11,36000,0.0,0.34066972222222225,2024,9,September,Q3,Profitable
ORD00089,2025-09-25,C002,Isha Patel,Pune,West,Smartphone X,Electronics,5,42000,0.0,210000.0,46761.14,210000,0.0,0.22267209523809522,2025,9,September,Q3,Profitable
ORD00090,2025-05-10,C013,Reyansh Shah,Surat,West,Laptop Pro 14,Electronics,4,85000,0.0,340000.0,81076.83,340000,0.0,0.23846126470588236,2025,5,May,Q2,Profitable
ORD00091,2024-10-27,C004,Ananya Singh,Delhi,North,Bluetooth Headphones,Electronics,4,3200,0.0,12800.0,3386.5,12800,0.0,0.2645703125,2024,10,October,Q4,Profitable
ORD00092,2024-06-30,C007,Arjun Nair,Chennai,South,Premium Pen Set,Stationery,2,650,0.15,1105.0,322.09,1300,195.0,0.2914841628959276,2024,6,June,Q2,Profitable
ORD00093,2025-03-26,C013,Reyansh Shah,Surat,West,Backpack,Accessories,2,2200,0.05,4180.0,1578.45,4400,220.0,0.3776196172248804,2025,3,March,Q1,Profitable
ORD00094,2025-04-20,C008,Sanya Rao,Hyderabad,South,Backpack,Accessories,1,2200,0.1,1980.0,404.34,2200,220.0,0.2042121212121212,2025,4,April,Q2,Profitable
ORD00095,2024-12-13,C017,Dev Malhotra,Chandigarh,North,LED Table Lamp,Furniture,1,1800,0.0,1800.0,409.24,1800,0.0,0.22735555555555556,2024,12,December,Q4,Profitable
ORD00096,2025-07-09,C013,Reyansh Shah,Surat,West,Backpack,Accessories,5,2200,0.05,10450.0,3974.52,11000,550.0,0.38033684210526314,2025,7,July,Q3,Profitable
ORD00097,2024-07-31,C011,Aditya Mehta,Ahmedabad,West,File Organizer,Stationery,5,380,0.05,1805.0,438.74,1900,95.0,0.24306925207756233,2024,7,July,Q3,Profitable
ORD00098,2025-03-16,C018,Aanya Iyer,Coimbatore,South,USB-C Cable,Accessories,1,750,0.0,750.0,270.83,750,0.0,0.36110666666666663,2025,3,March,Q1,Profitable
ORD00099,2025-05-27,C003,Rohan Deshmukh,Nashik,West,Study Desk,Furniture,1,7200,0.15,6120.0,563.47,7200,1080.0,0.0920702614379085,2025,5,May,Q2,Profitable
ORD00100,2024-12-23,C012,Myra Kapoor,Lucknow,North,Bookshelf,Furniture,4,5800,0.05,22040.0,7796.69,23200,1160.0,0.35375181488203267,2024,12,December,Q4,Profitable
ORD00101,2025-11-06,C008,Sanya Rao,Hyderabad,South,Notebook Pack,Stationery,4,450,0.1,1620.0,548.02,1800,180.0,0.33828395061728395,2025,11,November,Q4,Profitable
ORD00102,2024-02-10,C004,Ananya Singh,Delhi,North,Premium Pen Set,Stationery,1,650,0.05,617.5,187.04,650,32.5,0.3028987854251012,2024,2,February,Q1,Profitable
ORD00103,2025-04-05,C016,Tara Menon,Kochi,South,Backpack,Accessories,5,2200,0.15,9350.0,1160.42,11000,1650.0,0.12410909090909092,2025,4,April,Q2,Profitable
ORD00104,2025-08-16,C019,Neil Bhat,Indore,West,Smartphone X,Electronics,1,42000,0.05,39900.0,7705.08,42000,2100.0,0.19310977443609023,2025,8,August,Q3,Profitable
ORD00105,2024-08-29,C013,Reyansh Shah,Surat,West,Smartphone X,Electronics,1,42000,0.1,37800.0,9404.89,42000,4200.0,0.24880661375661375,2024,8,August,Q3,Profitable
ORD00106,2024-08-26,C017,Dev Malhotra,Chandigarh,North,Premium Pen Set,Stationery,5,650,0.1,2925.0,784.56,3250,325.0,0.268225641025641,2024,8,August,Q3,Profitable
ORD00107,2025-11-19,C013,Reyansh Shah,Surat,West,Laptop Pro 14,Electronics,2,85000,0.0,170000.0,66849.03,170000,0.0,0.39322958823529414,2025,11,November,Q4,Profitable
ORD00108,2025-02-08,C016,Tara Menon,Kochi,South,Study Desk,Furniture,4,7200,0.15,24480.0,2017.63,28800,4320.0,0.08241952614379086,2025,2,February,Q1,Profitable
ORD00109,2025-03-12,C005,Kabir Verma,Jaipur,North,Smartphone X,Electronics,5,42000,0.1,189000.0,51330.28,210000,21000.0,0.27158878306878304,2025,3,March,Q1,Profitable
ORD00110,2024-03-25,C014,Kiara Roy,Patna,East,LED Table Lamp,Furniture,1,1800,0.2,1440.0,177.78,1800,360.0,0.12345833333333334,2024,3,March,Q1,Profitable
ORD00111,2025-03-21,C001,Aarav Sharma,Mumbai,West,Laptop Pro 14,Electronics,2,85000,0.05,161500.0,59039.04,170000,8500.0,0.3655668111455108,2025,3,March,Q1,Profitable
ORD00112,2024-06-02,C002,Isha Patel,Pune,West,Office Chair,Furniture,3,9500,0.1,25650.0,4262.57,28500,2850.0,0.1661820662768031,2024,6,June,Q2,Profitable
ORD00113,2024-02-23,C012,Myra Kapoor,Lucknow,North,Smartphone X,Electronics,3,42000,0.05,119700.0,43242.82,126000,6300.0,0.3612599832915622,2024,2,February,Q1,Profitable
ORD00114,2024-10-29,C015,Yash Kulkarni,Nagpur,West,Smartphone X,Electronics,5,42000,0.1,189000.0,33388.12,210000,21000.0,0.17665671957671958,2024,10,October,Q4,Profitable
ORD00115,2024-04-12,C006,Meera Joshi,Bengaluru,South,File Organizer,Stationery,2,380,0.05,722.0,191.53,760,38.0,0.2652770083102493,2024,4,April,Q2,Profitable
ORD00116,2024-11-30,C019,Neil Bhat,Indore,West,USB-C Cable,Accessories,2,750,0.05,1425.0,400.8,1500,75.0,0.2812631578947368,2024,11,November,Q4,Profitable
ORD00117,2024-11-30,C010,Diya Das,Bhubaneswar,East,Mechanical Keyboard,Electronics,1,4500,0.15,3825.0,1082.63,4500,675.0,0.28304052287581705,2024,11,November,Q4,Profitable
ORD00118,2024-07-02,C017,Dev Malhotra,Chandigarh,North,Notebook Pack,Stationery,1,450,0.05,427.5,125.18,450,22.5,0.2928187134502924,2024,7,July,Q3,Profitable
ORD00119,2025-06-29,C006,Meera Joshi,Bengaluru,South,Smartphone X,Electronics,2,42000,0.05,79800.0,20438.87,84000,4200.0,0.25612619047619045,2025,6,June,Q2,Profitable
ORD00120,2024-04-20,C016,Tara Menon,Kochi,South,USB-C Cable,Accessories,3,750,0.0,2250.0,656.61,2250,0.0,0.2918266666666667,2024,4,April,Q2,Profitable
ORD00121,2024-12-25,C004,Ananya Singh,Delhi,North,Bookshelf,Furniture,1,5800,0.15,4930.0,1016.2,5800,870.0,0.20612576064908722,2024,12,December,Q4,Profitable
ORD00122,2024-04-02,C018,Aanya Iyer,Coimbatore,South,Backpack,Accessories,2,2200,0.0,4400.0,1124.82,4400,0.0,0.2556409090909091,2024,4,April,Q2,Profitable
ORD00123,2025-04-10,C010,Diya Das,Bhubaneswar,East,Backpack,Accessories,5,2200,0.1,9900.0,2344.27,11000,1100.0,0.2367949494949495,2025,4,April,Q2,Profitable
ORD00124,2025-06-07,C014,Kiara Roy,Patna,East,Wireless Mouse,Electronics,1,1200,0.1,1080.0,218.31,1200,120.0,0.2021388888888889,2025,6,June,Q2,Profitable
ORD00125,2024-03-13,C015,Yash Kulkarni,Nagpur,West,LED Table Lamp,Furniture,3,1800,0.15,4590.0,1392.04,5400,810.0,0.303276688453159,2024,3,March,Q1,Profitable
ORD00126,2024-01-26,C004,Ananya Singh,Delhi,North,Laptop Pro 14,Electronics,1,85000,0.1,76500.0,10433.63,85000,8500.0,0.1363873202614379,2024,1,January,Q1,Profitable
ORD00127,2024-10-29,C014,Kiara Roy,Patna,East,Notebook Pack,Stationery,4,450,0.05,1710.0,499.49,1800,90.0,0.29209941520467836,2024,10,October,Q4,Profitable
ORD00128,2024-12-30,C014,Kiara Roy,Patna,East,Premium Pen Set,Stationery,3,650,0.1,1755.0,274.87,1950,195.0,0.15662108262108262,2024,12,December,Q4,Profitable
ORD00129,2024-12-28,C015,Yash Kulkarni,Nagpur,West,File Organizer,Stationery,5,380,0.15,1615.0,378.42,1900,285.0,0.23431578947368423,2024,12,December,Q4,Profitable
ORD00130,2024-01-15,C005,Kabir Verma,Jaipur,North,File Organizer,Stationery,2,380,0.1,684.0,115.41,760,76.0,0.1687280701754386,2024,1,January,Q1,Profitable
ORD00131,2024-03-26,C012,Myra Kapoor,Lucknow,North,LED Table Lamp,Furniture,1,1800,0.05,1710.0,495.37,1800,90.0,0.28969005847953216,2024,3,March,Q1,Profitable
ORD00132,2025-01-28,C003,Rohan Deshmukh,Nashik,West,LED Table Lamp,Furniture,5,1800,0.05,8550.0,2278.44,9000,450.0,0.2664842105263158,2025,1,January,Q1,Profitable
ORD00133,2025-04-14,C002,Isha Patel,Pune,West,USB-C Cable,Accessories,1,750,0.1,675.0,183.18,750,75.0,0.2713777777777778,2025,4,April,Q2,Profitable
ORD00134,2025-09-04,C006,Meera Joshi,Bengaluru,South,Bluetooth Headphones,Electronics,2,3200,0.1,5760.0,1735.23,6400,640.0,0.30125520833333336,2025,9,September,Q3,Profitable
ORD00135,2024-11-10,C013,Reyansh Shah,Surat,West,Office Chair,Furniture,5,9500,0.15,40375.0,12753.42,47500,7125.0,0.3158741795665635,2024,11,November,Q4,Profitable
ORD00136,2024-10-03,C006,Meera Joshi,Bengaluru,South,Office Chair,Furniture,4,9500,0.15,32300.0,9592.05,38000,5700.0,0.2969674922600619,2024,10,October,Q4,Profitable
ORD00137,2024-12-15,C009,Vivaan Gupta,Kolkata,East,Study Desk,Furniture,3,7200,0.1,19440.0,5139.09,21600,2160.0,0.2643564814814815,2024,12,December,Q4,Profitable
ORD00138,2025-07-01,C006,Meera Joshi,Bengaluru,South,Wireless Mouse,Electronics,4,1200,0.2,3840.0,225.11,4800,960.0,0.058622395833333334,2025,7,July,Q3,Profitable
ORD00139,2025-10-07,C017,Dev Malhotra,Chandigarh,North,Travel Bottle,Accessories,3,900,0.15,2295.0,341.03,2700,405.0,0.14859694989106753,2025,10,October,Q4,Profitable
ORD00140,2025-12-15,C008,Sanya Rao,Hyderabad,South,Notebook Pack,Stationery,3,450,0.15,1147.5,309.13,1350,202.5,0.26939433551198255,2025,12,December,Q4,Profitable
ORD00141,2025-02-13,C004,Ananya Singh,Delhi,North,Mechanical Keyboard,Electronics,4,4500,0.1,16200.0,4887.32,18000,1800.0,0.3016864197530864,2025,2,February,Q1,Profitable
ORD00142,2025-07-12,C001,Aarav Sharma,Mumbai,West,Notebook Pack,Stationery,5,450,0.1,2025.0,300.59,2250,225.0,0.1484395061728395,2025,7,July,Q3,Profitable
ORD00143,2024-09-15,C001,Aarav Sharma,Mumbai,West,Office Chair,Furniture,2,9500,0.05,18050.0,4945.31,19000,950.0,0.2739783933518006,2024,9,September,Q3,Profitable
ORD00144,2025-10-11,C012,Myra Kapoor,Lucknow,North,Wireless Mouse,Electronics,5,1200,0.1,5400.0,1814.56,6000,600.0,0.3360296296296296,2025,10,October,Q4,Profitable
ORD00145,2024-11-14,C005,Kabir Verma,Jaipur,North,LED Table Lamp,Furniture,1,1800,0.0,1800.0,585.66,1800,0.0,0.32536666666666664,2024,11,November,Q4,Profitable
ORD00146,2025-07-03,C003,Rohan Deshmukh,Nashik,West,Travel Bottle,Accessories,1,900,0.15,765.0,108.72,900,135.0,0.14211764705882352,2025,7,July,Q3,Profitable
ORD00147,2024-11-29,C011,Aditya Mehta,Ahmedabad,West,LED Table Lamp,Furniture,2,1800,0.0,3600.0,1464.12,3600,0.0,0.40669999999999995,2024,11,November,Q4,Profitable
ORD00148,2024-10-22,C008,Sanya Rao,Hyderabad,South,Premium Pen Set,Stationery,1,650,0.1,585.0,104.06,650,65.0,0.17788034188034188,2024,10,October,Q4,Profitable
ORD00149,2024-10-17,C005,Kabir Verma,Jaipur,North,Smartphone X,Electronics,3,42000,0.1,113400.0,27138.75,126000,12600.0,0.23931878306878307,2024,10,October,Q4,Profitable
ORD00150,2024-05-11,C013,Reyansh Shah,Surat,West,Notebook Pack,Stationery,1,450,0.1,405.0,103.32,450,45.0,0.2551111111111111,2024,5,May,Q2,Profitable
ORD00151,2025-09-07,C014,Kiara Roy,Patna,East,Mechanical Keyboard,Electronics,5,4500,0.05,21375.0,4960.76,22500,1125.0,0.23208233918128657,2025,9,September,Q3,Profitable
ORD00152,2024-05-22,C001,Aarav Sharma,Mumbai,West,LED Table Lamp,Furniture,1,1800,0.15,1530.0,347.8,1800,270.0,0.2273202614379085,2024,5,May,Q2,Profitable
ORD00153,2025-09-07,C008,Sanya Rao,Hyderabad,South,Mechanical Keyboard,Electronics,3,4500,0.05,12825.0,4096.4,13500,675.0,0.31940740740740736,2025,9,September,Q3,Profitable
ORD00154,2024-06-27,C008,Sanya Rao,Hyderabad,South,Notebook Pack,Stationery,4,450,0.1,1620.0,352.77,1800,180.0,0.21775925925925924,2024,6,June,Q2,Profitable
ORD00155,2025-04-22,C007,Arjun Nair,Chennai,South,Premium Pen Set,Stationery,4,650,0.2,2080.0,180.75,2600,520.0,0.08689903846153846,2025,4,April,Q2,Profitable
ORD00156,2025-02-14,C001,Aarav Sharma,Mumbai,West,Travel Bottle,Accessories,4,900,0.1,3240.0,603.03,3600,360.0,0.18612037037037035,2025,2,February,Q1,Profitable
ORD00157,2025-09-26,C010,Diya Das,Bhubaneswar,East,Laptop Pro 14,Electronics,5,85000,0.0,425000.0,106551.56,425000,0.0,0.2507095529411765,2025,9,September,Q3,Profitable
ORD00158,2024-08-03,C020,Sara Khan,Bhopal,Central,Bookshelf,Furniture,5,5800,0.1,26100.0,6459.13,29000,2900.0,0.24747624521072797,2024,8,August,Q3,Profitable
ORD00159,2024-11-19,C012,Myra Kapoor,Lucknow,North,Backpack,Accessories,2,2200,0.0,4400.0,1321.37,4400,0.0,0.3003113636363636,2024,11,November,Q4,Profitable
ORD00160,2024-10-18,C011,Aditya Mehta,Ahmedabad,West,Premium Pen Set,Stationery,5,650,0.15,2762.5,254.1,3250,487.5,0.09198190045248869,2024,10,October,Q4,Profitable
ORD00161,2025-07-03,C006,Meera Joshi,Bengaluru,South,Bookshelf,Furniture,2,5800,0.15,9860.0,2776.22,11600,1740.0,0.28156389452332653,2025,7,July,Q3,Profitable
ORD00162,2024-05-20,C008,Sanya Rao,Hyderabad,South,Travel Bottle,Accessories,2,900,0.1,1620.0,569.48,1800,180.0,0.3515308641975309,2024,5,May,Q2,Profitable
ORD00163,2025-11-13,C012,Myra Kapoor,Lucknow,North,File Organizer,Stationery,4,380,0.15,1292.0,170.21,1520,228.0,0.13174148606811145,2025,11,November,Q4,Profitable
ORD00164,2024-05-06,C010,Diya Das,Bhubaneswar,East,Laptop Pro 14,Electronics,4,85000,0.05,323000.0,121113.34,340000,17000.0,0.37496390092879256,2024,5,May,Q2,Profitable
ORD00165,2024-02-20,C014,Kiara Roy,Patna,East,Bookshelf,Furniture,1,5800,0.15,4930.0,1043.03,5800,870.0,0.2115679513184584,2024,2,February,Q1,Profitable
ORD00166,2025-09-04,C014,Kiara Roy,Patna,East,Bluetooth Headphones,Electronics,1,3200,0.05,3040.0,984.68,3200,160.0,0.32390789473684206,2025,9,September,Q3,Profitable
ORD00167,2025-01-05,C008,Sanya Rao,Hyderabad,South,USB-C Cable,Accessories,5,750,0.05,3562.5,829.31,3750,187.5,0.23278877192982456,2025,1,January,Q1,Profitable
ORD00168,2024-07-20,C020,Sara Khan,Bhopal,Central,LED Table Lamp,Furniture,5,1800,0.1,8100.0,2674.32,9000,900.0,0.330162962962963,2024,7,July,Q3,Profitable
ORD00169,2024-08-31,C011,Aditya Mehta,Ahmedabad,West,Office Chair,Furniture,2,9500,0.05,18050.0,5202.82,19000,950.0,0.28824487534626037,2024,8,August,Q3,Profitable
ORD00170,2024-12-12,C017,Dev Malhotra,Chandigarh,North,Premium Pen Set,Stationery,3,650,0.05,1852.5,666.57,1950,97.5,0.35982186234817815,2024,12,December,Q4,Profitable
ORD00171,2025-10-25,C007,Arjun Nair,Chennai,South,Bluetooth Headphones,Electronics,5,3200,0.15,13600.0,3160.34,16000,2400.0,0.2323779411764706,2025,10,October,Q4,Profitable
ORD00172,2024-03-03,C011,Aditya Mehta,Ahmedabad,West,Office Chair,Furniture,2,9500,0.0,19000.0,5458.56,19000,0.0,0.2872926315789474,2024,3,March,Q1,Profitable
ORD00173,2024-03-24,C009,Vivaan Gupta,Kolkata,East,Laptop Pro 14,Electronics,4,85000,0.05,323000.0,119996.22,340000,17000.0,0.37150532507739936,2024,3,March,Q1,Profitable
ORD00174,2025-12-01,C008,Sanya Rao,Hyderabad,South,Laptop Pro 14,Electronics,1,85000,0.05,80750.0,24695.59,85000,4250.0,0.3058277399380805,2025,12,December,Q4,Profitable
ORD00175,2025-03-10,C019,Neil Bhat,Indore,West,Travel Bottle,Accessories,5,900,0.1,4050.0,1100.05,4500,450.0,0.2716172839506173,2025,3,March,Q1,Profitable
ORD00176,2024-05-23,C008,Sanya Rao,Hyderabad,South,Mechanical Keyboard,Electronics,2,4500,0.05,8550.0,2044.69,9000,450.0,0.23914502923976608,2024,5,May,Q2,Profitable
ORD00177,2024-07-12,C017,Dev Malhotra,Chandigarh,North,Wireless Mouse,Electronics,3,1200,0.0,3600.0,1381.01,3600,0.0,0.38361388888888887,2024,7,July,Q3,Profitable
ORD00178,2024-02-24,C007,Arjun Nair,Chennai,South,Mechanical Keyboard,Electronics,2,4500,0.05,8550.0,2170.8,9000,450.0,0.2538947368421053,2024,2,February,Q1,Profitable
ORD00179,2025-01-14,C001,Aarav Sharma,Mumbai,West,Study Desk,Furniture,4,7200,0.15,24480.0,2782.12,28800,4320.0,0.11364869281045752,2025,1,January,Q1,Profitable
ORD00180,2024-01-08,C001,Aarav Sharma,Mumbai,West,LED Table Lamp,Furniture,3,1800,0.0,5400.0,1542.36,5400,0.0,0.2856222222222222,2024,1,January,Q1,Profitable
ORD00181,2024-11-23,C015,Yash Kulkarni,Nagpur,West,Smartphone X,Electronics,3,42000,0.15,107100.0,19990.62,126000,18900.0,0.18665378151260503,2024,11,November,Q4,Profitable
ORD00182,2024-09-20,C002,Isha Patel,Pune,West,Mechanical Keyboard,Electronics,3,4500,0.2,10800.0,420.09,13500,2700.0,0.03889722222222222,2024,9,September,Q3,Profitable
ORD00183,2024-06-30,C014,Kiara Roy,Patna,East,USB-C Cable,Accessories,2,750,0.0,1500.0,604.35,1500,0.0,0.40290000000000004,2024,6,June,Q2,Profitable
ORD00184,2024-05-30,C019,Neil Bhat,Indore,West,Backpack,Accessories,3,2200,0.1,5940.0,1555.72,6600,660.0,0.2619057239057239,2024,5,May,Q2,Profitable
ORD00185,2025-05-28,C001,Aarav Sharma,Mumbai,West,USB-C Cable,Accessories,5,750,0.05,3562.5,1192.93,3750,187.5,0.33485754385964916,2025,5,May,Q2,Profitable
ORD00186,2025-01-20,C003,Rohan Deshmukh,Nashik,West,Study Desk,Furniture,4,7200,0.15,24480.0,5787.69,28800,4320.0,0.2364252450980392,2025,1,January,Q1,Profitable
ORD00187,2024-09-12,C009,Vivaan Gupta,Kolkata,East,Wireless Mouse,Electronics,5,1200,0.05,5700.0,1081.86,6000,300.0,0.18979999999999997,2024,9,September,Q3,Profitable
ORD00188,2024-12-29,C017,Dev Malhotra,Chandigarh,North,Notebook Pack,Stationery,3,450,0.15,1147.5,148.54,1350,202.5,0.1294466230936819,2024,12,December,Q4,Profitable
ORD00189,2025-12-21,C018,Aanya Iyer,Coimbatore,South,Mechanical Keyboard,Electronics,1,4500,0.05,4275.0,1177.53,4500,225.0,0.2754456140350877,2025,12,December,Q4,Profitable
ORD00190,2024-08-24,C007,Arjun Nair,Chennai,South,LED Table Lamp,Furniture,3,1800,0.05,5130.0,1855.14,5400,270.0,0.3616257309941521,2024,8,August,Q3,Profitable
ORD00191,2024-01-29,C013,Reyansh Shah,Surat,West,Wireless Mouse,Electronics,5,1200,0.0,6000.0,1422.84,6000,0.0,0.23714,2024,1,January,Q1,Profitable
ORD00192,2024-02-11,C004,Ananya Singh,Delhi,North,LED Table Lamp,Furniture,2,1800,0.1,3240.0,682.98,3600,360.0,0.21079629629629631,2024,2,February,Q1,Profitable
ORD00193,2025-01-12,C012,Myra Kapoor,Lucknow,North,Study Desk,Furniture,5,7200,0.0,36000.0,14134.42,36000,0.0,0.39262277777777776,2025,1,January,Q1,Profitable
ORD00194,2024-10-13,C006,Meera Joshi,Bengaluru,South,Premium Pen Set,Stationery,2,650,0.1,1170.0,243.09,1300,130.0,0.20776923076923076,2024,10,October,Q4,Profitable
ORD00195,2025-03-30,C010,Diya Das,Bhubaneswar,East,Backpack,Accessories,1,2200,0.05,2090.0,645.42,2200,110.0,0.3088133971291866,2025,3,March,Q1,Profitable
ORD00196,2025-09-25,C014,Kiara Roy,Patna,East,Wireless Mouse,Electronics,4,1200,0.2,3840.0,879.0,4800,960.0,0.22890625,2025,9,September,Q3,Profitable
ORD00197,2025-11-23,C004,Ananya Singh,Delhi,North,Mechanical Keyboard,Electronics,2,4500,0.0,9000.0,2273.26,9000,0.0,0.25258444444444444,2025,11,November,Q4,Profitable
ORD00198,2024-01-11,C004,Ananya Singh,Delhi,North,Laptop Pro 14,Electronics,3,85000,0.05,242250.0,65463.36,255000,12750.0,0.2702305882352941,2024,1,January,Q1,Profitable
ORD00199,2024-04-07,C015,Yash Kulkarni,Nagpur,West,Bookshelf,Furniture,5,5800,0.05,27550.0,9164.51,29000,1450.0,0.3326500907441016,2024,4,April,Q2,Profitable
ORD00200,2024-05-27,C019,Neil Bhat,Indore,West,Mechanical Keyboard,Electronics,4,4500,0.0,18000.0,5773.08,18000,0.0,0.32072666666666666,2024,5,May,Q2,Profitable
ORD00201,2024-12-30,C011,Aditya Mehta,Ahmedabad,West,Wireless Mouse,Electronics,1,1200,0.1,1080.0,358.42,1200,120.0,0.33187037037037037,2024,12,December,Q4,Profitable
ORD00202,2025-12-13,C008,Sanya Rao,Hyderabad,South,Laptop Pro 14,Electronics,1,85000,0.05,80750.0,19747.16,85000,4250.0,0.2445468730650155,2025,12,December,Q4,Profitable
ORD00203,2024-02-11,C007,Arjun Nair,Chennai,South,Mechanical Keyboard,Electronics,3,4500,0.0,13500.0,5663.68,13500,0.0,0.4195318518518519,2024,2,February,Q1,Profitable
ORD00204,2025-03-10,C006,Meera Joshi,Bengaluru,South,Wireless Mouse,Electronics,4,1200,0.05,4560.0,1688.08,4800,240.0,0.37019298245614035,2025,3,March,Q1,Profitable
ORD00205,2024-01-17,C010,Diya Das,Bhubaneswar,East,LED Table Lamp,Furniture,1,1800,0.0,1800.0,560.92,1800,0.0,0.3116222222222222,2024,1,January,Q1,Profitable
ORD00206,2024-08-03,C019,Neil Bhat,Indore,West,Bookshelf,Furniture,5,5800,0.1,26100.0,5080.2,29000,2900.0,0.19464367816091954,2024,8,August,Q3,Profitable
ORD00207,2025-12-10,C008,Sanya Rao,Hyderabad,South,LED Table Lamp,Furniture,2,1800,0.05,3420.0,1172.73,3600,180.0,0.3429035087719298,2025,12,December,Q4,Profitable
ORD00208,2025-05-03,C013,Reyansh Shah,Surat,West,Notebook Pack,Stationery,2,450,0.1,810.0,108.12,900,90.0,0.13348148148148148,2025,5,May,Q2,Profitable
ORD00209,2024-03-26,C007,Arjun Nair,Chennai,South,Travel Bottle,Accessories,5,900,0.1,4050.0,1266.66,4500,450.0,0.31275555555555556,2024,3,March,Q1,Profitable
ORD00210,2025-05-12,C018,Aanya Iyer,Coimbatore,South,USB-C Cable,Accessories,4,750,0.15,2550.0,618.54,3000,450.0,0.24256470588235293,2025,5,May,Q2,Profitable
ORD00211,2025-05-04,C007,Arjun Nair,Chennai,South,Laptop Pro 14,Electronics,3,85000,0.1,229500.0,57065.84,255000,25500.0,0.24865289760348583,2025,5,May,Q2,Profitable
ORD00212,2024-05-10,C005,Kabir Verma,Jaipur,North,Premium Pen Set,Stationery,2,650,0.1,1170.0,399.01,1300,130.0,0.341034188034188,2024,5,May,Q2,Profitable
ORD00213,2025-06-10,C017,Dev Malhotra,Chandigarh,North,Bluetooth Headphones,Electronics,5,3200,0.1,14400.0,2758.86,16000,1600.0,0.19158750000000002,2025,6,June,Q2,Profitable
ORD00214,2024-06-09,C016,Tara Menon,Kochi,South,Backpack,Accessories,2,2200,0.15,3740.0,820.59,4400,660.0,0.21940909090909091,2024,6,June,Q2,Profitable
ORD00215,2024-06-18,C002,Isha Patel,Pune,West,Travel Bottle,Accessories,3,900,0.15,2295.0,443.37,2700,405.0,0.19318954248366013,2024,6,June,Q2,Profitable
ORD00216,2025-02-19,C003,Rohan Deshmukh,Nashik,West,Premium Pen Set,Stationery,4,650,0.0,2600.0,1045.96,2600,0.0,0.4022923076923077,2025,2,February,Q1,Profitable
ORD00217,2024-11-13,C012,Myra Kapoor,Unknown,North,LED Table Lamp,Furniture,4,1800,0.2,5760.0,477.69,7200,1440.0,0.08293229166666667,2024,11,November,Q4,Profitable
ORD00218,2024-12-24,C020,Sara Khan,Bhopal,Central,Smartphone X,Electronics,1,42000,0.0,42000.0,16712.02,42000,0.0,0.3979052380952381,2024,12,December,Q4,Profitable
ORD00219,2024-05-21,C018,Aanya Iyer,Coimbatore,South,Bluetooth Headphones,Electronics,2,3200,0.0,6400.0,2634.12,6400,0.0,0.41158125,2024,5,May,Q2,Profitable
ORD00220,2025-12-05,C014,Kiara Roy,Patna,East,USB-C Cable,Accessories,1,750,0.0,750.0,256.26,750,0.0,0.34168,2025,12,December,Q4,Profitable
ORD00221,2024-05-19,C005,Kabir Verma,Jaipur,North,Backpack,Accessories,5,2200,0.0,11000.0,3701.32,11000,0.0,0.3364836363636364,2024,5,May,Q2,Profitable
ORD00222,2025-03-15,C014,Kiara Roy,Patna,East,Bookshelf,Furniture,3,5800,0.15,14790.0,1255.64,17400,2610.0,0.08489790398918189,2025,3,March,Q1,Profitable
ORD00223,2025-12-11,C020,Sara Khan,Bhopal,Central,Bluetooth Headphones,Electronics,3,3200,0.05,9120.0,1943.37,9600,480.0,0.21308881578947367,2025,12,December,Q4,Profitable
ORD00224,2024-11-05,C019,Neil Bhat,Unknown,West,Backpack,Accessories,2,2200,0.0,4400.0,1510.0,4400,0.0,0.3431818181818182,2024,11,November,Q4,Profitable
ORD00225,2025-05-20,C003,Rohan Deshmukh,Nashik,West,Bookshelf,Furniture,5,5800,0.0,29000.0,6559.2,29000,0.0,0.22617931034482758,2025,5,May,Q2,Profitable
ORD00226,2025-11-19,C009,Vivaan Gupta,Kolkata,East,Mechanical Keyboard,Electronics,4,4500,0.2,14400.0,3333.98,18000,3600.0,0.23152638888888888,2025,11,November,Q4,Profitable
ORD00227,2025-05-04,C003,Rohan Deshmukh,Nashik,West,Wireless Mouse,Electronics,2,1200,0.1,2160.0,694.13,2400,240.0,0.3213564814814815,2025,5,May,Q2,Profitable
ORD00228,2024-06-08,C003,Rohan Deshmukh,Nashik,West,Office Chair,Furniture,5,9500,0.0,47500.0,14848.74,47500,0.0,0.31260505263157895,2024,6,June,Q2,Profitable
ORD00229,2024-11-24,C004,Ananya Singh,Delhi,North,Travel Bottle,Accessories,5,900,0.0,4500.0,1100.29,4500,0.0,0.2445088888888889,2024,11,November,Q4,Profitable
ORD00230,2024-11-18,C009,Vivaan Gupta,Kolkata,East,Mechanical Keyboard,Electronics,1,4500,0.15,3825.0,1183.12,4500,675.0,0.3093124183006536,2024,11,November,Q4,Profitable
ORD00231,2025-04-07,C008,Sanya Rao,Hyderabad,South,LED Table Lamp,Furniture,5,1800,0.1,8100.0,2373.5,9000,900.0,0.29302469135802467,2025,4,April,Q2,Profitable
ORD00232,2024-05-03,C015,Yash Kulkarni,Nagpur,West,Office Chair,Electronics,3,9500,0.1,25650.0,6293.51,28500,2850.0,0.24536101364522417,2024,5,May,Q2,Profitable
ORD00233,2025-03-29,C005,Kabir Verma,Jaipur,North,File Organizer,Stationery,5,380,0.15,1615.0,136.24,1900,285.0,0.084359133126935,2025,3,March,Q1,Profitable
ORD00234,2024-04-23,C008,Sanya Rao,Hyderabad,South,Backpack,Accessories,5,2200,0.15,9350.0,1713.1,11000,1650.0,0.1832192513368984,2024,4,April,Q2,Profitable
ORD00235,2024-02-09,C002,Isha Patel,Pune,West,Bookshelf,Furniture,3,5800,0.15,14790.0,2143.99,17400,2610.0,0.1449621365787694,2024,2,February,Q1,Profitable
ORD00236,2024-08-03,C019,Neil Bhat,Indore,West,Bookshelf,Furniture,4,5800,0.15,19720.0,2239.75,23200,3480.0,0.11357758620689655,2024,8,August,Q3,Profitable
ORD00237,2025-11-11,C013,Reyansh Shah,Surat,West,Premium Pen Set,Stationery,5,650,0.1,2925.0,597.91,3250,325.0,0.2044136752136752,2025,11,November,Q4,Profitable
ORD00238,2024-07-09,C006,Meera Joshi,Bengaluru,South,File Organizer,Stationery,5,380,0.15,1615.0,181.7,1900,285.0,0.11250773993808048,2024,7,July,Q3,Profitable
ORD00239,2024-01-31,C010,Diya Das,Bhubaneswar,East,Notebook Pack,Stationery,3,450,0.0,1350.0,321.65,1350,0.0,0.23825925925925925,2024,1,January,Q1,Profitable
ORD00240,2024-03-22,C004,Ananya Singh,Delhi,North,Wireless Mouse,Electronics,5,1200,0.1,5400.0,1912.34,6000,600.0,0.35413703703703703,2024,3,March,Q1,Profitable
ORD00241,2024-08-11,C013,Reyansh Shah,Surat,West,Travel Bottle,Accessories,3,900,0.2,2160.0,252.82,2700,540.0,0.11704629629629629,2024,8,August,Q3,Profitable
ORD00242,2024-08-10,C002,Isha Patel,Pune,West,File Organizer,Stationery,5,380,0.1,1710.0,567.35,1900,190.0,0.3317836257309942,2024,8,August,Q3,Profitable
ORD00243,2025-02-17,C007,Arjun Nair,Chennai,South,Notebook Pack,Stationery,1,450,0.2,360.0,68.23,450,90.0,0.1895277777777778,2025,2,February,Q1,Profitable
ORD00244,2025-07-25,C015,Yash Kulkarni,Nagpur,West,Travel Bottle,Accessories,5,900,0.0,4500.0,1046.49,4500,0.0,0.23255333333333333,2025,7,July,Q3,Profitable
ORD00245,2025-04-28,C018,Aanya Iyer,Coimbatore,South,Bluetooth Headphones,Electronics,3,3200,0.0,9600.0,2551.71,9600,0.0,0.26580312500000003,2025,4,April,Q2,Profitable
ORD00246,2025-02-04,C010,Diya Das,Bhubaneswar,East,Office Chair,Furniture,1,9500,0.0,9500.0,3848.08,9500,0.0,0.40506105263157893,2025,2,February,Q1,Profitable
ORD00247,2024-07-28,C018,Aanya Iyer,Coimbatore,South,Travel Bottle,Accessories,5,900,0.05,4275.0,1082.18,4500,225.0,0.2531415204678363,2024,7,July,Q3,Profitable
ORD00248,2025-01-15,C012,Myra Kapoor,Lucknow,North,Study Desk,Furniture,5,7200,0.0,36000.0,12790.01,36000,0.0,0.3552780555555556,2025,1,January,Q1,Profitable
ORD00249,2024-03-19,C019,Neil Bhat,Indore,West,Premium Pen Set,Stationery,2,650,0.0,1300.0,504.68,1300,0.0,0.38821538461538463,2024,3,March,Q1,Profitable
ORD00250,2024-10-11,C004,Ananya Singh,Delhi,North,Laptop Pro 14,Electronics,3,85000,0.05,242250.0,86005.19,255000,12750.0,0.3550265841073271,2024,10,October,Q4,Profitable
ORD00251,2024-06-05,C011,Aditya Mehta,Ahmedabad,West,Bluetooth Headphones,Electronics,2,3200,0.1,5760.0,1753.53,6400,640.0,0.3044322916666667,2024,6,June,Q2,Profitable
ORD00252,2025-04-03,C003,Rohan Deshmukh,Nashik,West,Laptop Pro 14,Electronics,4,85000,0.0,340000.0,93073.64,340000,0.0,0.273746,2025,4,April,Q2,Profitable
ORD00253,2024-10-29,C016,Tara Menon,Kochi,South,Smartphone X,Electronics,3,42000,0.2,100800.0,8565.63,126000,25200.0,0.08497648809523808,2024,10,October,Q4,Profitable
ORD00254,2025-03-28,C003,Rohan Deshmukh,Nashik,West,Premium Pen Set,Stationery,1,650,0.05,617.5,146.33,650,32.5,0.23697165991902835,2025,3,March,Q1,Profitable
ORD00255,2024-06-10,C003,Rohan Deshmukh,Nashik,West,Laptop Pro 14,Electronics,1,85000,0.1,76500.0,17633.25,85000,8500.0,0.2305,2024,6,June,Q2,Profitable
ORD00256,2025-05-06,C016,Tara Menon,Kochi,South,Premium Pen Set,Stationery,4,650,0.0,2600.0,640.32,2600,0.0,0.2462769230769231,2025,5,May,Q2,Profitable
ORD00257,2024-11-04,C008,Sanya Rao,Hyderabad,South,USB-C Cable,Accessories,3,750,0.15,1912.5,265.04,2250,337.5,0.1385830065359477,2024,11,November,Q4,Profitable
ORD00258,2025-01-21,C012,Myra Kapoor,Lucknow,North,Smartphone X,Electronics,4,42000,0.2,134400.0,30728.58,168000,33600.0,0.22863526785714286,2025,1,January,Q1,Profitable
ORD00259,2025-06-10,C014,Kiara Roy,Patna,East,Study Desk,Furniture,1,7200,0.1,6480.0,1947.54,7200,720.0,0.3005462962962963,2025,6,June,Q2,Profitable
ORD00260,2025-06-04,C006,Meera Joshi,Bengaluru,South,LED Table Lamp,Furniture,4,1800,0.0,7200.0,2185.96,7200,0.0,0.3036055555555556,2025,6,June,Q2,Profitable
ORD00261,2024-04-26,C002,Isha Patel,Pune,West,Bookshelf,Furniture,3,5800,0.2,13920.0,3307.46,17400,3480.0,0.23760488505747127,2024,4,April,Q2,Profitable
ORD00262,2024-09-30,C018,Aanya Iyer,Coimbatore,South,Travel Bottle,Accessories,3,900,0.1,2430.0,399.53,2700,270.0,0.1644156378600823,2024,9,September,Q3,Profitable
ORD00263,2024-04-11,C009,Vivaan Gupta,Kolkata,East,Bookshelf,Furniture,3,5800,0.05,16530.0,6072.84,17400,870.0,0.36738294010889294,2024,4,April,Q2,Profitable
ORD00264,2025-02-04,C012,Myra Kapoor,Lucknow,North,LED Table Lamp,Furniture,4,1800,0.1,6480.0,1498.11,7200,720.0,0.2311898148148148,2025,2,February,Q1,Profitable
ORD00265,2024-08-29,C001,Aarav Sharma,Mumbai,West,Wireless Mouse,Electronics,1,1200,0.0,1200.0,419.85,1200,0.0,0.349875,2024,8,August,Q3,Profitable
ORD00266,2025-08-11,C020,Sara Khan,Bhopal,Central,Notebook Pack,Stationery,2,450,0.2,720.0,161.85,900,180.0,0.22479166666666667,2025,8,August,Q3,Profitable
ORD00267,2024-05-01,C018,Aanya Iyer,Coimbatore,South,USB-C Cable,Accessories,2,750,0.0,1500.0,428.88,1500,0.0,0.28592,2024,5,May,Q2,Profitable
ORD00268,2024-11-12,C003,Rohan Deshmukh,Nashik,West,Premium Pen Set,Stationery,1,650,0.15,552.5,168.74,650,97.5,0.3054117647058824,2024,11,November,Q4,Profitable
ORD00269,2025-02-19,C009,Vivaan Gupta,Kolkata,East,Wireless Mouse,Electronics,4,1200,0.15,4080.0,610.48,4800,720.0,0.14962745098039215,2025,2,February,Q1,Profitable
ORD00270,2024-11-13,C020,Sara Khan,Bhopal,Central,Travel Bottle,Accessories,3,900,0.05,2565.0,642.16,2700,135.0,0.25035477582846005,2024,11,November,Q4,Profitable
ORD00271,2024-07-26,C004,Ananya Singh,Delhi,North,Office Chair,Furniture,2,9500,0.1,17100.0,4252.57,19000,1900.0,0.24868830409356724,2024,7,July,Q3,Profitable
ORD00272,2024-05-06,C009,Vivaan Gupta,Kolkata,East,File Organizer,Stationery,2,380,0.05,722.0,171.03,760,38.0,0.23688365650969528,2024,5,May,Q2,Profitable
ORD00273,2024-01-12,C012,Myra Kapoor,Lucknow,North,Backpack,Accessories,1,2200,0.15,1870.0,497.55,2200,330.0,0.2660695187165775,2024,1,January,Q1,Profitable
ORD00274,2025-07-20,C014,Kiara Roy,Patna,East,Bluetooth Headphones,Electronics,5,3200,0.0,16000.0,4192.96,16000,0.0,0.26206,2025,7,July,Q3,Profitable
ORD00275,2025-11-25,C019,Neil Bhat,Indore,West,File Organizer,Stationery,2,380,0.0,760.0,219.9,760,0.0,0.2893421052631579,2025,11,November,Q4,Profitable
ORD00276,2025-07-02,C009,Vivaan Gupta,Kolkata,East,Premium Pen Set,Stationery,3,650,0.0,1950.0,661.73,1950,0.0,0.33934871794871796,2025,7,July,Q3,Profitable
ORD00277,2025-03-20,C015,Yash Kulkarni,Nagpur,West,Laptop Pro 14,Electronics,4,85000,0.0,340000.0,77466.92,340000,0.0,0.22784388235294117,2025,3,March,Q1,Profitable
ORD00278,2024-01-24,C020,Sara Khan,Bhopal,Central,Smartphone X,Electronics,4,42000,0.1,151200.0,27964.48,168000,16800.0,0.18495026455026456,2024,1,January,Q1,Profitable
ORD00279,2024-05-31,C018,Aanya Iyer,Coimbatore,South,Laptop Pro 14,Electronics,3,85000,0.1,229500.0,59230.61,255000,25500.0,0.2580854466230937,2024,5,May,Q2,Profitable
ORD00280,2024-04-26,C002,Isha Patel,Pune,West,Bluetooth Headphones,Electronics,2,3200,0.1,5760.0,1033.02,6400,640.0,0.17934375,2024,4,April,Q2,Profitable
ORD00281,2024-10-21,C010,Diya Das,Bhubaneswar,East,Mechanical Keyboard,Electronics,3,4500,0.05,12825.0,4025.29,13500,675.0,0.31386276803118907,2024,10,October,Q4,Profitable
ORD00282,2025-10-04,C013,Reyansh Shah,Surat,West,Wireless Mouse,Electronics,5,1200,0.1,5400.0,1762.12,6000,600.0,0.3263185185185185,2025,10,October,Q4,Profitable
ORD00283,2025-06-03,C004,Ananya Singh,Delhi,North,Travel Bottle,Accessories,2,900,0.0,1800.0,406.3,1800,0.0,0.22572222222222224,2025,6,June,Q2,Profitable
ORD00284,2025-01-09,C005,Kabir Verma,Jaipur,North,Smartphone X,Electronics,5,42000,0.05,199500.0,73609.48,210000,10500.0,0.3689698245614035,2025,1,January,Q1,Profitable
ORD00285,2025-01-15,C015,Yash Kulkarni,Nagpur,West,Travel Bottle,Accessories,1,900,0.1,810.0,270.85,900,90.0,0.33438271604938274,2025,1,January,Q1,Profitable
ORD00286,2024-05-24,C002,Isha Patel,Pune,West,Mechanical Keyboard,Electronics,5,4500,0.0,22500.0,6802.14,22500,0.0,0.3023173333333333,2024,5,May,Q2,Profitable
ORD00287,2025-04-04,C004,Ananya Singh,Delhi,North,Backpack,Accessories,3,2200,0.15,5610.0,1198.53,6600,990.0,0.21364171122994652,2025,4,April,Q2,Profitable
ORD00288,2025-08-14,C010,Diya Das,Bhubaneswar,East,Backpack,Accessories,2,2200,0.1,3960.0,1279.73,4400,440.0,0.3231641414141414,2025,8,August,Q3,Profitable
ORD00289,2024-05-12,C020,Sara Khan,Bhopal,Central,Bookshelf,Furniture,3,5800,0.15,14790.0,3819.2,17400,2610.0,0.2582285327924273,2024,5,May,Q2,Profitable
ORD00290,2024-10-10,C011,Aditya Mehta,Ahmedabad,West,Smartphone X,Electronics,5,42000,0.1,189000.0,34364.81,210000,21000.0,0.18182439153439153,2024,10,October,Q4,Profitable
ORD00291,2025-09-23,C012,Myra Kapoor,Lucknow,North,Bookshelf,Furniture,4,5800,0.15,19720.0,3674.23,23200,3480.0,0.18631997971602435,2025,9,September,Q3,Profitable
ORD00292,2024-09-07,C020,Sara Khan,Bhopal,Central,Wireless Mouse,Electronics,2,1200,0.0,2400.0,897.06,2400,0.0,0.37377499999999997,2024,9,September,Q3,Profitable
ORD00293,2024-10-08,C001,Aarav Sharma,Mumbai,West,Study Desk,Furniture,3,7200,0.05,20520.0,3957.66,21600,1080.0,0.19286842105263158,2024,10,October,Q4,Profitable
ORD00294,2024-06-09,C017,Dev Malhotra,Chandigarh,North,Mechanical Keyboard,Electronics,4,4500,0.0,18000.0,4008.13,18000,0.0,0.2226738888888889,2024,6,June,Q2,Profitable
ORD00295,2024-08-03,C011,Aditya Mehta,Ahmedabad,West,Travel Bottle,Accessories,2,900,0.05,1710.0,315.68,1800,90.0,0.18460818713450292,2024,8,August,Q3,Profitable
ORD00296,2024-02-08,C015,Yash Kulkarni,Nagpur,West,Premium Pen Set,Stationery,2,650,0.05,1235.0,342.62,1300,65.0,0.2774251012145749,2024,2,February,Q1,Profitable
ORD00297,2024-05-30,C013,Reyansh Shah,Surat,West,Bluetooth Headphones,Electronics,2,3200,0.0,6400.0,1826.01,6400,0.0,0.2853140625,2024,5,May,Q2,Profitable
ORD00298,2024-12-06,C001,Aarav Sharma,Mumbai,West,Study Desk,Furniture,5,7200,0.05,34200.0,7069.38,36000,1800.0,0.20670701754385964,2024,12,December,Q4,Profitable
ORD00299,2024-03-26,C015,Yash Kulkarni,Nagpur,West,Wireless Mouse,Electronics,1,1200,0.15,1020.0,97.29,1200,180.0,0.09538235294117647,2024,3,March,Q1,Profitable
ORD00300,2025-02-17,C018,Aanya Iyer,Coimbatore,South,Wireless Mouse,Electronics,1,1200,0.15,1020.0,116.49,1200,180.0,0.11420588235294117,2025,2,February,Q1,Profitable
ORD00301,2025-08-10,C008,Sanya Rao,Hyderabad,South,LED Table Lamp,Furniture,4,1800,0.1,6480.0,1993.43,7200,720.0,0.3076280864197531,2025,8,August,Q3,Profitable
ORD00302,2025-10-15,C016,Tara Menon,Kochi,South,Smartphone X,Electronics,1,42000,0.0,42000.0,12114.1,42000,0.0,0.2884309523809524,2025,10,October,Q4,Profitable
ORD00303,2025-12-04,C006,Meera Joshi,Bengaluru,South,USB-C Cable,Accessories,1,750,0.15,637.5,53.5,750,112.5,0.08392156862745098,2025,12,December,Q4,Profitable
ORD00304,2025-08-07,C013,Reyansh Shah,Surat,West,USB-C Cable,Accessories,1,750,0.0,750.0,217.42,750,0.0,0.28989333333333334,2025,8,August,Q3,Profitable
ORD00305,2024-04-11,C014,Kiara Roy,Patna,East,Bluetooth Headphones,Electronics,3,3200,0.15,8160.0,1128.41,9600,1440.0,0.1382855392156863,2024,4,April,Q2,Profitable
ORD00306,2024-10-05,C019,Neil Bhat,Indore,West,Backpack,Accessories,3,2200,0.05,6270.0,2050.13,6600,330.0,0.3269744816586922,2024,10,October,Q4,Profitable
ORD00307,2025-03-30,C015,Yash Kulkarni,Nagpur,West,Laptop Pro 14,Electronics,4,85000,0.1,306000.0,70486.15,340000,34000.0,0.23034689542483658,2025,3,March,Q1,Profitable
ORD00308,2025-08-27,C001,Aarav Sharma,Mumbai,West,Laptop Pro 14,Electronics,1,85000,0.05,80750.0,31200.66,85000,4250.0,0.3863858823529412,2025,8,August,Q3,Profitable
ORD00309,2024-09-23,C003,Rohan Deshmukh,Nashik,West,Bookshelf,Furniture,2,5800,0.1,10440.0,2550.97,11600,1160.0,0.244345785440613,2024,9,September,Q3,Profitable
ORD00310,2024-03-25,C008,Sanya Rao,Hyderabad,South,Wireless Mouse,Electronics,4,1200,0.0,4800.0,1688.4,4800,0.0,0.35175,2024,3,March,Q1,Profitable
ORD00311,2024-01-12,C005,Kabir Verma,Jaipur,North,Wireless Mouse,Electronics,5,1200,0.0,6000.0,1947.97,6000,0.0,0.3246616666666667,2024,1,January,Q1,Profitable
ORD00312,2024-02-12,C016,Tara Menon,Kochi,South,Study Desk,Furniture,2,7200,0.1,12960.0,3106.85,14400,1440.0,0.23972608024691358,2024,2,February,Q1,Profitable
ORD00313,2024-01-21,C011,Aditya Mehta,Ahmedabad,West,Study Desk,Furniture,5,7200,0.15,30600.0,7966.93,36000,5400.0,0.26035718954248366,2024,1,January,Q1,Profitable
ORD00314,2025-12-15,C019,Neil Bhat,Indore,West,USB-C Cable,Accessories,4,750,0.15,2550.0,599.03,3000,450.0,0.23491372549019607,2025,12,December,Q4,Profitable
ORD00315,2024-11-29,C004,Ananya Singh,Delhi,North,Smartphone X,Electronics,4,42000,0.1,151200.0,22525.24,168000,16800.0,0.14897645502645504,2024,11,November,Q4,Profitable
ORD00316,2024-06-04,C003,Rohan Deshmukh,Nashik,West,Bookshelf,Furniture,2,5800,0.1,10440.0,2050.53,11600,1160.0,0.1964109195402299,2024,6,June,Q2,Profitable
ORD00317,2025-08-11,C004,Ananya Singh,Delhi,North,Notebook Pack,Stationery,1,450,0.1,405.0,132.91,450,45.0,0.3281728395061728,2025,8,August,Q3,Profitable
ORD00318,2024-04-17,C010,Diya Das,Bhubaneswar,East,Study Desk,Furniture,5,7200,0.0,36000.0,12994.0,36000,0.0,0.36094444444444446,2024,4,April,Q2,Profitable
ORD00319,2024-08-28,C010,Diya Das,Bhubaneswar,East,Backpack,Accessories,2,2200,0.15,3740.0,814.42,4400,660.0,0.21775935828877005,2024,8,August,Q3,Profitable
ORD00320,2025-01-19,C012,Myra Kapoor,Lucknow,North,Bookshelf,Furniture,5,5800,0.1,26100.0,3761.86,29000,2900.0,0.14413256704980842,2025,1,January,Q1,Profitable
ORD00321,2024-04-27,C009,Vivaan Gupta,Kolkata,East,Notebook Pack,Stationery,1,450,0.1,405.0,128.27,450,45.0,0.3167160493827161,2024,4,April,Q2,Profitable
ORD00322,2025-09-24,C010,Diya Das,Bhubaneswar,East,Bookshelf,Furniture,1,5800,0.0,5800.0,1530.59,5800,0.0,0.26389482758620686,2025,9,September,Q3,Profitable
ORD00323,2024-02-19,C019,Neil Bhat,Indore,West,Bluetooth Headphones,Electronics,4,3200,0.1,11520.0,2023.6,12800,1280.0,0.1756597222222222,2024,2,February,Q1,Profitable
ORD00324,2025-11-06,C010,Diya Das,Bhubaneswar,East,Laptop Pro 14,Electronics,2,85000,0.0,170000.0,63401.99,170000,0.0,0.37295288235294116,2025,11,November,Q4,Profitable
ORD00325,2024-04-17,C002,Isha Patel,Pune,West,Laptop Pro 14,Electronics,5,85000,0.0,425000.0,176490.72,425000,0.0,0.41527228235294117,2024,4,April,Q2,Profitable
ORD00326,2025-10-16,C003,Rohan Deshmukh,Nashik,West,File Organizer,Stationery,3,380,0.0,1140.0,389.67,1140,0.0,0.34181578947368424,2025,10,October,Q4,Profitable
ORD00327,2025-05-23,C002,Isha Patel,Pune,West,Mechanical Keyboard,Electronics,5,4500,0.1,20250.0,5207.77,22500,2250.0,0.25717382716049386,2025,5,May,Q2,Profitable
ORD00328,2025-09-28,C007,Arjun Nair,Chennai,South,LED Table Lamp,Furniture,1,1800,0.0,1800.0,633.21,1800,0.0,0.35178333333333334,2025,9,September,Q3,Profitable
ORD00329,2024-10-28,C019,Neil Bhat,Indore,West,Bluetooth Headphones,Electronics,2,3200,0.05,6080.0,1208.93,6400,320.0,0.1988371710526316,2024,10,October,Q4,Profitable
ORD00330,2025-09-12,C014,Kiara Roy,Patna,East,Bluetooth Headphones,Electronics,5,3200,0.15,13600.0,3706.02,16000,2400.0,0.2725014705882353,2025,9,September,Q3,Profitable
ORD00331,2025-10-09,C001,Aarav Sharma,Mumbai,West,Premium Pen Set,Stationery,1,650,0.1,585.0,150.49,650,65.0,0.25724786324786325,2025,10,October,Q4,Profitable
ORD00332,2025-10-03,C005,Kabir Verma,Jaipur,North,File Organizer,Stationery,3,380,0.1,1026.0,302.98,1140,114.0,0.2953021442495127,2025,10,October,Q4,Profitable
ORD00333,2025-12-12,C018,Aanya Iyer,Coimbatore,South,Mechanical Keyboard,Electronics,4,4500,0.05,17100.0,5461.19,18000,900.0,0.3193678362573099,2025,12,December,Q4,Profitable
ORD00334,2024-05-09,C012,Myra Kapoor,Lucknow,North,Wireless Mouse,Electronics,1,1200,0.2,960.0,156.88,1200,240.0,0.16341666666666665,2024,5,May,Q2,Profitable
ORD00335,2024-04-25,C008,Sanya Rao,Hyderabad,South,Office Chair,Furniture,4,9500,0.0,38000.0,8651.34,38000,0.0,0.22766684210526317,2024,4,April,Q2,Profitable
ORD00336,2025-04-21,C015,Yash Kulkarni,Nagpur,West,LED Table Lamp,Furniture,2,1800,0.0,3600.0,1187.73,3600,0.0,0.329925,2025,4,April,Q2,Profitable
ORD00337,2024-01-12,C017,Dev Malhotra,Chandigarh,North,File Organizer,Stationery,4,380,0.05,1444.0,446.11,1520,76.0,0.3089404432132964,2024,1,January,Q1,Profitable
ORD00338,2024-10-05,C019,Neil Bhat,Indore,West,Bookshelf,Furniture,5,5800,0.1,26100.0,4822.12,29000,2900.0,0.18475555555555556,2024,10,October,Q4,Profitable
ORD00339,2024-11-16,C020,Sara Khan,Bhopal,Central,Office Chair,Furniture,2,9500,0.1,17100.0,2794.19,19000,1900.0,0.1634029239766082,2024,11,November,Q4,Profitable
ORD00340,2025-04-04,C006,Meera Joshi,Bengaluru,South,Bluetooth Headphones,Electronics,2,3200,0.0,6400.0,2537.41,6400,0.0,0.3964703125,2025,4,April,Q2,Profitable
ORD00341,2025-10-24,C018,Aanya Iyer,Coimbatore,South,Backpack,Accessories,2,2200,0.05,4180.0,1323.24,4400,220.0,0.3165645933014354,2025,10,October,Q4,Profitable
ORD00342,2025-03-24,C011,Aditya Mehta,Ahmedabad,West,Mechanical Keyboard,Electronics,4,4500,0.05,17100.0,3267.41,18000,900.0,0.19107660818713448,2025,3,March,Q1,Profitable
ORD00343,2025-04-10,C006,Meera Joshi,Bengaluru,South,Mechanical Keyboard,Electronics,3,4500,0.1,12150.0,2790.25,13500,1350.0,0.22965020576131687,2025,4,April,Q2,Profitable
ORD00344,2024-08-31,C010,Diya Das,Bhubaneswar,East,File Organizer,Stationery,1,380,0.0,380.0,97.47,380,0.0,0.2565,2024,8,August,Q3,Profitable
ORD00345,2024-06-06,C010,Diya Das,Bhubaneswar,East,Travel Bottle,Accessories,3,900,0.1,2430.0,699.47,2700,270.0,0.28784773662551444,2024,6,June,Q2,Profitable
ORD00346,2024-03-13,C015,Yash Kulkarni,Nagpur,West,Smartphone X,Electronics,3,42000,0.0,126000.0,35407.23,126000,0.0,0.28100976190476196,2024,3,March,Q1,Profitable
ORD00347,2025-04-10,C014,Kiara Roy,Patna,East,Bluetooth Headphones,Electronics,2,3200,0.1,5760.0,995.22,6400,640.0,0.17278125,2025,4,April,Q2,Profitable
ORD00348,2024-09-09,C001,Aarav Sharma,Mumbai,West,Bluetooth Headphones,Electronics,1,3200,0.1,2880.0,534.52,3200,320.0,0.18559722222222222,2024,9,September,Q3,Profitable
ORD00349,2025-01-15,C020,Sara Khan,Bhopal,Central,Mechanical Keyboard,Electronics,3,4500,0.05,12825.0,4599.79,13500,675.0,0.358658089668616,2025,1,January,Q1,Profitable
ORD00350,2024-04-26,C002,Isha Patel,Pune,West,Bookshelf,Furniture,5,5800,0.0,29000.0,11396.04,29000,0.0,0.3929668965517242,2024,4,April,Q2,Profitable
ORD00351,2025-08-02,C013,Reyansh Shah,Surat,West,File Organizer,Stationery,4,380,0.2,1216.0,202.92,1520,304.0,0.166875,2025,8,August,Q3,Profitable
ORD00352,2025-10-14,C014,Kiara Roy,Patna,East,Bluetooth Headphones,Electronics,2,3200,0.05,6080.0,1278.15,6400,320.0,0.21022203947368423,2025,10,October,Q4,Profitable
ORD00353,2025-11-02,C011,Aditya Mehta,Ahmedabad,West,Travel Bottle,Accessories,2,900,0.1,1620.0,521.27,1800,180.0,0.3217716049382716,2025,11,November,Q4,Profitable
ORD00354,2025-05-31,C019,Neil Bhat,Indore,West,Wireless Mouse,Electronics,2,1200,0.0,2400.0,775.39,2400,0.0,0.32307916666666664,2025,5,May,Q2,Profitable
ORD00355,2025-11-20,C015,Yash Kulkarni,Nagpur,West,LED Table Lamp,Furniture,3,1800,0.0,5400.0,2187.4,5400,0.0,0.4050740740740741,2025,11,November,Q4,Profitable
ORD00356,2024-06-04,C014,Kiara Roy,Patna,East,Mechanical Keyboard,Electronics,4,4500,0.1,16200.0,3480.52,18000,1800.0,0.2148469135802469,2024,6,June,Q2,Profitable
ORD00357,2025-07-05,C017,Dev Malhotra,Chandigarh,North,Smartphone X,Electronics,4,42000,0.05,159600.0,41197.1,168000,8400.0,0.2581271929824561,2025,7,July,Q3,Profitable
ORD00358,2024-05-03,C006,Meera Joshi,Bengaluru,South,Study Desk,Furniture,2,7200,0.0,14400.0,3494.58,14400,0.0,0.24267916666666667,2024,5,May,Q2,Profitable
ORD00359,2025-07-27,C003,Rohan Deshmukh,Nashik,West,Study Desk,Furniture,3,7200,0.05,20520.0,4417.04,21600,1080.0,0.21525536062378167,2025,7,July,Q3,Profitable
ORD00360,2025-08-20,C005,Kabir Verma,Jaipur,North,Travel Bottle,Accessories,2,900,0.0,1800.0,605.31,1800,0.0,0.3362833333333333,2025,8,August,Q3,Profitable
ORD00361,2025-08-13,C010,Diya Das,Bhubaneswar,East,Study Desk,Furniture,2,7200,0.0,14400.0,4265.43,14400,0.0,0.2962104166666667,2025,8,August,Q3,Profitable
ORD00362,2024-01-13,C018,Aanya Iyer,Coimbatore,South,Backpack,Accessories,5,2200,0.0,11000.0,4477.84,11000,0.0,0.4070763636363636,2024,1,January,Q1,Profitable
ORD00363,2025-11-02,C004,Ananya Singh,Delhi,North,Laptop Pro 14,Electronics,3,85000,0.05,242250.0,61399.4,255000,12750.0,0.2534546955624355,2025,11,November,Q4,Profitable
ORD00364,2024-11-03,C004,Ananya Singh,Delhi,North,Wireless Mouse,Electronics,4,1200,0.0,4800.0,1390.36,4800,0.0,0.2896583333333333,2024,11,November,Q4,Profitable
ORD00365,2024-08-14,C009,Vivaan Gupta,Kolkata,East,Backpack,Accessories,4,2200,0.15,7480.0,1685.39,8800,1320.0,0.22531951871657754,2024,8,August,Q3,Profitable
ORD00366,2025-07-07,C013,Reyansh Shah,Surat,West,Laptop Pro 14,Electronics,1,85000,0.0,85000.0,24502.23,85000,0.0,0.2882615294117647,2025,7,July,Q3,Profitable
ORD00367,2025-02-28,C001,Aarav Sharma,Mumbai,West,Wireless Mouse,Electronics,4,1200,0.0,4800.0,1747.81,4800,0.0,0.3641270833333333,2025,2,February,Q1,Profitable
ORD00368,2024-08-29,C008,Sanya Rao,Hyderabad,South,Smartphone X,Electronics,4,42000,0.1,151200.0,31605.71,168000,16800.0,0.20903247354497353,2024,8,August,Q3,Profitable
ORD00369,2025-12-26,C008,Sanya Rao,Hyderabad,South,Laptop Pro 14,Electronics,1,85000,0.0,85000.0,26887.06,85000,0.0,0.3163183529411765,2025,12,December,Q4,Profitable
ORD00370,2025-04-11,C005,Kabir Verma,Jaipur,North,File Organizer,Stationery,1,380,0.05,361.0,136.96,380,19.0,0.37939058171745155,2025,4,April,Q2,Profitable
ORD00371,2024-07-18,C011,Aditya Mehta,Ahmedabad,West,Laptop Pro 14,Electronics,5,85000,0.15,361250.0,105793.76,425000,63750.0,0.2928546989619377,2024,7,July,Q3,Profitable
ORD00372,2024-01-17,C005,Kabir Verma,Jaipur,North,Bluetooth Headphones,Electronics,5,3200,0.05,15200.0,4441.77,16000,800.0,0.2922217105263158,2024,1,January,Q1,Profitable
ORD00373,2024-08-15,C011,Aditya Mehta,Ahmedabad,West,Bluetooth Headphones,Electronics,3,3200,0.1,8640.0,2716.42,9600,960.0,0.314400462962963,2024,8,August,Q3,Profitable
ORD00374,2025-05-05,C005,Kabir Verma,Jaipur,North,Smartphone X,Electronics,2,42000,0.0,84000.0,33899.52,84000,0.0,0.40356571428571425,2025,5,May,Q2,Profitable
ORD00375,2024-08-07,C017,Dev Malhotra,Chandigarh,North,USB-C Cable,Accessories,1,750,0.2,600.0,64.9,750,150.0,0.10816666666666667,2024,8,August,Q3,Profitable
ORD00376,2025-07-14,C004,Ananya Singh,Delhi,North,Travel Bottle,Accessories,4,900,0.1,3240.0,688.39,3600,360.0,0.21246604938271604,2025,7,July,Q3,Profitable
ORD00377,2025-01-12,C018,Aanya Iyer,Coimbatore,South,Notebook Pack,Stationery,5,450,0.0,2250.0,731.55,2250,0.0,0.32513333333333333,2025,1,January,Q1,Profitable
ORD00378,2025-01-08,C013,Reyansh Shah,Surat,West,Smartphone X,Electronics,4,42000,0.0,168000.0,69090.48,168000,0.0,0.41125285714285714,2025,1,January,Q1,Profitable
ORD00379,2024-09-29,C008,Sanya Rao,Hyderabad,South,Wireless Mouse,Electronics,1,1200,0.05,1140.0,340.3,1200,60.0,0.29850877192982456,2024,9,September,Q3,Profitable
ORD00380,2024-05-03,C018,Aanya Iyer,Coimbatore,South,Office Chair,Furniture,4,9500,0.0,38000.0,15036.59,38000,0.0,0.39569973684210524,2024,5,May,Q2,Profitable
ORD00381,2024-10-14,C019,Neil Bhat,Indore,West,Travel Bottle,Accessories,1,900,0.1,810.0,236.54,900,90.0,0.29202469135802467,2024,10,October,Q4,Profitable
ORD00382,2025-06-27,C007,Arjun Nair,Chennai,South,Laptop Pro 14,Electronics,4,85000,0.15,289000.0,74647.61,340000,51000.0,0.2582962283737024,2025,6,June,Q2,Profitable
ORD00383,2025-01-31,C008,Sanya Rao,Hyderabad,South,Travel Bottle,Accessories,4,900,0.0,3600.0,1281.56,3600,0.0,0.35598888888888885,2025,1,January,Q1,Profitable
ORD00384,2025-10-23,C011,Aditya Mehta,Ahmedabad,West,LED Table Lamp,Furniture,4,1800,0.0,7200.0,2786.67,7200,0.0,0.38703750000000003,2025,10,October,Q4,Profitable
ORD00385,2025-06-24,C015,Yash Kulkarni,Nagpur,West,Bluetooth Headphones,Electronics,3,3200,0.2,7680.0,1174.28,9600,1920.0,0.15290104166666665,2025,6,June,Q2,Profitable
ORD00386,2025-02-10,C012,Myra Kapoor,Lucknow,North,Backpack,Accessories,3,2200,0.1,5940.0,1130.68,6600,660.0,0.19035016835016835,2025,2,February,Q1,Profitable
ORD00387,2025-05-29,C019,Neil Bhat,Indore,West,Study Desk,Furniture,5,7200,0.0,36000.0,10964.36,36000,0.0,0.3045655555555556,2025,5,May,Q2,Profitable
ORD00388,2024-10-07,C005,Kabir Verma,Jaipur,North,USB-C Cable,Accessories,2,750,0.1,1350.0,236.47,1500,150.0,0.17516296296296296,2024,10,October,Q4,Profitable
ORD00389,2024-09-17,C003,Rohan Deshmukh,Nashik,West,Laptop Pro 14,Electronics,4,85000,0.0,340000.0,115498.39,340000,0.0,0.33970114705882354,2024,9,September,Q3,Profitable
ORD00390,2025-05-05,C010,Diya Das,Bhubaneswar,East,Smartphone X,Electronics,3,42000,0.0,126000.0,43964.31,126000,0.0,0.3489230952380952,2025,5,May,Q2,Profitable
ORD00391,2024-01-13,C009,Vivaan Gupta,Kolkata,East,Bluetooth Headphones,Electronics,4,3200,0.0,12800.0,3427.86,12800,0.0,0.26780156250000003,2024,1,January,Q1,Profitable
ORD00392,2025-07-19,C012,Myra Kapoor,Lucknow,North,Laptop Pro 14,Electronics,1,85000,0.2,68000.0,12445.01,85000,17000.0,0.18301485294117648,2025,7,July,Q3,Profitable
ORD00393,2025-08-09,C016,Tara Menon,Kochi,South,Mechanical Keyboard,Electronics,3,4500,0.2,10800.0,1975.56,13500,2700.0,0.1829222222222222,2025,8,August,Q3,Profitable
ORD00394,2025-01-15,C004,Ananya Singh,Delhi,North,Bluetooth Headphones,Electronics,2,3200,0.15,5440.0,968.9,6400,960.0,0.17810661764705882,2025,1,January,Q1,Profitable
ORD00395,2025-04-13,C008,Sanya Rao,Hyderabad,South,Study Desk,Furniture,5,7200,0.0,36000.0,13918.43,36000,0.0,0.38662305555555554,2025,4,April,Q2,Profitable
ORD00396,2024-07-06,C013,Reyansh Shah,Surat,West,Bluetooth Headphones,Electronics,1,3200,0.1,2880.0,716.18,3200,320.0,0.24867361111111108,2024,7,July,Q3,Profitable
ORD00397,2025-06-09,C003,Rohan Deshmukh,Nashik,West,Bookshelf,Furniture,5,5800,0.1,26100.0,6023.39,29000,2900.0,0.23078122605363985,2025,6,June,Q2,Profitable
ORD00398,2025-06-19,C002,Isha Patel,Pune,West,Travel Bottle,Accessories,2,900,0.1,1620.0,567.74,1800,180.0,0.3504567901234568,2025,6,June,Q2,Profitable
ORD00399,2024-11-14,C014,Kiara Roy,Patna,East,Mechanical Keyboard,Electronics,5,4500,0.1,20250.0,2781.14,22500,2250.0,0.13734024691358024,2024,11,November,Q4,Profitable
ORD00400,2024-04-26,C004,Ananya Singh,Delhi,North,Mechanical Keyboard,Electronics,5,4500,0.0,22500.0,7973.13,22500,0.0,0.35436133333333336,2024,4,April,Q2,Profitable
ORD00401,2024-07-01,C001,Aarav Sharma,Mumbai,West,Wireless Mouse,Electronics,4,1200,0.0,4800.0,1246.69,4800,0.0,0.25972708333333333,2024,7,July,Q3,Profitable
ORD00402,2024-10-29,C011,Aditya Mehta,Ahmedabad,West,LED Table Lamp,Furniture,4,1800,0.05,6840.0,2414.19,7200,360.0,0.35295175438596493,2024,10,October,Q4,Profitable
ORD00403,2024-07-16,C004,Ananya Singh,Delhi,North,Bluetooth Headphones,Electronics,3,3200,0.1,8640.0,1169.04,9600,960.0,0.13530555555555554,2024,7,July,Q3,Profitable
ORD00404,2024-05-03,C011,Aditya Mehta,Ahmedabad,West,Study Desk,Furniture,1,7200,0.2,5760.0,1291.77,7200,1440.0,0.224265625,2024,5,May,Q2,Profitable
ORD00405,2025-05-14,C010,Diya Das,Bhubaneswar,East,Wireless Mouse,Electronics,3,1200,0.0,3600.0,1494.58,3600,0.0,0.4151611111111111,2025,5,May,Q2,Profitable
ORD00406,2024-09-10,C013,Reyansh Shah,Surat,West,Office Chair,Furniture,1,9500,0.15,8075.0,1078.09,9500,1425.0,0.1335095975232198,2024,9,September,Q3,Profitable
ORD00407,2025-03-01,C003,Rohan Deshmukh,Nashik,West,Travel Bottle,Accessories,2,900,0.15,1530.0,182.9,1800,270.0,0.11954248366013072,2025,3,March,Q1,Profitable
ORD00408,2024-02-18,C010,Diya Das,Bhubaneswar,East,Smartphone X,Electronics,4,42000,0.0,168000.0,67851.79,168000,0.0,0.40387970238095233,2024,2,February,Q1,Profitable
ORD00409,2024-10-21,C018,Aanya Iyer,Coimbatore,South,Mechanical Keyboard,Electronics,1,4500,0.1,4050.0,1433.67,4500,450.0,0.35399259259259264,2024,10,October,Q4,Profitable
ORD00410,2024-06-30,C014,Kiara Roy,Patna,East,File Organizer,Stationery,4,380,0.0,1520.0,409.98,1520,0.0,0.26972368421052634,2024,6,June,Q2,Profitable
ORD00411,2025-10-25,C004,Ananya Singh,Delhi,North,Smartphone X,Electronics,4,42000,0.0,168000.0,69340.74,168000,0.0,0.4127425,2025,10,October,Q4,Profitable
ORD00412,2024-06-11,C014,Kiara Roy,Patna,East,Bookshelf,Furniture,2,5800,0.05,11020.0,2530.2,11600,580.0,0.22960072595281306,2024,6,June,Q2,Profitable
ORD00413,2025-09-09,C013,Reyansh Shah,Surat,West,Office Chair,Furniture,4,9500,0.0,38000.0,9476.52,38000,0.0,0.2493821052631579,2025,9,September,Q3,Profitable
ORD00414,2025-09-10,C020,Sara Khan,Bhopal,Central,Wireless Mouse,Electronics,2,1200,0.1,2160.0,601.96,2400,240.0,0.2786851851851852,2025,9,September,Q3,Profitable
ORD00415,2025-11-20,C001,Aarav Sharma,Mumbai,West,Premium Pen Set,Stationery,2,650,0.1,1170.0,273.44,1300,130.0,0.23370940170940172,2025,11,November,Q4,Profitable
ORD00416,2025-04-16,C015,Yash Kulkarni,Nagpur,West,Study Desk,Furniture,5,7200,0.0,36000.0,12104.69,36000,0.0,0.3362413888888889,2025,4,April,Q2,Profitable
ORD00417,2024-05-21,C005,Kabir Verma,Jaipur,North,Notebook Pack,Stationery,5,450,0.05,2137.5,538.12,2250,112.5,0.2517520467836257,2024,5,May,Q2,Profitable
ORD00418,2025-12-30,C005,Kabir Verma,Jaipur,North,Bookshelf,Furniture,1,5800,0.05,5510.0,1018.47,5800,290.0,0.18484029038112523,2025,12,December,Q4,Profitable
ORD00419,2025-01-18,C012,Myra Kapoor,Lucknow,North,LED Table Lamp,Furniture,5,1800,0.0,9000.0,3507.76,9000,0.0,0.38975111111111116,2025,1,January,Q1,Profitable
ORD00420,2025-12-08,C010,Diya Das,Bhubaneswar,East,LED Table Lamp,Furniture,1,1800,0.1,1620.0,534.68,1800,180.0,0.33004938271604933,2025,12,December,Q4,Profitable
ORD00421,2024-12-19,C011,Aditya Mehta,Ahmedabad,West,LED Table Lamp,Furniture,1,1800,0.1,1620.0,546.58,1800,180.0,0.33739506172839506,2024,12,December,Q4,Profitable
ORD00422,2024-07-16,C002,Isha Patel,Pune,West,Laptop Pro 14,Electronics,2,85000,0.0,170000.0,39246.26,170000,0.0,0.2308603529411765,2024,7,July,Q3,Profitable
ORD00423,2024-04-21,C002,Isha Patel,Pune,West,Notebook Pack,Stationery,2,450,0.15,765.0,160.17,900,135.0,0.20937254901960783,2024,4,April,Q2,Profitable
ORD00424,2025-11-09,C012,Myra Kapoor,Lucknow,North,Bookshelf,Furniture,4,5800,0.05,22040.0,4045.79,23200,1160.0,0.1835657894736842,2025,11,November,Q4,Profitable
ORD00425,2024-08-30,C017,Dev Malhotra,Chandigarh,North,Study Desk,Furniture,5,7200,0.0,36000.0,12742.45,36000,0.0,0.3539569444444445,2024,8,August,Q3,Profitable
ORD00426,2024-08-01,C015,Yash Kulkarni,Nagpur,West,Bookshelf,Furniture,5,5800,0.1,26100.0,8342.61,29000,2900.0,0.31964022988505747,2024,8,August,Q3,Profitable
ORD00427,2025-01-15,C009,Vivaan Gupta,Kolkata,East,Bookshelf,Furniture,2,5800,0.1,10440.0,2417.48,11600,1160.0,0.23155938697318007,2025,1,January,Q1,Profitable
ORD00428,2024-03-06,C003,Rohan Deshmukh,Nashik,West,Bookshelf,Furniture,4,5800,0.1,20880.0,5114.15,23200,2320.0,0.24493055555555554,2024,3,March,Q1,Profitable
ORD00429,2025-11-09,C020,Sara Khan,Bhopal,Central,Study Desk,Furniture,1,7200,0.05,6840.0,2529.49,7200,360.0,0.3698084795321637,2025,11,November,Q4,Profitable
ORD00430,2025-12-09,C019,Neil Bhat,Indore,West,Premium Pen Set,Stationery,4,650,0.1,2340.0,682.69,2600,260.0,0.2917478632478633,2025,12,December,Q4,Profitable
ORD00431,2025-04-20,C009,Vivaan Gupta,Kolkata,East,Bluetooth Headphones,Electronics,5,3200,0.1,14400.0,2566.67,16000,1600.0,0.17824097222222224,2025,4,April,Q2,Profitable
ORD00432,2025-07-12,C015,Yash Kulkarni,Nagpur,West,Travel Bottle,Accessories,2,900,0.0,1800.0,505.48,1800,0.0,0.28082222222222225,2025,7,July,Q3,Profitable
ORD00433,2024-09-24,C002,Isha Patel,Pune,West,Study Desk,Furniture,3,7200,0.05,20520.0,4116.16,21600,1080.0,0.20059259259259257,2024,9,September,Q3,Profitable
ORD00434,2024-02-09,C006,Meera Joshi,Bengaluru,South,Laptop Pro 14,Electronics,4,85000,0.0,340000.0,130272.71,340000,0.0,0.3831550294117647,2024,2,February,Q1,Profitable
ORD00435,2025-09-04,C016,Tara Menon,Kochi,South,Premium Pen Set,Stationery,5,650,0.05,3087.5,802.56,3250,162.5,0.2599384615384615,2025,9,September,Q3,Profitable
ORD00436,2025-06-27,C009,Vivaan Gupta,Kolkata,East,File Organizer,Stationery,3,380,0.1,1026.0,144.3,1140,114.0,0.14064327485380118,2025,6,June,Q2,Profitable
ORD00437,2025-07-28,C013,Reyansh Shah,Surat,West,Study Desk,Furniture,5,7200,0.1,32400.0,6950.37,36000,3600.0,0.2145175925925926,2025,7,July,Q3,Profitable
ORD00438,2024-09-16,C006,Meera Joshi,Bengaluru,South,Notebook Pack,Stationery,3,450,0.0,1350.0,563.6,1350,0.0,0.4174814814814815,2024,9,September,Q3,Profitable
ORD00439,2025-06-20,C003,Rohan Deshmukh,Nashik,West,Laptop Pro 14,Electronics,4,85000,0.1,306000.0,48262.45,340000,34000.0,0.1577204248366013,2025,6,June,Q2,Profitable
ORD00440,2025-01-16,C005,Kabir Verma,Jaipur,North,Mechanical Keyboard,Electronics,5,4500,0.05,21375.0,6990.8,22500,1125.0,0.32705497076023393,2025,1,January,Q1,Profitable
ORD00441,2025-04-30,C018,Aanya Iyer,Coimbatore,South,Office Chair,Furniture,3,9500,0.1,25650.0,3488.03,28500,2850.0,0.13598557504873296,2025,4,April,Q2,Profitable
ORD00442,2025-03-25,C015,Yash Kulkarni,Nagpur,West,File Organizer,Stationery,4,380,0.05,1444.0,485.09,1520,76.0,0.3359349030470914,2025,3,March,Q1,Profitable
ORD00443,2024-05-10,C012,Myra Kapoor,Lucknow,North,File Organizer,Stationery,2,380,0.0,760.0,302.03,760,0.0,0.39740789473684207,2024,5,May,Q2,Profitable
ORD00444,2024-08-05,C001,Aarav Sharma,Mumbai,West,Smartphone X,Electronics,3,42000,0.0,126000.0,44151.88,126000,0.0,0.350411746031746,2024,8,August,Q3,Profitable
ORD00445,2024-12-03,C011,Aditya Mehta,Ahmedabad,West,LED Table Lamp,Furniture,1,1800,0.15,1530.0,316.34,1800,270.0,0.2067581699346405,2024,12,December,Q4,Profitable
ORD00446,2024-10-15,C020,Sara Khan,Bhopal,Central,Backpack,Accessories,2,2200,0.05,4180.0,1024.03,4400,220.0,0.24498325358851675,2024,10,October,Q4,Profitable
ORD00447,2024-06-04,C015,Yash Kulkarni,Nagpur,West,Study Desk,Furniture,1,7200,0.1,6480.0,875.89,7200,720.0,0.1351682098765432,2024,6,June,Q2,Profitable
ORD00448,2025-10-01,C003,Rohan Deshmukh,Nashik,West,Bluetooth Headphones,Electronics,2,3200,0.1,5760.0,1657.2,6400,640.0,0.28770833333333334,2025,10,October,Q4,Profitable
ORD00449,2024-07-09,C003,Rohan Deshmukh,Nashik,West,LED Table Lamp,Furniture,5,1800,0.05,8550.0,1963.35,9000,450.0,0.2296315789473684,2024,7,July,Q3,Profitable
ORD00450,2025-04-04,C017,Dev Malhotra,Chandigarh,North,Study Desk,Furniture,1,7200,0.1,6480.0,1346.42,7200,720.0,0.20778086419753086,2025,4,April,Q2,Profitable
ORD00451,2024-07-28,C019,Neil Bhat,Indore,West,Laptop Pro 14,Electronics,3,85000,0.0,255000.0,98476.87,255000,0.0,0.3861838039215686,2024,7,July,Q3,Profitable
ORD00452,2024-12-19,C014,Kiara Roy,Patna,East,Office Chair,Furniture,4,9500,0.05,36100.0,13080.75,38000,1900.0,0.3623476454293629,2024,12,December,Q4,Profitable
ORD00453,2025-10-20,C014,Kiara Roy,Patna,East,Premium Pen Set,Stationery,4,650,0.0,2600.0,872.85,2600,0.0,0.33571153846153845,2025,10,October,Q4,Profitable
ORD00454,2024-09-26,C006,Meera Joshi,Bengaluru,South,Study Desk,Furniture,1,7200,0.05,6840.0,1352.49,7200,360.0,0.19773245614035087,2024,9,September,Q3,Profitable
ORD00455,2025-03-01,C019,Neil Bhat,Indore,West,LED Table Lamp,Furniture,4,1800,0.0,7200.0,1637.55,7200,0.0,0.2274375,2025,3,March,Q1,Profitable
ORD00456,2024-03-03,C009,Vivaan Gupta,Kolkata,East,Premium Pen Set,Stationery,4,650,0.15,2210.0,555.61,2600,390.0,0.25140723981900454,2024,3,March,Q1,Profitable
ORD00457,2025-02-01,C006,Meera Joshi,Bengaluru,South,Smartphone X,Electronics,5,42000,0.0,210000.0,77140.74,210000,0.0,0.3673368571428572,2025,2,February,Q1,Profitable
ORD00458,2024-09-21,C001,Aarav Sharma,Mumbai,West,Bookshelf,Furniture,4,5800,0.05,22040.0,5807.62,23200,1160.0,0.26350362976406533,2024,9,September,Q3,Profitable
ORD00459,2024-11-29,C009,Vivaan Gupta,Kolkata,East,Bluetooth Headphones,Electronics,3,3200,0.15,8160.0,955.65,9600,1440.0,0.11711397058823529,2024,11,November,Q4,Profitable
ORD00460,2025-09-28,C014,Kiara Roy,Patna,East,Office Chair,Furniture,1,9500,0.0,7600.0,900.27,9500,0.0,0.11845657894736841,2025,9,September,Q3,Profitable
ORD00461,2024-01-16,C017,Dev Malhotra,Chandigarh,North,Travel Bottle,Accessories,4,900,0.1,3240.0,435.28,3600,360.0,0.13434567901234568,2024,1,January,Q1,Profitable
ORD00462,2025-07-15,C005,Kabir Verma,Jaipur,North,Bluetooth Headphones,Electronics,5,3200,0.1,14400.0,4752.21,16000,1600.0,0.33001458333333333,2025,7,July,Q3,Profitable
ORD00463,2024-07-19,C009,Vivaan Gupta,Kolkata,East,Bluetooth Headphones,Electronics,3,3200,0.15,8160.0,904.36,9600,1440.0,0.11082843137254902,2024,7,July,Q3,Profitable
ORD00464,2024-03-05,C008,Sanya Rao,Hyderabad,South,Backpack,Accessories,4,2200,0.15,7480.0,1558.6,8800,1320.0,0.20836898395721923,2024,3,March,Q1,Profitable
ORD00465,2025-06-10,C009,Vivaan Gupta,Kolkata,East,Mechanical Keyboard,Electronics,2,4500,0.0,9000.0,3472.95,9000,0.0,0.3858833333333333,2025,6,June,Q2,Profitable
ORD00466,2025-06-16,C019,Neil Bhat,Indore,West,Office Chair,Furniture,4,9500,0.1,34200.0,7299.0,38000,3800.0,0.21342105263157896,2025,6,June,Q2,Profitable
ORD00467,2025-03-30,C004,Ananya Singh,Delhi,North,Office Chair,Furniture,4,9500,0.05,36100.0,9103.1,38000,1900.0,0.2521634349030471,2025,3,March,Q1,Profitable
ORD00468,2024-07-12,C002,Isha Patel,Pune,West,Premium Pen Set,Stationery,1,650,0.1,585.0,125.57,650,65.0,0.21464957264957263,2024,7,July,Q3,Profitable
ORD00469,2024-09-18,C018,Aanya Iyer,Coimbatore,South,Laptop Pro 14,Electronics,5,85000,0.05,403750.0,153369.86,425000,21250.0,0.37986343034055725,2024,9,September,Q3,Profitable
ORD00470,2025-10-09,C019,Neil Bhat,Indore,West,File Organizer,Stationery,2,380,0.2,608.0,116.84,760,152.0,0.19217105263157896,2025,10,October,Q4,Profitable
ORD00471,2025-02-27,C014,Kiara Roy,Patna,East,Mechanical Keyboard,Electronics,5,4500,0.05,21375.0,5666.1,22500,1125.0,0.265080701754386,2025,2,February,Q1,Profitable
ORD00472,2025-12-01,C006,Meera Joshi,Bengaluru,South,Laptop Pro 14,Electronics,1,85000,0.0,85000.0,35075.74,85000,0.0,0.41265576470588233,2025,12,December,Q4,Profitable
ORD00473,2025-08-24,C007,Arjun Nair,Chennai,South,Smartphone X,Electronics,5,42000,0.1,189000.0,45667.96,210000,21000.0,0.24162941798941798,2025,8,August,Q3,Profitable
ORD00474,2024-12-28,C009,Vivaan Gupta,Kolkata,East,LED Table Lamp,Furniture,5,1800,0.05,8550.0,1857.23,9000,450.0,0.21721988304093567,2024,12,December,Q4,Profitable
ORD00475,2025-07-24,C007,Arjun Nair,Chennai,South,Study Desk,Furniture,1,7200,0.0,7200.0,2051.39,7200,0.0,0.28491527777777775,2025,7,July,Q3,Profitable
ORD00476,2025-05-08,C019,Neil Bhat,Indore,West,Premium Pen Set,Stationery,5,650,0.15,2762.5,770.12,3250,487.5,0.2787764705882353,2025,5,May,Q2,Profitable
ORD00477,2024-06-16,C012,Myra Kapoor,Lucknow,North,Mechanical Keyboard,Electronics,4,4500,0.15,15300.0,2444.61,18000,2700.0,0.15977843137254902,2024,6,June,Q2,Profitable
ORD00478,2024-04-18,C012,Myra Kapoor,Lucknow,North,Backpack,Accessories,1,2200,0.15,1870.0,173.77,2200,330.0,0.09292513368983958,2024,4,April,Q2,Profitable
ORD00479,2024-09-06,C005,Kabir Verma,Jaipur,North,Bookshelf,Furniture,1,5800,0.1,5220.0,1796.68,5800,580.0,0.34419157088122604,2024,9,September,Q3,Profitable
ORD00480,2025-03-06,C017,Dev Malhotra,Chandigarh,North,USB-C Cable,Accessories,4,750,0.1,2700.0,891.31,3000,300.0,0.3301148148148148,2025,3,March,Q1,Profitable
ORD00481,2025-11-03,C004,Ananya Singh,Delhi,North,Wireless Mouse,Electronics,5,1200,0.0,6000.0,2017.26,6000,0.0,0.33621,2025,11,November,Q4,Profitable
ORD00482,2024-03-24,C017,Dev Malhotra,Chandigarh,North,Laptop Pro 14,Electronics,4,85000,0.0,340000.0,118675.55,340000,0.0,0.34904573529411764,2024,3,March,Q1,Profitable
ORD00483,2024-04-14,C010,Diya Das,Bhubaneswar,East,Wireless Mouse,Electronics,3,1200,0.1,3240.0,1144.71,3600,360.0,0.35330555555555554,2024,4,April,Q2,Profitable
ORD00484,2024-07-28,C019,Neil Bhat,Indore,West,Office Chair,Furniture,1,9500,0.1,8550.0,1379.97,9500,950.0,0.16140000000000002,2024,7,July,Q3,Profitable
ORD00485,2024-03-24,C006,Meera Joshi,Bengaluru,South,Premium Pen Set,Stationery,5,650,0.15,2762.5,834.31,3250,487.5,0.3020126696832579,2024,3,March,Q1,Profitable
ORD00486,2024-12-15,C008,Sanya Rao,Hyderabad,South,Wireless Mouse,Electronics,1,1200,0.1,1080.0,256.2,1200,120.0,0.23722222222222222,2024,12,December,Q4,Profitable
ORD00487,2024-08-22,C001,Aarav Sharma,Mumbai,West,Study Desk,Furniture,5,7200,0.05,34200.0,6767.03,36000,1800.0,0.19786637426900583,2024,8,August,Q3,Profitable
ORD00488,2025-07-27,C017,Dev Malhotra,Chandigarh,North,USB-C Cable,Accessories,1,750,0.1,675.0,142.16,750,75.0,0.2106074074074074,2025,7,July,Q3,Profitable
ORD00489,2024-10-03,C011,Aditya Mehta,Ahmedabad,West,Wireless Mouse,Electronics,4,1200,0.1,4320.0,1271.63,4800,480.0,0.2943587962962963,2024,10,October,Q4,Profitable
ORD00490,2025-09-25,C012,Myra Kapoor,Lucknow,North,Wireless Mouse,Electronics,3,1200,0.05,3420.0,914.93,3600,180.0,0.2675233918128655,2025,9,September,Q3,Profitable
ORD00491,2024-02-10,C008,Sanya Rao,Hyderabad,South,Premium Pen Set,Stationery,2,650,0.05,1235.0,473.87,1300,65.0,0.3837004048582996,2024,2,February,Q1,Profitable
ORD00492,2025-01-14,C001,Aarav Sharma,Mumbai,West,Bookshelf,Furniture,2,5800,0.0,11600.0,3873.17,11600,0.0,0.3338939655172414,2025,1,January,Q1,Profitable
ORD00493,2024-07-14,C005,Kabir Verma,Jaipur,North,Bookshelf,Furniture,1,5800,0.05,5510.0,1966.83,5800,290.0,0.35695644283121597,2024,7,July,Q3,Profitable
ORD00494,2025-10-30,C010,Diya Das,Bhubaneswar,East,File Organizer,Stationery,2,380,0.1,684.0,191.43,760,76.0,0.2798684210526316,2025,10,October,Q4,Profitable
ORD00495,2025-04-23,C011,Aditya Mehta,Ahmedabad,West,Laptop Pro 14,Electronics,1,85000,0.1,76500.0,16901.75,85000,8500.0,0.22093790849673203,2025,4,April,Q2,Profitable
ORD00496,2025-11-18,C020,Sara Khan,Bhopal,Central,Bookshelf,Furniture,4,5800,0.1,20880.0,6935.6,23200,2320.0,0.3321647509578544,2025,11,November,Q4,Profitable
ORD00497,2025-09-16,C013,Reyansh Shah,Surat,West,Wireless Mouse,Electronics,5,1200,0.0,6000.0,1347.06,6000,0.0,0.22451,2025,9,September,Q3,Profitable
ORD00498,2025-08-01,C011,Aditya Mehta,Ahmedabad,West,Backpack,Accessories,4,2200,0.0,8800.0,3328.4,8800,0.0,0.37822727272727275,2025,8,August,Q3,Profitable
ORD00499,2024-12-28,C010,Diya Das,Bhubaneswar,East,Mechanical Keyboard,Electronics,2,4500,0.05,8550.0,3065.29,9000,450.0,0.3585134502923977,2024,12,December,Q4,Profitable
ORD00500,2024-09-01,C010,Diya Das,Bhubaneswar,East,Smartphone X,Electronics,2,42000,0.0,84000.0,19220.56,84000,0.0,0.22881619047619048,2024,9,September,Q3,Profitable
ORD00501,2024-02-04,C006,Meera Joshi,Bengaluru,South,Bluetooth Headphones,Electronics,2,3200,0.15,5440.0,468.46,6400,960.0,0.08611397058823529,2024,2,February,Q1,Profitable
ORD00502,2024-03-17,C015,Yash Kulkarni,Nagpur,West,Travel Bottle,Accessories,4,900,0.0,3600.0,813.07,3600,0.0,0.2258527777777778,2024,3,March,Q1,Profitable
ORD00503,2024-10-04,C004,Ananya Singh,Delhi,North,Smartphone X,Electronics,5,42000,0.05,199500.0,55345.18,210000,10500.0,0.2774194486215539,2024,10,October,Q4,Profitable
ORD00504,2024-12-30,C019,Neil Bhat,Indore,West,Mechanical Keyboard,Electronics,2,4500,0.15,7650.0,1153.78,9000,1350.0,0.15082091503267975,2024,12,December,Q4,Profitable
ORD00505,2025-05-11,C014,Kiara Roy,Patna,East,USB-C Cable,Accessories,4,750,0.0,3000.0,761.59,3000,0.0,0.25386333333333333,2025,5,May,Q2,Profitable
ORD00506,2025-05-13,C001,Aarav Sharma,Mumbai,West,File Organizer,Stationery,5,380,0.05,1805.0,465.03,1900,95.0,0.2576343490304709,2025,5,May,Q2,Profitable
ORD00507,2024-05-18,C004,Ananya Singh,Delhi,North,Mechanical Keyboard,Electronics,5,4500,0.2,18000.0,988.58,22500,4500.0,0.054921111111111115,2024,5,May,Q2,Profitable
ORD00508,2024-04-13,C019,Neil Bhat,Indore,West,Smartphone X,Electronics,5,42000,0.0,210000.0,52392.57,210000,0.0,0.24948842857142858,2024,4,April,Q2,Profitable
ORD00509,2025-09-04,C004,Ananya Singh,Delhi,North,Office Chair,Furniture,3,9500,0.0,28500.0,8589.82,28500,0.0,0.30139719298245615,2025,9,September,Q3,Profitable
ORD00510,2024-09-23,C013,Reyansh Shah,Surat,West,USB-C Cable,Accessories,4,750,0.0,3000.0,812.48,3000,0.0,0.27082666666666666,2024,9,September,Q3,Profitable
ORD00511,2025-05-01,C005,Kabir Verma,Jaipur,North,Laptop Pro 14,Electronics,4,85000,0.05,323000.0,123456.63,340000,17000.0,0.3822186687306502,2025,5,May,Q2,Profitable
ORD00512,2025-08-04,C017,Dev Malhotra,Chandigarh,North,Mechanical Keyboard,Electronics,3,4500,0.1,12150.0,4067.08,13500,1350.0,0.33473909465020574,2025,8,August,Q3,Profitable
ORD00513,2025-08-04,C004,Ananya Singh,Delhi,North,Office Chair,Furniture,3,9500,0.0,28500.0,7627.75,28500,0.0,0.26764035087719296,2025,8,August,Q3,Profitable
ORD00514,2025-02-02,C011,Aditya Mehta,Ahmedabad,West,LED Table Lamp,Furniture,3,1800,0.1,4860.0,793.18,5400,540.0,0.16320576131687242,2025,2,February,Q1,Profitable
ORD00515,2025-12-31,C018,Aanya Iyer,Coimbatore,South,File Organizer,Stationery,3,380,0.1,1026.0,229.96,1140,114.0,0.22413255360623782,2025,12,December,Q4,Profitable
ORD00516,2024-12-30,C003,Rohan Deshmukh,Nashik,West,USB-C Cable,Accessories,1,750,0.0,750.0,314.52,750,0.0,0.41935999999999996,2024,12,December,Q4,Profitable
ORD00517,2024-12-02,C017,Dev Malhotra,Chandigarh,North,Laptop Pro 14,Electronics,3,85000,0.05,242250.0,81291.57,255000,12750.0,0.33556891640866876,2024,12,December,Q4,Profitable
ORD00518,2024-01-13,C015,Yash Kulkarni,Nagpur,West,Travel Bottle,Accessories,5,900,0.15,3825.0,1197.8,4500,675.0,0.31315032679738564,2024,1,January,Q1,Profitable
ORD00519,2025-04-24,C011,Aditya Mehta,Ahmedabad,West,Mechanical Keyboard,Electronics,2,4500,0.0,9000.0,3241.09,9000,0.0,0.3601211111111111,2025,4,April,Q2,Profitable
ORD00520,2024-07-22,C002,Isha Patel,Pune,West,LED Table Lamp,Furniture,3,1800,0.0,5400.0,1233.96,5400,0.0,0.2285111111111111,2024,7,July,Q3,Profitable
ORD00521,2024-10-29,C003,Rohan Deshmukh,Nashik,West,Mechanical Keyboard,Electronics,2,4500,0.1,8100.0,1388.76,9000,900.0,0.17145185185185186,2024,10,October,Q4,Profitable
ORD00522,2024-11-22,C007,Arjun Nair,Chennai,South,Mechanical Keyboard,Electronics,1,4500,0.05,4275.0,1095.38,4500,225.0,0.2562292397660819,2024,11,November,Q4,Profitable
ORD00523,2025-07-02,C013,Reyansh Shah,Surat,West,Bookshelf,Furniture,5,5800,0.15,24650.0,3136.74,29000,4350.0,0.12725111561866126,2025,7,July,Q3,Profitable
ORD00524,2024-09-13,C004,Ananya Singh,Delhi,North,Mechanical Keyboard,Electronics,2,4500,0.0,9000.0,3061.62,9000,0.0,0.34018,2024,9,September,Q3,Profitable
ORD00525,2025-01-18,C004,Ananya Singh,Delhi,North,Travel Bottle,Accessories,3,900,0.05,2565.0,939.06,2700,135.0,0.3661052631578947,2025,1,January,Q1,Profitable
ORD00526,2024-07-06,C013,Reyansh Shah,Surat,West,Backpack,Accessories,2,2200,0.0,4400.0,1759.17,4400,0.0,0.39981136363636366,2024,7,July,Q3,Profitable
ORD00527,2024-12-23,C016,Tara Menon,Kochi,South,Wireless Mouse,Electronics,1,1200,0.1,1080.0,193.32,1200,120.0,0.179,2024,12,December,Q4,Profitable
ORD00528,2025-10-17,C006,Meera Joshi,Bengaluru,South,File Organizer,Stationery,2,380,0.0,760.0,257.96,760,0.0,0.3394210526315789,2025,10,October,Q4,Profitable
ORD00529,2024-04-20,C002,Isha Patel,Pune,West,Study Desk,Furniture,3,7200,0.15,18360.0,1817.73,21600,3240.0,0.09900490196078432,2024,4,April,Q2,Profitable
ORD00530,2025-07-20,C007,Arjun Nair,Chennai,South,Smartphone X,Electronics,1,42000,0.1,37800.0,11598.1,42000,4200.0,0.30682804232804234,2025,7,July,Q3,Profitable
ORD00531,2025-06-16,C019,Neil Bhat,Indore,West,Smartphone X,Electronics,3,42000,0.1,113400.0,37222.4,126000,12600.0,0.3282398589065256,2025,6,June,Q2,Profitable
ORD00532,2024-12-02,C010,Diya Das,Bhubaneswar,East,Notebook Pack,Stationery,4,450,0.1,1620.0,550.16,1800,180.0,0.33960493827160493,2024,12,December,Q4,Profitable
ORD00533,2024-06-08,C018,Aanya Iyer,Coimbatore,South,Travel Bottle,Accessories,2,900,0.1,1620.0,279.89,1800,180.0,0.1727716049382716,2024,6,June,Q2,Profitable
ORD00534,2025-02-11,C015,Yash Kulkarni,Nagpur,West,Office Chair,Furniture,4,9500,0.0,38000.0,10067.37,38000,0.0,0.26493078947368426,2025,2,February,Q1,Profitable
ORD00535,2025-04-10,C012,Myra Kapoor,Lucknow,North,Study Desk,Furniture,2,7200,0.0,14400.0,4234.87,14400,0.0,0.29408819444444445,2025,4,April,Q2,Profitable
ORD00536,2024-03-15,C009,Vivaan Gupta,Kolkata,East,File Organizer,Stationery,1,380,0.05,361.0,140.59,380,19.0,0.38944598337950137,2024,3,March,Q1,Profitable
ORD00537,2024-06-02,C018,Aanya Iyer,Coimbatore,South,Office Chair,Furniture,1,9500,0.0,9500.0,2395.26,9500,0.0,0.2521326315789474,2024,6,June,Q2,Profitable
ORD00538,2025-01-24,C005,Kabir Verma,Jaipur,North,File Organizer,Stationery,1,380,0.0,380.0,88.85,380,0.0,0.2338157894736842,2025,1,January,Q1,Profitable
ORD00539,2025-09-24,C001,Aarav Sharma,Mumbai,West,Premium Pen Set,Stationery,3,650,0.1,1755.0,286.05,1950,195.0,0.16299145299145298,2025,9,September,Q3,Profitable
ORD00540,2025-03-27,C004,Ananya Singh,Delhi,North,Wireless Mouse,Electronics,3,1200,0.05,3420.0,676.84,3600,180.0,0.19790643274853803,2025,3,March,Q1,Profitable
ORD00541,2025-09-15,C012,Myra Kapoor,Lucknow,North,Mechanical Keyboard,Electronics,5,4500,0.0,22500.0,9259.69,22500,0.0,0.4115417777777778,2025,9,September,Q3,Profitable
ORD00542,2025-12-29,C010,Diya Das,Bhubaneswar,East,USB-C Cable,Accessories,5,750,0.1,3375.0,700.21,3750,375.0,0.20746962962962964,2025,12,December,Q4,Profitable
ORD00543,2025-06-19,C012,Myra Kapoor,Lucknow,North,Premium Pen Set,Stationery,1,650,0.1,585.0,85.28,650,65.0,0.14577777777777778,2025,6,June,Q2,Profitable
ORD00544,2025-12-13,C020,Sara Khan,Bhopal,Central,Mechanical Keyboard,Electronics,3,4500,0.1,12150.0,4189.9,13500,1350.0,0.3448477366255144,2025,12,December,Q4,Profitable
ORD00545,2024-04-10,C016,Tara Menon,Kochi,South,Study Desk,Furniture,4,7200,0.15,24480.0,5034.43,28800,4320.0,0.20565482026143792,2024,4,April,Q2,Profitable
ORD00546,2025-05-10,C018,Aanya Iyer,Coimbatore,South,Travel Bottle,Accessories,3,900,0.05,2565.0,970.73,2700,135.0,0.3784522417153996,2025,5,May,Q2,Profitable
ORD00547,2024-01-13,C018,Aanya Iyer,Coimbatore,South,Smartphone X,Electronics,5,42000,0.05,199500.0,47474.54,210000,10500.0,0.23796761904761904,2024,1,January,Q1,Profitable
ORD00548,2025-10-10,C009,Vivaan Gupta,Kolkata,East,Office Chair,Furniture,3,9500,0.1,25650.0,5428.03,28500,2850.0,0.21161910331384015,2025,10,October,Q4,Profitable
ORD00549,2024-04-09,C013,Reyansh Shah,Surat,West,Study Desk,Furniture,5,7200,0.0,36000.0,12277.91,36000,0.0,0.34105305555555554,2024,4,April,Q2,Profitable
ORD00550,2024-09-19,C004,Ananya Singh,Delhi,North,Wireless Mouse,Electronics,3,1200,0.05,3420.0,867.72,3600,180.0,0.25371929824561407,2024,9,September,Q3,Profitable
ORD00551,2024-05-28,C008,Sanya Rao,Hyderabad,South,Office Chair,Furniture,1,9500,0.15,8075.0,2018.92,9500,1425.0,0.250021052631579,2024,5,May,Q2,Profitable
ORD00552,2024-08-14,C013,Reyansh Shah,Surat,West,LED Table Lamp,Furniture,1,1800,0.0,1800.0,570.29,1800,0.0,0.31682777777777776,2024,8,August,Q3,Profitable
ORD00553,2024-02-13,C015,Yash Kulkarni,Nagpur,West,Smartphone X,Electronics,2,42000,0.0,84000.0,28911.22,84000,0.0,0.3441811904761905,2024,2,February,Q1,Profitable
ORD00554,2025-02-01,C010,Diya Das,Bhubaneswar,East,Mechanical Keyboard,Electronics,1,4500,0.1,4050.0,1142.78,4500,450.0,0.2821679012345679,2025,2,February,Q1,Profitable
ORD00555,2024-06-30,C020,Sara Khan,Bhopal,Central,Bookshelf,Furniture,5,5800,0.05,27550.0,5141.7,29000,1450.0,0.18663157894736843,2024,6,June,Q2,Profitable
ORD00556,2024-07-06,C006,Meera Joshi,Bengaluru,South,Laptop Pro 14,Electronics,4,85000,0.05,323000.0,107626.82,340000,17000.0,0.3332099690402477,2024,7,July,Q3,Profitable
ORD00557,2025-04-09,C008,Sanya Rao,Hyderabad,South,File Organizer,Stationery,2,380,0.15,646.0,117.75,760,114.0,0.18227554179566563,2025,4,April,Q2,Profitable
ORD00558,2025-11-12,C015,Yash Kulkarni,Nagpur,West,Travel Bottle,Accessories,1,900,0.0,900.0,330.2,900,0.0,0.3668888888888889,2025,11,November,Q4,Profitable
ORD00559,2025-05-15,C001,Aarav Sharma,Mumbai,West,Study Desk,Furniture,2,7200,0.0,14400.0,4199.44,14400,0.0,0.29162777777777776,2025,5,May,Q2,Profitable
ORD00560,2024-01-12,C016,Tara Menon,Kochi,South,Premium Pen Set,Stationery,5,650,0.1,2925.0,406.77,3250,325.0,0.13906666666666667,2024,1,January,Q1,Profitable
ORD00561,2025-09-14,C019,Neil Bhat,Indore,West,LED Table Lamp,Furniture,3,1800,0.15,4590.0,803.36,5400,810.0,0.1750239651416122,2025,9,September,Q3,Profitable
ORD00562,2025-05-18,C008,Sanya Rao,Hyderabad,South,Backpack,Accessories,3,2200,0.05,6270.0,2355.28,6600,330.0,0.3756427432216906,2025,5,May,Q2,Profitable
ORD00563,2025-05-03,C002,Isha Patel,Pune,West,Wireless Mouse,Electronics,4,1200,0.05,4560.0,1718.67,4800,240.0,0.3769013157894737,2025,5,May,Q2,Profitable
ORD00564,2024-08-05,C004,Ananya Singh,Delhi,North,Notebook Pack,Stationery,1,450,0.0,450.0,141.23,450,0.0,0.3138444444444444,2024,8,August,Q3,Profitable
ORD00565,2025-03-09,C011,Aditya Mehta,Ahmedabad,West,USB-C Cable,Accessories,4,750,0.1,2700.0,837.01,3000,300.0,0.3100037037037037,2025,3,March,Q1,Profitable
ORD00566,2024-03-30,C012,Myra Kapoor,Lucknow,North,Study Desk,Furniture,2,7200,0.15,12240.0,1448.08,14400,2160.0,0.11830718954248365,2024,3,March,Q1,Profitable
ORD00567,2025-05-21,C013,Reyansh Shah,Surat,West,Mechanical Keyboard,Electronics,3,4500,0.2,10800.0,1546.38,13500,2700.0,0.14318333333333336,2025,5,May,Q2,Profitable
ORD00568,2024-03-08,C015,Yash Kulkarni,Nagpur,West,USB-C Cable,Accessories,4,750,0.1,2700.0,474.08,3000,300.0,0.17558518518518518,2024,3,March,Q1,Profitable
ORD00569,2025-11-17,C020,Sara Khan,Bhopal,Central,Office Chair,Furniture,4,9500,0.1,34200.0,11699.22,38000,3800.0,0.3420824561403509,2025,11,November,Q4,Profitable
ORD00570,2025-11-16,C018,Aanya Iyer,Coimbatore,South,Notebook Pack,Stationery,1,450,0.15,382.5,76.74,450,67.5,0.20062745098039214,2025,11,November,Q4,Profitable
ORD00571,2024-12-26,C011,Aditya Mehta,Ahmedabad,West,Bookshelf,Furniture,1,5800,0.2,4640.0,661.59,5800,1160.0,0.14258405172413793,2024,12,December,Q4,Profitable
ORD00572,2024-01-15,C014,Kiara Roy,Patna,East,Smartphone X,Electronics,2,42000,0.1,75600.0,23850.83,84000,8400.0,0.31548716931216936,2024,1,January,Q1,Profitable
ORD00573,2024-08-10,C003,Rohan Deshmukh,Nashik,West,Travel Bottle,Accessories,5,900,0.05,4275.0,857.09,4500,225.0,0.20048888888888888,2024,8,August,Q3,Profitable
ORD00574,2025-09-11,C001,Aarav Sharma,Mumbai,West,Laptop Pro 14,Electronics,3,85000,0.1,229500.0,38056.97,255000,25500.0,0.16582557734204795,2025,9,September,Q3,Profitable
ORD00575,2025-10-29,C012,Myra Kapoor,Lucknow,North,Office Chair,Furniture,1,9500,0.0,9500.0,2182.28,9500,0.0,0.22971368421052635,2025,10,October,Q4,Profitable
ORD00576,2025-07-13,C012,Myra Kapoor,Lucknow,North,Premium Pen Set,Stationery,5,650,0.05,3087.5,816.69,3250,162.5,0.26451497975708504,2025,7,July,Q3,Profitable
ORD00577,2024-11-06,C006,Meera Joshi,Bengaluru,South,Office Chair,Furniture,2,9500,0.2,15200.0,3457.59,19000,3800.0,0.22747302631578947,2024,11,November,Q4,Profitable
ORD00578,2025-07-24,C002,Isha Patel,Pune,West,Laptop Pro 14,Electronics,3,85000,0.05,242250.0,45752.26,255000,12750.0,0.18886381836945304,2025,7,July,Q3,Profitable
ORD00579,2024-09-03,C008,Sanya Rao,Hyderabad,South,Backpack,Accessories,2,2200,0.05,4180.0,995.87,4400,220.0,0.2382464114832536,2024,9,September,Q3,Profitable
ORD00580,2025-05-09,C001,Aarav Sharma,Mumbai,West,Premium Pen Set,Stationery,1,650,0.0,650.0,199.54,650,0.0,0.30698461538461536,2025,5,May,Q2,Profitable
ORD00581,2024-04-02,C012,Myra Kapoor,Lucknow,North,LED Table Lamp,Furniture,5,1800,0.0,9000.0,3137.35,9000,0.0,0.34859444444444443,2024,4,April,Q2,Profitable
ORD00582,2025-05-26,C010,Diya Das,Bhubaneswar,East,USB-C Cable,Accessories,3,750,0.0,2250.0,581.36,2250,0.0,0.25838222222222224,2025,5,May,Q2,Profitable
ORD00583,2024-11-17,C008,Sanya Rao,Hyderabad,South,Premium Pen Set,Stationery,5,650,0.0,3250.0,1103.2,3250,0.0,0.33944615384615384,2024,11,November,Q4,Profitable
ORD00584,2025-10-14,C013,Reyansh Shah,Surat,West,Notebook Pack,Stationery,4,450,0.05,1710.0,522.78,1800,90.0,0.305719298245614,2025,10,October,Q4,Profitable
ORD00585,2025-10-28,C002,Isha Patel,Pune,West,Mechanical Keyboard,Electronics,1,4500,0.0,4500.0,1205.09,4500,0.0,0.26779777777777775,2025,10,October,Q4,Profitable
ORD00586,2025-02-07,C003,Rohan Deshmukh,Nashik,West,Mechanical Keyboard,Electronics,1,4500,0.05,4275.0,1417.01,4500,225.0,0.33146432748538013,2025,2,February,Q1,Profitable
ORD00587,2024-01-17,C018,Aanya Iyer,Coimbatore,South,Backpack,Accessories,4,2200,0.05,8360.0,2246.04,8800,440.0,0.26866507177033494,2024,1,January,Q1,Profitable
ORD00588,2024-03-22,C004,Ananya Singh,Delhi,North,Laptop Pro 14,Electronics,2,85000,0.15,144500.0,16069.91,170000,25500.0,0.11121044982698962,2024,3,March,Q1,Profitable
ORD00589,2025-02-07,C020,Sara Khan,Bhopal,Central,Study Desk,Furniture,2,7200,0.15,12240.0,1722.9,14400,2160.0,0.14075980392156864,2025,2,February,Q1,Profitable
ORD00590,2024-07-11,C017,Dev Malhotra,Chandigarh,North,Office Chair,Furniture,2,9500,0.1,17100.0,5225.42,19000,1900.0,0.30558011695906434,2024,7,July,Q3,Profitable
ORD00591,2025-08-02,C005,Kabir Verma,Jaipur,North,Premium Pen Set,Stationery,3,650,0.05,1852.5,594.23,1950,97.5,0.32077192982456143,2025,8,August,Q3,Profitable
ORD00592,2025-02-06,C013,Reyansh Shah,Surat,West,File Organizer,Stationery,2,380,0.15,646.0,141.44,760,114.0,0.21894736842105264,2025,2,February,Q1,Profitable
ORD00593,2024-05-11,C010,Diya Das,Bhubaneswar,East,Bluetooth Headphones,Electronics,2,3200,0.0,6400.0,1931.35,6400,0.0,0.30177343749999996,2024,5,May,Q2,Profitable
ORD00594,2025-07-06,C016,Tara Menon,Kochi,South,Mechanical Keyboard,Electronics,4,4500,0.1,16200.0,4448.32,18000,1800.0,0.27458765432098764,2025,7,July,Q3,Profitable
ORD00595,2024-09-27,C003,Rohan Deshmukh,Nashik,West,Smartphone X,Electronics,1,42000,0.05,39900.0,8728.62,42000,2100.0,0.2187624060150376,2024,9,September,Q3,Profitable
ORD00596,2024-02-09,C004,Ananya Singh,Delhi,North,Wireless Mouse,Electronics,5,1200,0.1,5400.0,1134.42,6000,600.0,0.21007777777777778,2024,2,February,Q1,Profitable
ORD00597,2024-10-16,C017,Dev Malhotra,Chandigarh,North,Study Desk,Furniture,5,7200,0.05,34200.0,10258.36,36000,1800.0,0.29995204678362575,2024,10,October,Q4,Profitable
ORD00598,2025-08-03,C009,Vivaan Gupta,Kolkata,East,LED Table Lamp,Furniture,5,1800,0.05,8550.0,2389.48,9000,450.0,0.27947134502923976,2025,8,August,Q3,Profitable
ORD00599,2024-12-22,C010,Diya Das,Bhubaneswar,East,Bookshelf,Furniture,5,5800,0.05,27550.0,9393.58,29000,1450.0,0.3409647912885662,2024,12,December,Q4,Profitable
ORD00600,2025-11-21,C015,Yash Kulkarni,Nagpur,West,Bluetooth Headphones,Electronics,4,3200,0.05,12160.0,2862.78,12800,640.0,0.23542598684210528,2025,11,November,Q4,Profitable
ORD00601,2025-02-23,C015,Yash Kulkarni,Nagpur,West,LED Table Lamp,Furniture,5,1800,0.1,8100.0,1782.66,9000,900.0,0.2200814814814815,2025,2,February,Q1,Profitable
ORD00602,2025-06-25,C005,Kabir Verma,Jaipur,North,LED Table Lamp,Furniture,3,1800,0.05,5130.0,1862.62,5400,270.0,0.363083820662768,2025,6,June,Q2,Profitable
ORD00603,2025-05-10,C015,Yash Kulkarni,Nagpur,West,Office Chair,Furniture,4,9500,0.2,30400.0,2627.71,38000,7600.0,0.08643782894736843,2025,5,May,Q2,Profitable
ORD00604,2024-07-31,C008,Sanya Rao,Hyderabad,South,Laptop Pro 14,Electronics,3,85000,0.05,242250.0,55904.69,255000,12750.0,0.2307727141382869,2024,7,July,Q3,Profitable
ORD00605,2024-02-01,C002,Isha Patel,Pune,West,USB-C Cable,Accessories,1,750,0.05,712.5,183.23,750,37.5,0.25716491228070176,2024,2,February,Q1,Profitable
ORD00606,2025-12-26,C017,Dev Malhotra,Chandigarh,North,Bluetooth Headphones,Electronics,4,3200,0.1,11520.0,3763.35,12800,1280.0,0.3266796875,2025,12,December,Q4,Profitable
ORD00607,2024-04-11,C017,Dev Malhotra,Chandigarh,North,Laptop Pro 14,Electronics,1,85000,0.0,85000.0,19168.86,85000,0.0,0.225516,2024,4,April,Q2,Profitable
ORD00608,2024-03-28,C002,Isha Patel,Pune,West,Bookshelf,Furniture,3,5800,0.15,14790.0,4273.33,17400,2610.0,0.2889337390128465,2024,3,March,Q1,Profitable
ORD00609,2025-01-12,C007,Arjun Nair,Chennai,South,Backpack,Accessories,1,2200,0.05,2090.0,458.89,2200,110.0,0.2195645933014354,2025,1,January,Q1,Profitable
ORD00610,2025-04-21,C009,Vivaan Gupta,Kolkata,East,Backpack,Accessories,4,2200,0.2,7040.0,428.49,8800,1760.0,0.06086505681818182,2025,4,April,Q2,Profitable
ORD00611,2025-07-28,C017,Dev Malhotra,Chandigarh,North,File Organizer,Stationery,5,380,0.15,1615.0,324.42,1900,285.0,0.20087925696594428,2025,7,July,Q3,Profitable
ORD00612,2025-04-18,C015,Yash Kulkarni,Nagpur,West,Bluetooth Headphones,Electronics,4,3200,0.05,12160.0,4671.5,12800,640.0,0.38416940789473686,2025,4,April,Q2,Profitable
ORD00613,2025-02-22,C008,Sanya Rao,Hyderabad,South,Travel Bottle,Accessories,2,900,0.1,1620.0,272.42,1800,180.0,0.1681604938271605,2025,2,February,Q1,Profitable
ORD00614,2025-12-28,C019,Neil Bhat,Indore,West,Office Chair,Furniture,1,9500,0.1,8550.0,2012.6,9500,950.0,0.23539181286549707,2025,12,December,Q4,Profitable
ORD00615,2024-07-11,C005,Kabir Verma,Jaipur,North,Premium Pen Set,Stationery,5,650,0.2,2600.0,250.63,3250,650.0,0.09639615384615384,2024,7,July,Q3,Profitable
ORD00616,2025-10-20,C012,Myra Kapoor,Lucknow,North,Premium Pen Set,Stationery,3,650,0.15,1657.5,465.16,1950,292.5,0.2806395173453997,2025,10,October,Q4,Profitable
ORD00617,2025-03-27,C012,Myra Kapoor,Lucknow,North,Study Desk,Furniture,2,7200,0.15,12240.0,1950.62,14400,2160.0,0.1593643790849673,2025,3,March,Q1,Profitable
ORD00618,2025-06-02,C014,Kiara Roy,Patna,East,Bookshelf,Furniture,3,5800,0.15,14790.0,1280.97,17400,2610.0,0.0866105476673428,2025,6,June,Q2,Profitable
ORD00619,2024-06-27,C018,Aanya Iyer,Coimbatore,South,Bluetooth Headphones,Electronics,4,3200,0.0,12800.0,5325.32,12800,0.0,0.416040625,2024,6,June,Q2,Profitable
ORD00620,2025-07-18,C011,Aditya Mehta,Ahmedabad,West,Smartphone X,Electronics,3,42000,0.05,119700.0,23058.14,126000,6300.0,0.19263274853801168,2025,7,July,Q3,Profitable
ORD00621,2025-05-31,C014,Kiara Roy,Patna,East,Smartphone X,Electronics,3,42000,0.05,119700.0,44505.23,126000,6300.0,0.37180643274853803,2025,5,May,Q2,Profitable
ORD00622,2025-05-03,C019,Neil Bhat,Indore,West,Office Chair,Furniture,5,9500,0.0,47500.0,17998.69,47500,0.0,0.3789197894736842,2025,5,May,Q2,Profitable
ORD00623,2025-11-09,C004,Ananya Singh,Delhi,North,Laptop Pro 14,Electronics,5,85000,0.1,382500.0,73653.63,425000,42500.0,0.19255850980392158,2025,11,November,Q4,Profitable
ORD00624,2024-08-02,C014,Kiara Roy,Patna,East,Study Desk,Furniture,3,7200,0.1,19440.0,4315.24,21600,2160.0,0.22197736625514403,2024,8,August,Q3,Profitable
ORD00625,2025-02-07,C018,Aanya Iyer,Coimbatore,South,USB-C Cable,Accessories,2,750,0.15,1275.0,401.56,1500,225.0,0.31494901960784316,2025,2,February,Q1,Profitable
ORD00626,2025-07-27,C010,Diya Das,Bhubaneswar,East,Laptop Pro 14,Electronics,2,85000,0.2,136000.0,33547.68,170000,34000.0,0.24667411764705882,2025,7,July,Q3,Profitable
ORD00627,2024-11-13,C009,Vivaan Gupta,Kolkata,East,Smartphone X,Electronics,2,42000,0.1,75600.0,19778.16,84000,8400.0,0.261615873015873,2024,11,November,Q4,Profitable
ORD00628,2025-12-31,C017,Dev Malhotra,Chandigarh,North,File Organizer,Stationery,3,380,0.1,1026.0,246.97,1140,114.0,0.24071150097465888,2025,12,December,Q4,Profitable
ORD00629,2024-07-26,C002,Isha Patel,Pune,West,File Organizer,Stationery,2,380,0.1,684.0,221.32,760,76.0,0.3235672514619883,2024,7,July,Q3,Profitable
ORD00630,2025-03-14,C007,Arjun Nair,Chennai,South,Premium Pen Set,Stationery,5,650,0.15,2762.5,833.08,3250,487.5,0.3015674208144796,2025,3,March,Q1,Profitable
ORD00631,2025-07-06,C020,Sara Khan,Bhopal,Central,File Organizer,Stationery,3,380,0.1,1026.0,216.94,1140,114.0,0.21144249512670565,2025,7,July,Q3,Profitable
ORD00632,2025-02-17,C002,Isha Patel,Pune,West,Office Chair,Furniture,3,9500,0.05,27075.0,7332.14,28500,1425.0,0.2708084949215143,2025,2,February,Q1,Profitable
ORD00633,2024-03-13,C001,Aarav Sharma,Mumbai,West,Office Chair,Furniture,1,9500,0.1,8550.0,2565.9,9500,950.0,0.30010526315789476,2024,3,March,Q1,Profitable
ORD00634,2024-09-14,C004,Ananya Singh,Delhi,North,Laptop Pro 14,Electronics,3,85000,0.0,255000.0,99203.74,255000,0.0,0.38903427450980393,2024,9,September,Q3,Profitable
ORD00635,2024-03-19,C019,Neil Bhat,Indore,West,Smartphone X,Electronics,3,42000,0.1,113400.0,24564.84,126000,12600.0,0.21662116402116402,2024,3,March,Q1,Profitable
ORD00636,2025-02-17,C013,Reyansh Shah,Surat,West,File Organizer,Stationery,1,380,0.0,380.0,115.3,380,0.0,0.3034210526315789,2025,2,February,Q1,Profitable
ORD00637,2024-05-16,C004,Ananya Singh,Delhi,North,Mechanical Keyboard,Electronics,1,4500,0.0,4500.0,1236.85,4500,0.0,0.2748555555555555,2024,5,May,Q2,Profitable
ORD00638,2024-02-15,C010,Diya Das,Bhubaneswar,East,Office Chair,Furniture,1,9500,0.05,9025.0,2103.63,9500,475.0,0.23308919667590028,2024,2,February,Q1,Profitable
ORD00639,2025-11-20,C003,Rohan Deshmukh,Nashik,West,Bluetooth Headphones,Electronics,3,3200,0.0,9600.0,2482.2,9600,0.0,0.2585625,2025,11,November,Q4,Profitable
ORD00640,2025-01-01,C015,Yash Kulkarni,Nagpur,West,Bluetooth Headphones,Electronics,5,3200,0.1,14400.0,3717.17,16000,1600.0,0.25813680555555557,2025,1,January,Q1,Profitable
ORD00641,2024-09-04,C017,Dev Malhotra,Chandigarh,North,Premium Pen Set,Stationery,1,650,0.1,585.0,116.89,650,65.0,0.1998119658119658,2024,9,September,Q3,Profitable
ORD00642,2025-05-07,C008,Sanya Rao,Hyderabad,South,Study Desk,Furniture,1,7200,0.15,6120.0,1871.97,7200,1080.0,0.30587745098039215,2025,5,May,Q2,Profitable
ORD00643,2025-03-11,C015,Yash Kulkarni,Nagpur,West,USB-C Cable,Accessories,1,750,0.0,750.0,274.38,750,0.0,0.36584,2025,3,March,Q1,Profitable
ORD00644,2024-10-22,C011,Aditya Mehta,Ahmedabad,West,Backpack,Accessories,2,2200,0.1,3960.0,874.08,4400,440.0,0.22072727272727274,2024,10,October,Q4,Profitable
ORD00645,2024-11-26,C016,Tara Menon,Kochi,South,Wireless Mouse,Electronics,2,1200,0.15,2040.0,464.02,2400,360.0,0.2274607843137255,2024,11,November,Q4,Profitable
ORD00646,2024-06-12,C013,Reyansh Shah,Surat,West,Bookshelf,Furniture,3,5800,0.1,15660.0,2982.77,17400,1740.0,0.190470625798212,2024,6,June,Q2,Profitable
ORD00647,2025-08-25,C014,Kiara Roy,Patna,East,Bookshelf,Furniture,3,5800,0.1,15660.0,4080.32,17400,1740.0,0.26055683269476376,2025,8,August,Q3,Profitable
ORD00648,2025-05-23,C006,Meera Joshi,Bengaluru,South,Premium Pen Set,Stationery,1,650,0.05,617.5,128.02,650,32.5,0.20731983805668017,2025,5,May,Q2,Profitable
ORD00649,2025-11-24,C005,Kabir Verma,Jaipur,North,LED Table Lamp,Furniture,2,1800,0.1,3240.0,824.87,3600,360.0,0.2545895061728395,2025,11,November,Q4,Profitable
ORD00650,2025-03-20,C011,Aditya Mehta,Ahmedabad,West,Premium Pen Set,Stationery,4,650,0.15,2210.0,442.3,2600,390.0,0.20013574660633485,2025,3,March,Q1,Profitable
ORD00651,2025-09-17,C011,Aditya Mehta,Ahmedabad,West,Smartphone X,Electronics,4,42000,0.05,159600.0,45357.31,168000,8400.0,0.28419367167919796,2025,9,September,Q3,Profitable
ORD00652,2025-05-26,C011,Aditya Mehta,Ahmedabad,West,Notebook Pack,Stationery,1,450,0.0,450.0,135.88,450,0.0,0.30195555555555553,2025,5,May,Q2,Profitable
ORD00653,2024-05-14,C011,Aditya Mehta,Ahmedabad,West,Office Chair,Furniture,4,9500,0.0,38000.0,13824.11,38000,0.0,0.36379236842105267,2024,5,May,Q2,Profitable
ORD00654,2024-01-03,C014,Kiara Roy,Patna,East,Office Chair,Furniture,2,9500,0.05,18050.0,3518.7,19000,950.0,0.19494182825484763,2024,1,January,Q1,Profitable
ORD00655,2024-12-06,C016,Tara Menon,Kochi,South,Backpack,Accessories,5,2200,0.1,9900.0,1446.43,11000,1100.0,0.1461040404040404,2024,12,December,Q4,Profitable
ORD00656,2024-08-29,C007,Arjun Nair,Chennai,South,Mechanical Keyboard,Electronics,5,4500,0.15,19125.0,4067.09,22500,3375.0,0.21265830065359478,2024,8,August,Q3,Profitable
ORD00657,2024-03-09,C001,Aarav Sharma,Mumbai,West,Bluetooth Headphones,Electronics,4,3200,0.0,12800.0,4057.59,12800,0.0,0.31699921875000003,2024,3,March,Q1,Profitable
ORD00658,2025-06-18,C020,Sara Khan,Bhopal,Central,Bookshelf,Furniture,1,5800,0.15,4930.0,1315.37,5800,870.0,0.26680933062880324,2025,6,June,Q2,Profitable
ORD00659,2025-07-20,C005,Kabir Verma,Jaipur,North,Bluetooth Headphones,Electronics,2,3200,0.05,6080.0,2020.48,6400,320.0,0.33231578947368423,2025,7,July,Q3,Profitable
ORD00660,2024-04-06,C017,Dev Malhotra,Chandigarh,North,Smartphone X,Electronics,5,42000,0.05,199500.0,54458.41,210000,10500.0,0.2729744862155389,2024,4,April,Q2,Profitable
ORD00661,2025-06-30,C007,Arjun Nair,Chennai,South,Office Chair,Furniture,1,9500,0.15,8075.0,1278.81,9500,1425.0,0.15836656346749226,2025,6,June,Q2,Profitable
ORD00662,2025-04-09,C012,Myra Kapoor,Lucknow,North,Study Desk,Furniture,3,7200,0.05,20520.0,7934.76,21600,1080.0,0.3866842105263158,2025,4,April,Q2,Profitable
ORD00663,2025-04-01,C015,Yash Kulkarni,Nagpur,West,Smartphone X,Electronics,5,42000,0.1,189000.0,51038.25,210000,21000.0,0.2700436507936508,2025,4,April,Q2,Profitable
ORD00664,2025-09-15,C013,Reyansh Shah,Surat,West,Laptop Pro 14,Electronics,5,85000,0.1,382500.0,73745.91,425000,42500.0,0.19279976470588236,2025,9,September,Q3,Profitable
ORD00665,2024-01-18,C001,Aarav Sharma,Mumbai,West,Travel Bottle,Accessories,1,900,0.05,855.0,201.17,900,45.0,0.23528654970760232,2024,1,January,Q1,Profitable
ORD00666,2025-05-13,C014,Kiara Roy,Patna,East,Notebook Pack,Stationery,2,450,0.1,810.0,183.21,900,90.0,0.22618518518518518,2025,5,May,Q2,Profitable
ORD00667,2025-11-04,C009,Vivaan Gupta,Kolkata,East,Notebook Pack,Stationery,4,450,0.05,1710.0,605.9,1800,90.0,0.35432748538011694,2025,11,November,Q4,Profitable
ORD00668,2025-07-12,C019,Neil Bhat,Indore,West,Office Chair,Furniture,4,9500,0.1,34200.0,4664.53,38000,3800.0,0.13638976608187134,2025,7,July,Q3,Profitable
ORD00669,2024-05-16,C015,Yash Kulkarni,Nagpur,West,Laptop Pro 14,Electronics,1,85000,0.1,76500.0,15360.69,85000,8500.0,0.20079333333333335,2024,5,May,Q2,Profitable
ORD00670,2024-06-23,C010,Diya Das,Bhubaneswar,East,Laptop Pro 14,Electronics,5,85000,0.1,382500.0,100983.56,425000,42500.0,0.26400930718954246,2024,6,June,Q2,Profitable
ORD00671,2024-04-02,C016,Tara Menon,Kochi,South,USB-C Cable,Accessories,5,750,0.1,3375.0,828.22,3750,375.0,0.24539851851851852,2024,4,April,Q2,Profitable
ORD00672,2024-11-12,C007,Arjun Nair,Chennai,South,Bookshelf,Furniture,2,5800,0.1,10440.0,3446.86,11600,1160.0,0.33015900383141766,2024,11,November,Q4,Profitable
ORD00673,2024-10-31,C003,Rohan Deshmukh,Nashik,West,Study Desk,Furniture,2,7200,0.1,12960.0,3400.5,14400,1440.0,0.26238425925925923,2024,10,October,Q4,Profitable
ORD00674,2025-07-27,C017,Dev Malhotra,Chandigarh,North,Premium Pen Set,Stationery,1,650,0.1,585.0,154.94,650,65.0,0.26485470085470086,2025,7,July,Q3,Profitable
ORD00675,2025-06-24,C011,Aditya Mehta,Ahmedabad,West,Notebook Pack,Stationery,4,450,0.15,1530.0,222.73,1800,270.0,0.1455751633986928,2025,6,June,Q2,Profitable
ORD00676,2024-03-13,C001,Aarav Sharma,Mumbai,West,Backpack,Accessories,1,2200,0.15,1870.0,504.49,2200,330.0,0.2697807486631016,2024,3,March,Q1,Profitable
ORD00677,2024-12-29,C019,Neil Bhat,Indore,West,Office Chair,Furniture,1,9500,0.1,8550.0,2069.93,9500,950.0,0.24209707602339178,2024,12,December,Q4,Profitable
ORD00678,2025-10-20,C002,Isha Patel,Pune,West,LED Table Lamp,Furniture,5,1800,0.05,8550.0,3305.94,9000,450.0,0.38665964912280704,2025,10,October,Q4,Profitable
ORD00679,2025-06-25,C008,Sanya Rao,Hyderabad,South,Wireless Mouse,Electronics,3,1200,0.05,3420.0,1182.27,3600,180.0,0.34569298245614033,2025,6,June,Q2,Profitable
ORD00680,2025-10-09,C006,Meera Joshi,Bengaluru,South,File Organizer,Stationery,1,380,0.1,342.0,57.16,380,38.0,0.1671345029239766,2025,10,October,Q4,Profitable
ORD00681,2024-04-25,C017,Dev Malhotra,Chandigarh,North,Backpack,Accessories,2,2200,0.05,4180.0,920.64,4400,220.0,0.2202488038277512,2024,4,April,Q2,Profitable
ORD00682,2024-11-30,C020,Sara Khan,Bhopal,Central,Backpack,Accessories,3,2200,0.0,6600.0,2182.77,6600,0.0,0.3307227272727273,2024,11,November,Q4,Profitable
ORD00683,2024-01-03,C014,Kiara Roy,Patna,East,Bookshelf,Furniture,3,5800,0.1,15660.0,4264.81,17400,1740.0,0.27233780332056196,2024,1,January,Q1,Profitable
ORD00684,2025-07-25,C020,Sara Khan,Bhopal,Central,Premium Pen Set,Stationery,2,650,0.05,1235.0,239.39,1300,65.0,0.19383805668016194,2025,7,July,Q3,Profitable
ORD00685,2025-02-17,C011,Aditya Mehta,Ahmedabad,West,Wireless Mouse,Electronics,1,1200,0.05,1140.0,292.32,1200,60.0,0.25642105263157894,2025,2,February,Q1,Profitable
ORD00686,2025-04-26,C015,Yash Kulkarni,Nagpur,West,LED Table Lamp,Furniture,4,1800,0.1,6480.0,1463.45,7200,720.0,0.22584104938271607,2025,4,April,Q2,Profitable
ORD00687,2025-01-02,C013,Reyansh Shah,Surat,West,Travel Bottle,Accessories,2,900,0.1,1620.0,570.73,1800,180.0,0.3523024691358025,2025,1,January,Q1,Profitable
ORD00688,2024-07-29,C012,Myra Kapoor,Lucknow,North,Backpack,Accessories,3,2200,0.0,6600.0,2514.63,6600,0.0,0.3810045454545455,2024,7,July,Q3,Profitable
ORD00689,2024-08-07,C006,Meera Joshi,Bengaluru,South,Backpack,Accessories,2,2200,0.15,3740.0,520.33,4400,660.0,0.13912566844919788,2024,8,August,Q3,Profitable
ORD00690,2025-07-29,C004,Ananya Singh,Delhi,North,Notebook Pack,Stationery,5,450,0.1,2025.0,378.78,2250,225.0,0.18705185185185183,2025,7,July,Q3,Profitable
ORD00691,2025-11-12,C013,Reyansh Shah,Surat,West,Premium Pen Set,Stationery,3,650,0.0,1950.0,585.09,1950,0.0,0.30004615384615385,2025,11,November,Q4,Profitable
ORD00692,2025-01-20,C012,Myra Kapoor,Lucknow,North,Notebook Pack,Stationery,4,450,0.1,1620.0,375.15,1800,180.0,0.23157407407407407,2025,1,January,Q1,Profitable
ORD00693,2025-12-30,C002,Isha Patel,Pune,West,Wireless Mouse,Electronics,4,1200,0.05,4560.0,1343.25,4800,240.0,0.2945723684210526,2025,12,December,Q4,Profitable
ORD00694,2024-11-13,C017,Dev Malhotra,Chandigarh,North,Travel Bottle,Accessories,1,900,0.05,855.0,163.97,900,45.0,0.19177777777777777,2024,11,November,Q4,Profitable
ORD00695,2024-08-09,C001,Aarav Sharma,Mumbai,West,Travel Bottle,Accessories,5,900,0.15,3825.0,798.2,4500,675.0,0.20867973856209152,2024,8,August,Q3,Profitable
ORD00696,2025-09-13,C013,Reyansh Shah,Surat,West,Premium Pen Set,Stationery,4,650,0.15,2210.0,669.17,2600,390.0,0.3027918552036199,2025,9,September,Q3,Profitable
ORD00697,2025-03-12,C015,Yash Kulkarni,Nagpur,West,USB-C Cable,Accessories,4,750,0.05,2850.0,520.02,3000,150.0,0.18246315789473683,2025,3,March,Q1,Profitable
ORD00698,2024-12-05,C005,Kabir Verma,Jaipur,North,Bluetooth Headphones,Electronics,4,3200,0.0,12800.0,4819.89,12800,0.0,0.37655390625,2024,12,December,Q4,Profitable
ORD00699,2025-11-07,C006,Meera Joshi,Bengaluru,South,Backpack,Accessories,5,2200,0.15,9350.0,1156.48,11000,1650.0,0.12368770053475936,2025,11,November,Q4,Profitable
ORD00700,2024-04-29,C014,Kiara Roy,Patna,East,Wireless Mouse,Electronics,1,1200,0.15,1020.0,110.85,1200,180.0,0.10867647058823529,2024,4,April,Q2,Profitable
ORD00701,2025-03-30,C008,Sanya Rao,Hyderabad,South,Backpack,Accessories,2,2200,0.15,3740.0,968.87,4400,660.0,0.2590561497326203,2025,3,March,Q1,Profitable
ORD00702,2024-06-30,C006,Meera Joshi,Bengaluru,South,Premium Pen Set,Stationery,4,650,0.15,2210.0,216.54,2600,390.0,0.09798190045248868,2024,6,June,Q2,Profitable
ORD00703,2024-03-31,C010,Diya Das,Bhubaneswar,East,Mechanical Keyboard,Electronics,5,4500,0.05,21375.0,5754.77,22500,1125.0,0.26922900584795323,2024,3,March,Q1,Profitable
ORD00704,2025-02-03,C013,Reyansh Shah,Surat,West,Laptop Pro 14,Electronics,3,85000,0.0,255000.0,88718.23,255000,0.0,0.3479146274509804,2025,2,February,Q1,Profitable
ORD00705,2025-05-13,C011,Aditya Mehta,Ahmedabad,West,Travel Bottle,Accessories,4,900,0.1,3240.0,984.95,3600,360.0,0.30399691358024694,2025,5,May,Q2,Profitable
ORD00706,2024-06-14,C014,Kiara Roy,Patna,East,Bookshelf,Furniture,2,5800,0.1,10440.0,2995.22,11600,1160.0,0.28689846743295017,2024,6,June,Q2,Profitable
ORD00707,2025-11-25,C015,Yash Kulkarni,Nagpur,West,Premium Pen Set,Stationery,2,650,0.1,1170.0,253.6,1300,130.0,0.21675213675213675,2025,11,November,Q4,Profitable
ORD00708,2024-05-04,C010,Diya Das,Bhubaneswar,East,Mechanical Keyboard,Electronics,1,4500,0.0,4500.0,1315.51,4500,0.0,0.29233555555555557,2024,5,May,Q2,Profitable
ORD00709,2024-01-19,C011,Aditya Mehta,Ahmedabad,West,Wireless Mouse,Electronics,2,1200,0.0,2400.0,730.16,2400,0.0,0.3042333333333333,2024,1,January,Q1,Profitable
ORD00710,2024-02-17,C019,Neil Bhat,Indore,West,Study Desk,Furniture,3,7200,0.15,18360.0,4354.97,21600,3240.0,0.2371988017429194,2024,2,February,Q1,Profitable
ORD00711,2025-12-09,C005,Kabir Verma,Jaipur,North,Mechanical Keyboard,Electronics,5,4500,0.2,18000.0,2027.21,22500,4500.0,0.11262277777777778,2025,12,December,Q4,Profitable
ORD00712,2024-04-22,C010,Diya Das,Bhubaneswar,East,Bluetooth Headphones,Electronics,1,3200,0.1,2880.0,416.51,3200,320.0,0.1446215277777778,2024,4,April,Q2,Profitable
ORD00713,2024-07-07,C018,Aanya Iyer,Coimbatore,South,Premium Pen Set,Stationery,2,650,0.0,1300.0,305.49,1300,0.0,0.2349923076923077,2024,7,July,Q3,Profitable
ORD00714,2025-10-06,C009,Vivaan Gupta,Kolkata,East,Premium Pen Set,Stationery,1,650,0.1,585.0,172.21,650,65.0,0.2943760683760684,2025,10,October,Q4,Profitable
ORD00715,2024-03-04,C007,Arjun Nair,Chennai,South,Bluetooth Headphones,Electronics,1,3200,0.0,3200.0,892.71,3200,0.0,0.27897187500000004,2024,3,March,Q1,Profitable
ORD00716,2025-12-26,C018,Aanya Iyer,Coimbatore,South,USB-C Cable,Accessories,1,750,0.15,637.5,177.04,750,112.5,0.27770980392156863,2025,12,December,Q4,Profitable
ORD00717,2025-02-07,C018,Aanya Iyer,Coimbatore,South,Laptop Pro 14,Electronics,3,85000,0.1,229500.0,38854.1,255000,25500.0,0.16929891067538125,2025,2,February,Q1,Profitable
ORD00718,2024-04-27,C020,Sara Khan,Bhopal,Central,Travel Bottle,Accessories,3,900,0.1,2430.0,349.09,2700,270.0,0.14365843621399177,2024,4,April,Q2,Profitable
ORD00719,2024-01-13,C013,Reyansh Shah,Surat,West,Wireless Mouse,Electronics,5,1200,0.15,5100.0,848.91,6000,900.0,0.16645294117647058,2024,1,January,Q1,Profitable
ORD00720,2025-03-13,C011,Aditya Mehta,Ahmedabad,West,Bookshelf,Furniture,4,5800,0.05,22040.0,8342.77,23200,1160.0,0.37852858439201453,2025,3,March,Q1,Profitable
ORD00721,2024-01-08,C008,Sanya Rao,Hyderabad,South,Notebook Pack,Stationery,1,450,0.1,405.0,64.71,450,45.0,0.15977777777777777,2024,1,January,Q1,Profitable
ORD00722,2024-05-23,C014,Kiara Roy,Patna,East,Travel Bottle,Accessories,3,900,0.0,2700.0,667.98,2700,0.0,0.2474,2024,5,May,Q2,Profitable
ORD00723,2024-08-26,C016,Tara Menon,Kochi,South,Premium Pen Set,Stationery,5,650,0.15,2762.5,302.52,3250,487.5,0.10950950226244344,2024,8,August,Q3,Profitable
ORD00724,2024-03-13,C003,Rohan Deshmukh,Nashik,West,Mechanical Keyboard,Electronics,4,4500,0.0,18000.0,5071.64,18000,0.0,0.2817577777777778,2024,3,March,Q1,Profitable
ORD00725,2024-08-10,C008,Sanya Rao,Hyderabad,South,USB-C Cable,Accessories,5,750,0.0,3750.0,1323.54,3750,0.0,0.352944,2024,8,August,Q3,Profitable
ORD00726,2024-11-04,C012,Myra Kapoor,Lucknow,North,Laptop Pro 14,Electronics,1,85000,0.15,72250.0,7004.59,85000,12750.0,0.09694934256055364,2024,11,November,Q4,Profitable
ORD00727,2025-05-08,C011,Aditya Mehta,Ahmedabad,West,Wireless Mouse,Electronics,2,1200,0.05,2280.0,807.3,2400,120.0,0.35407894736842105,2025,5,May,Q2,Profitable
ORD00728,2024-10-02,C018,Aanya Iyer,Coimbatore,South,Office Chair,Furniture,2,9500,0.0,19000.0,6313.86,19000,0.0,0.3323084210526316,2024,10,October,Q4,Profitable
ORD00729,2024-03-24,C003,Rohan Deshmukh,Nashik,West,Smartphone X,Electronics,1,42000,0.2,33600.0,5546.18,42000,8400.0,0.16506488095238095,2024,3,March,Q1,Profitable
ORD00730,2024-02-25,C008,Sanya Rao,Hyderabad,South,Premium Pen Set,Stationery,5,650,0.0,3250.0,1280.71,3250,0.0,0.3940646153846154,2024,2,February,Q1,Profitable
ORD00731,2024-02-08,C017,Dev Malhotra,Chandigarh,North,Bluetooth Headphones,Electronics,5,3200,0.05,15200.0,2798.81,16000,800.0,0.18413223684210525,2024,2,February,Q1,Profitable
ORD00732,2024-03-26,C004,Ananya Singh,Delhi,North,USB-C Cable,Accessories,2,750,0.05,1425.0,295.6,1500,75.0,0.2074385964912281,2024,3,March,Q1,Profitable
ORD00733,2025-01-10,C002,Isha Patel,Pune,West,USB-C Cable,Accessories,3,750,0.1,2025.0,358.29,2250,225.0,0.17693333333333333,2025,1,January,Q1,Profitable
ORD00734,2025-03-28,C006,Meera Joshi,Bengaluru,South,Notebook Pack,Stationery,3,450,0.0,1350.0,519.95,1350,0.0,0.3851481481481482,2025,3,March,Q1,Profitable
ORD00735,2024-12-08,C017,Dev Malhotra,Chandigarh,North,Laptop Pro 14,Electronics,2,85000,0.15,144500.0,43962.72,170000,25500.0,0.304240276816609,2024,12,December,Q4,Profitable
ORD00736,2024-07-02,C002,Isha Patel,Pune,West,LED Table Lamp,Furniture,5,1800,0.05,8550.0,2344.97,9000,450.0,0.2742654970760234,2024,7,July,Q3,Profitable
ORD00737,2025-02-02,C010,Diya Das,Bhubaneswar,East,USB-C Cable,Accessories,5,750,0.2,3000.0,157.86,3750,750.0,0.05262000000000001,2025,2,February,Q1,Profitable
ORD00738,2025-10-21,C018,Aanya Iyer,Coimbatore,South,Backpack,Accessories,1,2200,0.05,2090.0,601.4,2200,110.0,0.2877511961722488,2025,10,October,Q4,Profitable
ORD00739,2024-07-29,C007,Arjun Nair,Chennai,South,LED Table Lamp,Furniture,3,1800,0.1,4860.0,1594.91,5400,540.0,0.32817078189300414,2024,7,July,Q3,Profitable
ORD00740,2025-12-08,C008,Sanya Rao,Hyderabad,South,Backpack,Accessories,5,2200,0.2,8800.0,2033.92,11000,2200.0,0.23112727272727274,2025,12,December,Q4,Profitable
ORD00741,2025-08-11,C014,Kiara Roy,Patna,East,USB-C Cable,Accessories,4,750,0.2,2400.0,100.61,3000,600.0,0.04192083333333333,2025,8,August,Q3,Profitable
ORD00742,2025-11-02,C006,Meera Joshi,Bengaluru,South,USB-C Cable,Accessories,4,750,0.0,3000.0,747.44,3000,0.0,0.24914666666666668,2025,11,November,Q4,Profitable
ORD00743,2025-10-04,C013,Reyansh Shah,Surat,West,Office Chair,Furniture,2,9500,0.15,16150.0,2835.37,19000,2850.0,0.17556470588235293,2025,10,October,Q4,Profitable
ORD00744,2025-02-25,C008,Sanya Rao,Hyderabad,South,Study Desk,Furniture,1,7200,0.1,6480.0,1939.97,7200,720.0,0.2993780864197531,2025,2,February,Q1,Profitable
ORD00745,2025-01-21,C012,Myra Kapoor,Lucknow,North,Laptop Pro 14,Electronics,3,85000,0.15,216750.0,28257.75,255000,38250.0,0.13037024221453286,2025,1,January,Q1,Profitable
ORD00746,2025-12-02,C020,Sara Khan,Bhopal,Central,LED Table Lamp,Furniture,1,1800,0.05,1710.0,478.77,1800,90.0,0.2799824561403509,2025,12,December,Q4,Profitable
ORD00747,2025-08-18,C007,Arjun Nair,Chennai,South,USB-C Cable,Accessories,4,750,0.0,3000.0,737.6,3000,0.0,0.24586666666666668,2025,8,August,Q3,Profitable
ORD00748,2025-09-17,C017,Dev Malhotra,Chandigarh,North,Bluetooth Headphones,Electronics,4,3200,0.1,11520.0,3706.76,12800,1280.0,0.32176736111111115,2025,9,September,Q3,Profitable
ORD00749,2025-04-25,C001,Aarav Sharma,Mumbai,West,USB-C Cable,Accessories,5,750,0.0,3750.0,1210.4,3750,0.0,0.32277333333333336,2025,4,April,Q2,Profitable
ORD00750,2025-12-31,C013,Reyansh Shah,Surat,West,Study Desk,Furniture,3,7200,0.0,21600.0,5147.56,21600,0.0,0.23831296296296298,2025,12,December,Q4,Profitable
ORD00751,2024-08-16,C017,Dev Malhotra,Chandigarh,North,File Organizer,Stationery,1,380,0.1,342.0,74.84,380,38.0,0.21883040935672515,2024,8,August,Q3,Profitable
ORD00752,2025-12-22,C017,Dev Malhotra,Chandigarh,North,Travel Bottle,Accessories,5,900,0.1,4050.0,1081.92,4500,450.0,0.26714074074074073,2025,12,December,Q4,Profitable
ORD00753,2024-04-03,C018,Aanya Iyer,Coimbatore,South,Backpack,Accessories,3,2200,0.0,6600.0,2502.13,6600,0.0,0.3791106060606061,2024,4,April,Q2,Profitable
ORD00754,2025-07-20,C017,Dev Malhotra,Chandigarh,North,Bookshelf,Furniture,3,5800,0.1,15660.0,2399.09,17400,1740.0,0.153198595146871,2025,7,July,Q3,Profitable
ORD00755,2025-12-14,C012,Myra Kapoor,Lucknow,North,USB-C Cable,Accessories,5,750,0.0,3750.0,1548.82,3750,0.0,0.41301866666666665,2025,12,December,Q4,Profitable
ORD00756,2025-02-20,C020,Sara Khan,Bhopal,Central,LED Table Lamp,Furniture,1,1800,0.1,1620.0,304.66,1800,180.0,0.18806172839506174,2025,2,February,Q1,Profitable
ORD00757,2025-12-20,C009,Vivaan Gupta,Kolkata,East,USB-C Cable,Accessories,4,750,0.1,2700.0,893.04,3000,300.0,0.3307555555555555,2025,12,December,Q4,Profitable
ORD00758,2024-03-12,C012,Myra Kapoor,Lucknow,North,Laptop Pro 14,Electronics,3,85000,0.15,216750.0,48853.23,255000,38250.0,0.22538975778546713,2024,3,March,Q1,Profitable
ORD00759,2024-05-18,C007,Arjun Nair,Chennai,South,Premium Pen Set,Stationery,1,650,0.0,650.0,200.66,650,0.0,0.3087076923076923,2024,5,May,Q2,Profitable
ORD00760,2025-12-25,C008,Sanya Rao,Hyderabad,South,Study Desk,Furniture,2,7200,0.05,13680.0,3169.65,14400,720.0,0.23169956140350878,2025,12,December,Q4,Profitable
ORD00761,2025-05-13,C008,Sanya Rao,Hyderabad,South,LED Table Lamp,Furniture,1,1800,0.0,1800.0,631.77,1800,0.0,0.3509833333333333,2025,5,May,Q2,Profitable
ORD00762,2024-05-28,C019,Neil Bhat,Indore,West,Wireless Mouse,Electronics,3,1200,0.1,3240.0,721.95,3600,360.0,0.2228240740740741,2024,5,May,Q2,Profitable
ORD00763,2024-01-06,C019,Neil Bhat,Indore,West,Bookshelf,Furniture,4,5800,0.15,19720.0,1869.17,23200,3480.0,0.09478549695740365,2024,1,January,Q1,Profitable
ORD00764,2025-01-05,C020,Sara Khan,Bhopal,Central,Bluetooth Headphones,Electronics,2,3200,0.15,5440.0,1293.09,6400,960.0,0.23770036764705882,2025,1,January,Q1,Profitable
ORD00765,2024-09-25,C020,Sara Khan,Bhopal,Central,Notebook Pack,Stationery,1,450,0.1,405.0,87.96,450,45.0,0.21718518518518518,2024,9,September,Q3,Profitable
ORD00766,2025-05-08,C019,Neil Bhat,Indore,West,Notebook Pack,Stationery,4,450,0.05,1710.0,637.58,1800,90.0,0.37285380116959066,2025,5,May,Q2,Profitable
ORD00767,2024-07-28,C016,Tara Menon,Kochi,South,Bookshelf,Furniture,1,5800,0.15,4930.0,1350.55,5800,870.0,0.27394523326572007,2024,7,July,Q3,Profitable
ORD00768,2025-12-20,C018,Aanya Iyer,Coimbatore,South,Bluetooth Headphones,Electronics,4,3200,0.0,12800.0,4761.63,12800,0.0,0.37200234375,2025,12,December,Q4,Profitable
ORD00769,2024-07-02,C012,Myra Kapoor,Lucknow,North,USB-C Cable,Accessories,5,750,0.05,3562.5,1011.36,3750,187.5,0.2838905263157895,2024,7,July,Q3,Profitable
ORD00770,2024-09-06,C010,Diya Das,Bhubaneswar,East,LED Table Lamp,Furniture,2,1800,0.1,3240.0,955.41,3600,360.0,0.2948796296296296,2024,9,September,Q3,Profitable
ORD00771,2024-07-29,C003,Rohan Deshmukh,Nashik,West,Bookshelf,Furniture,5,5800,0.0,29000.0,6719.11,29000,0.0,0.23169344827586205,2024,7,July,Q3,Profitable
ORD00772,2024-04-22,C015,Yash Kulkarni,Nagpur,West,Mechanical Keyboard,Electronics,4,4500,0.15,15300.0,3961.95,18000,2700.0,0.25895098039215686,2024,4,April,Q2,Profitable
ORD00773,2025-11-17,C002,Isha Patel,Pune,West,Study Desk,Furniture,2,7200,0.15,12240.0,1269.58,14400,2160.0,0.10372385620915033,2025,11,November,Q4,Profitable
ORD00774,2024-03-27,C016,Tara Menon,Kochi,South,Study Desk,Furniture,1,7200,0.05,6840.0,1613.21,7200,360.0,0.23584941520467836,2024,3,March,Q1,Profitable
ORD00775,2025-01-12,C020,Sara Khan,Bhopal,Central,Laptop Pro 14,Electronics,4,85000,0.0,340000.0,92825.04,340000,0.0,0.27301482352941175,2025,1,January,Q1,Profitable
ORD00776,2025-04-25,C020,Sara Khan,Bhopal,Central,Office Chair,Furniture,5,9500,0.05,45125.0,14725.55,47500,2375.0,0.32632797783933515,2025,4,April,Q2,Profitable
ORD00777,2024-10-28,C005,Kabir Verma,Jaipur,North,Office Chair,Furniture,1,9500,0.0,9500.0,3575.97,9500,0.0,0.37641789473684206,2024,10,October,Q4,Profitable
ORD00778,2025-04-15,C004,Ananya Singh,Delhi,North,Premium Pen Set,Stationery,2,650,0.0,1300.0,319.01,1300,0.0,0.2453923076923077,2025,4,April,Q2,Profitable
ORD00779,2025-10-24,C003,Rohan Deshmukh,Nashik,West,Bookshelf,Furniture,2,5800,0.1,10440.0,1525.03,11600,1160.0,0.1460756704980843,2025,10,October,Q4,Profitable
ORD00780,2025-12-12,C011,Aditya Mehta,Ahmedabad,West,Backpack,Accessories,5,2200,0.0,11000.0,4453.55,11000,0.0,0.40486818181818185,2025,12,December,Q4,Profitable
ORD00781,2025-07-02,C013,Reyansh Shah,Surat,West,Office Chair,Furniture,5,9500,0.0,47500.0,11440.87,47500,0.0,0.24086042105263158,2025,7,July,Q3,Profitable
ORD00782,2025-05-28,C001,Aarav Sharma,Mumbai,West,Bookshelf,Furniture,4,5800,0.1,20880.0,3417.52,23200,2320.0,0.1636743295019157,2025,5,May,Q2,Profitable
ORD00783,2024-04-17,C012,Myra Kapoor,Lucknow,North,Study Desk,Furniture,2,7200,0.1,12960.0,2453.3,14400,1440.0,0.18929783950617285,2024,4,April,Q2,Profitable
ORD00784,2025-03-20,C009,Vivaan Gupta,Kolkata,East,Study Desk,Furniture,2,7200,0.05,13680.0,4327.15,14400,720.0,0.31631213450292395,2025,3,March,Q1,Profitable
ORD00785,2024-09-03,C020,Sara Khan,Bhopal,Central,LED Table Lamp,Furniture,4,1800,0.1,6480.0,1989.71,7200,720.0,0.30705401234567903,2024,9,September,Q3,Profitable
ORD00786,2025-09-04,C015,Yash Kulkarni,Nagpur,West,Laptop Pro 14,Electronics,1,85000,0.0,85000.0,23991.04,85000,0.0,0.28224752941176473,2025,9,September,Q3,Profitable
ORD00787,2025-03-01,C015,Yash Kulkarni,Nagpur,West,Laptop Pro 14,Electronics,3,85000,0.05,242250.0,75859.45,255000,12750.0,0.3131453044375645,2025,3,March,Q1,Profitable
ORD00788,2025-11-17,C017,Dev Malhotra,Chandigarh,North,Laptop Pro 14,Electronics,2,85000,0.0,170000.0,43023.91,170000,0.0,0.2530818235294118,2025,11,November,Q4,Profitable
ORD00789,2025-05-10,C014,Kiara Roy,Patna,East,Backpack,Accessories,3,2200,0.0,6600.0,2269.09,6600,0.0,0.3438015151515152,2025,5,May,Q2,Profitable
ORD00790,2025-03-20,C015,Yash Kulkarni,Nagpur,West,Office Chair,Furniture,5,9500,0.05,45125.0,13213.32,47500,2375.0,0.29281595567867036,2025,3,March,Q1,Profitable
ORD00791,2024-09-01,C003,Rohan Deshmukh,Nashik,West,File Organizer,Stationery,5,380,0.15,1615.0,253.13,1900,285.0,0.15673684210526315,2024,9,September,Q3,Profitable
ORD00792,2024-08-04,C002,Isha Patel,Pune,West,Notebook Pack,Stationery,5,450,0.05,2137.5,720.1,2250,112.5,0.3368888888888889,2024,8,August,Q3,Profitable
ORD00793,2025-07-24,C018,Aanya Iyer,Coimbatore,South,Wireless Mouse,Electronics,4,1200,0.1,4320.0,849.84,4800,480.0,0.19672222222222224,2025,7,July,Q3,Profitable
ORD00794,2024-01-13,C007,Arjun Nair,Chennai,South,File Organizer,Stationery,3,380,0.1,1026.0,354.76,1140,114.0,0.3457699805068226,2024,1,January,Q1,Profitable
ORD00795,2025-02-22,C017,Dev Malhotra,Chandigarh,North,Mechanical Keyboard,Electronics,3,4500,0.0,13500.0,3830.35,13500,0.0,0.2837296296296296,2025,2,February,Q1,Profitable
ORD00796,2024-05-01,C016,Tara Menon,Kochi,South,File Organizer,Stationery,5,380,0.05,1805.0,361.28,1900,95.0,0.2001551246537396,2024,5,May,Q2,Profitable
ORD00797,2024-02-19,C001,Aarav Sharma,Mumbai,West,Mechanical Keyboard,Electronics,4,4500,0.05,17100.0,4227.04,18000,900.0,0.24719532163742688,2024,2,February,Q1,Profitable
ORD00798,2025-02-01,C005,Kabir Verma,Jaipur,North,USB-C Cable,Accessories,4,750,0.1,2700.0,942.51,3000,300.0,0.34907777777777776,2025,2,February,Q1,Profitable
ORD00799,2024-07-08,C004,Ananya Singh,Delhi,North,Backpack,Accessories,2,2200,0.0,4400.0,1074.19,4400,0.0,0.2441340909090909,2024,7,July,Q3,Profitable
ORD00800,2024-10-13,C003,Rohan Deshmukh,Nashik,West,Office Chair,Furniture,3,9500,0.05,27075.0,8760.61,28500,1425.0,0.32356823638042476,2024,10,October,Q4,Profitable
ORD00801,2025-08-05,C012,Myra Kapoor,Lucknow,North,Mechanical Keyboard,Electronics,2,4500,0.05,8550.0,2815.74,9000,450.0,0.32932631578947363,2025,8,August,Q3,Profitable
ORD00802,2025-04-02,C006,Meera Joshi,Bengaluru,South,Wireless Mouse,Electronics,2,1200,0.1,2160.0,562.34,2400,240.0,0.2603425925925926,2025,4,April,Q2,Profitable
ORD00803,2025-07-25,C002,Isha Patel,Pune,West,Premium Pen Set,Stationery,5,650,0.1,2925.0,1034.76,3250,325.0,0.35376410256410257,2025,7,July,Q3,Profitable
ORD00804,2025-09-25,C014,Kiara Roy,Patna,East,File Organizer,Stationery,4,380,0.1,1368.0,334.25,1520,152.0,0.24433479532163743,2025,9,September,Q3,Profitable
ORD00805,2025-09-09,C018,Aanya Iyer,Coimbatore,South,USB-C Cable,Accessories,2,750,0.1,1350.0,387.46,1500,150.0,0.2870074074074074,2025,9,September,Q3,Profitable
ORD00806,2024-07-30,C006,Meera Joshi,Bengaluru,South,Bookshelf,Furniture,3,5800,0.1,15660.0,2684.86,17400,1740.0,0.1714469987228608,2024,7,July,Q3,Profitable
ORD00807,2025-02-04,C004,Ananya Singh,Delhi,North,USB-C Cable,Accessories,4,750,0.0,3000.0,1133.47,3000,0.0,0.37782333333333334,2025,2,February,Q1,Profitable
ORD00808,2025-02-19,C006,Meera Joshi,Bengaluru,South,Mechanical Keyboard,Electronics,1,4500,0.05,4275.0,960.03,4500,225.0,0.22456842105263158,2025,2,February,Q1,Profitable
ORD00809,2025-05-29,C009,Vivaan Gupta,Kolkata,East,File Organizer,Stationery,4,380,0.1,1368.0,277.23,1520,152.0,0.20265350877192984,2025,5,May,Q2,Profitable
ORD00810,2024-04-22,C009,Vivaan Gupta,Kolkata,East,LED Table Lamp,Furniture,2,1800,0.1,3240.0,991.67,3600,360.0,0.30607098765432095,2024,4,April,Q2,Profitable
ORD00811,2024-02-16,C020,Sara Khan,Bhopal,Central,Study Desk,Furniture,1,7200,0.0,7200.0,2777.85,7200,0.0,0.3858125,2024,2,February,Q1,Profitable
ORD00812,2025-01-02,C015,Yash Kulkarni,Nagpur,West,LED Table Lamp,Furniture,2,1800,0.15,3060.0,911.43,3600,540.0,0.2978529411764706,2025,1,January,Q1,Profitable
ORD00813,2024-11-09,C009,Vivaan Gupta,Kolkata,East,LED Table Lamp,Furniture,3,1800,0.1,4860.0,1551.94,5400,540.0,0.3193292181069959,2024,11,November,Q4,Profitable
ORD00814,2024-04-08,C011,Aditya Mehta,Ahmedabad,West,Premium Pen Set,Stationery,5,650,0.15,2762.5,243.95,3250,487.5,0.08830769230769231,2024,4,April,Q2,Profitable
ORD00815,2025-05-17,C017,Dev Malhotra,Chandigarh,North,Travel Bottle,Accessories,2,900,0.15,1530.0,334.93,1800,270.0,0.21890849673202614,2025,5,May,Q2,Profitable
ORD00816,2024-02-23,C011,Aditya Mehta,Ahmedabad,West,Laptop Pro 14,Electronics,3,85000,0.05,242250.0,92888.73,255000,12750.0,0.38344160990712073,2024,2,February,Q1,Profitable
ORD00817,2025-10-17,C006,Meera Joshi,Bengaluru,South,LED Table Lamp,Furniture,4,1800,0.05,6840.0,2307.06,7200,360.0,0.33728947368421053,2025,10,October,Q4,Profitable
ORD00818,2024-10-24,C012,Myra Kapoor,Lucknow,North,File Organizer,Stationery,5,380,0.1,1710.0,605.62,1900,190.0,0.35416374269005846,2024,10,October,Q4,Profitable
ORD00819,2025-04-18,C015,Yash Kulkarni,Nagpur,West,USB-C Cable,Accessories,4,750,0.05,2850.0,610.58,3000,150.0,0.2142385964912281,2025,4,April,Q2,Profitable
ORD00820,2024-01-17,C017,Dev Malhotra,Chandigarh,North,Bookshelf,Furniture,4,5800,0.15,19720.0,1946.95,23200,3480.0,0.09872971602434077,2024,1,January,Q1,Profitable
ORD00821,2025-12-20,C004,Ananya Singh,Delhi,North,File Organizer,Stationery,5,380,0.1,1710.0,498.82,1900,190.0,0.2917076023391813,2025,12,December,Q4,Profitable
ORD00822,2025-10-24,C016,Tara Menon,Kochi,South,Travel Bottle,Accessories,2,900,0.1,1620.0,262.57,1800,180.0,0.16208024691358025,2025,10,October,Q4,Profitable
ORD00823,2025-01-15,C005,Kabir Verma,Jaipur,North,Backpack,Accessories,3,2200,0.05,6270.0,1526.18,6600,330.0,0.2434098883572568,2025,1,January,Q1,Profitable
ORD00824,2025-03-11,C019,Neil Bhat,Indore,West,Backpack,Accessories,2,2200,0.0,4400.0,1587.18,4400,0.0,0.3607227272727273,2025,3,March,Q1,Profitable
ORD00825,2024-11-06,C020,Sara Khan,Bhopal,Central,Backpack,Accessories,4,2200,0.1,7920.0,2206.06,8800,880.0,0.2785429292929293,2024,11,November,Q4,Profitable
ORD00826,2024-08-11,C016,Tara Menon,Kochi,South,Wireless Mouse,Electronics,5,1200,0.15,5100.0,918.19,6000,900.0,0.1800372549019608,2024,8,August,Q3,Profitable
ORD00827,2025-04-15,C002,Isha Patel,Pune,West,Backpack,Accessories,3,2200,0.1,5940.0,1769.03,6600,660.0,0.2978164983164983,2025,4,April,Q2,Profitable
ORD00828,2025-06-17,C020,Sara Khan,Bhopal,Central,Bluetooth Headphones,Electronics,4,3200,0.0,12800.0,5091.49,12800,0.0,0.39777265624999997,2025,6,June,Q2,Profitable
ORD00829,2025-07-03,C006,Meera Joshi,Bengaluru,South,Bluetooth Headphones,Electronics,1,3200,0.0,3200.0,994.83,3200,0.0,0.310884375,2025,7,July,Q3,Profitable
ORD00830,2024-02-19,C018,Aanya Iyer,Coimbatore,South,Smartphone X,Electronics,4,42000,0.1,151200.0,35778.88,168000,16800.0,0.23663280423280422,2024,2,February,Q1,Profitable
ORD00831,2024-10-04,C004,Ananya Singh,Delhi,North,Backpack,Accessories,4,2200,0.0,8800.0,1949.06,8800,0.0,0.2214840909090909,2024,10,October,Q4,Profitable
ORD00832,2025-09-09,C007,Arjun Nair,Chennai,South,Bluetooth Headphones,Electronics,3,3200,0.0,9600.0,3356.53,9600,0.0,0.3496385416666667,2025,9,September,Q3,Profitable
ORD00833,2024-06-11,C019,Neil Bhat,Indore,West,USB-C Cable,Accessories,5,750,0.1,3375.0,874.23,3750,375.0,0.2590311111111111,2024,6,June,Q2,Profitable
ORD00834,2024-05-17,C002,Isha Patel,Pune,West,Wireless Mouse,Electronics,4,1200,0.1,4320.0,1055.32,4800,480.0,0.24428703703703702,2024,5,May,Q2,Profitable
ORD00835,2024-01-16,C014,Kiara Roy,Patna,East,Study Desk,Furniture,5,7200,0.05,34200.0,11311.65,36000,1800.0,0.33075,2024,1,January,Q1,Profitable
ORD00836,2024-12-06,C004,Ananya Singh,Delhi,North,Study Desk,Furniture,2,7200,0.1,12960.0,3877.68,14400,1440.0,0.2992037037037037,2024,12,December,Q4,Profitable
ORD00837,2025-12-21,C001,Aarav Sharma,Mumbai,West,Premium Pen Set,Stationery,4,650,0.0,2600.0,752.91,2600,0.0,0.2895807692307692,2025,12,December,Q4,Profitable
ORD00838,2024-06-29,C010,Diya Das,Bhubaneswar,East,Study Desk,Furniture,2,7200,0.1,12960.0,3134.48,14400,1440.0,0.24185802469135803,2024,6,June,Q2,Profitable
ORD00839,2025-06-14,C011,Aditya Mehta,Ahmedabad,West,Bookshelf,Furniture,2,5800,0.1,10440.0,1747.22,11600,1160.0,0.16735823754789272,2025,6,June,Q2,Profitable
ORD00840,2024-01-12,C003,Rohan Deshmukh,Nashik,West,Notebook Pack,Stationery,3,450,0.1,1215.0,269.15,1350,135.0,0.22152263374485595,2024,1,January,Q1,Profitable
ORD00841,2025-10-17,C002,Isha Patel,Pune,West,File Organizer,Stationery,4,380,0.05,1444.0,328.75,1520,76.0,0.2276662049861496,2025,10,October,Q4,Profitable
ORD00842,2025-01-15,C010,Diya Das,Bhubaneswar,East,File Organizer,Stationery,2,380,0.0,760.0,224.15,760,0.0,0.2949342105263158,2025,1,January,Q1,Profitable
ORD00843,2024-12-26,C010,Diya Das,Bhubaneswar,East,USB-C Cable,Accessories,5,750,0.1,3375.0,1040.75,3750,375.0,0.30837037037037035,2024,12,December,Q4,Profitable
ORD00844,2024-07-03,C020,Sara Khan,Bhopal,Central,Wireless Mouse,Electronics,3,1200,0.0,3600.0,794.23,3600,0.0,0.22061944444444445,2024,7,July,Q3,Profitable
ORD00845,2024-06-08,C002,Isha Patel,Pune,West,File Organizer,Stationery,1,380,0.05,361.0,139.56,380,19.0,0.3865927977839335,2024,6,June,Q2,Profitable
ORD00846,2025-05-19,C002,Isha Patel,Pune,West,Bluetooth Headphones,Electronics,4,3200,0.1,11520.0,2373.51,12800,1280.0,0.2060338541666667,2025,5,May,Q2,Profitable
ORD00847,2025-11-06,C002,Isha Patel,Pune,West,USB-C Cable,Accessories,1,750,0.2,600.0,157.44,750,150.0,0.2624,2025,11,November,Q4,Profitable
ORD00848,2025-06-07,C005,Kabir Verma,Jaipur,North,File Organizer,Stationery,4,380,0.1,1368.0,334.32,1520,152.0,0.2443859649122807,2025,6,June,Q2,Profitable
ORD00849,2025-09-13,C014,Kiara Roy,Patna,East,Smartphone X,Electronics,2,42000,0.0,84000.0,21836.53,84000,0.0,0.25995869047619047,2025,9,September,Q3,Profitable
ORD00850,2024-11-09,C012,Myra Kapoor,Lucknow,North,Office Chair,Furniture,4,9500,0.2,30400.0,2836.02,38000,7600.0,0.09329013157894737,2024,11,November,Q4,Profitable
ORD00851,2025-09-30,C016,Tara Menon,Kochi,South,Backpack,Accessories,4,2200,0.1,7920.0,2274.12,8800,880.0,0.28713636363636363,2025,9,September,Q3,Profitable
ORD00852,2024-06-12,C020,Sara Khan,Bhopal,Central,Wireless Mouse,Electronics,3,1200,0.05,3420.0,787.44,3600,180.0,0.23024561403508773,2024,6,June,Q2,Profitable
ORD00853,2025-02-03,C005,Kabir Verma,Jaipur,North,Bluetooth Headphones,Electronics,5,3200,0.1,14400.0,3220.92,16000,1600.0,0.223675,2025,2,February,Q1,Profitable
ORD00854,2025-12-18,C006,Meera Joshi,Bengaluru,South,File Organizer,Stationery,1,380,0.1,342.0,79.3,380,38.0,0.23187134502923976,2025,12,December,Q4,Profitable
ORD00855,2025-12-11,C014,Kiara Roy,Patna,East,USB-C Cable,Accessories,4,750,0.15,2550.0,533.6,3000,450.0,0.20925490196078433,2025,12,December,Q4,Profitable
ORD00856,2025-07-09,C002,Isha Patel,Pune,West,Smartphone X,Electronics,5,42000,0.15,178500.0,29614.08,210000,31500.0,0.1659052100840336,2025,7,July,Q3,Profitable
ORD00857,2024-07-24,C015,Yash Kulkarni,Nagpur,West,Premium Pen Set,Stationery,1,650,0.0,650.0,231.05,650,0.0,0.3554615384615385,2024,7,July,Q3,Profitable
ORD00858,2025-04-20,C019,Neil Bhat,Indore,West,Travel Bottle,Accessories,5,900,0.2,3600.0,480.83,4500,900.0,0.13356388888888887,2025,4,April,Q2,Profitable
ORD00859,2024-07-19,C006,Meera Joshi,Bengaluru,South,USB-C Cable,Accessories,1,750,0.05,712.5,177.56,750,37.5,0.24920701754385965,2024,7,July,Q3,Profitable
ORD00860,2025-05-22,C008,Sanya Rao,Hyderabad,South,Study Desk,Furniture,1,7200,0.05,6840.0,2524.83,7200,360.0,0.3691271929824561,2025,5,May,Q2,Profitable
ORD00861,2025-08-09,C007,Arjun Nair,Chennai,South,USB-C Cable,Accessories,3,750,0.1,2025.0,326.87,2250,225.0,0.16141728395061727,2025,8,August,Q3,Profitable
ORD00862,2025-09-02,C020,Sara Khan,Bhopal,Central,Travel Bottle,Accessories,3,900,0.15,2295.0,552.45,2700,405.0,0.24071895424836603,2025,9,September,Q3,Profitable
ORD00863,2024-04-20,C001,Aarav Sharma,Mumbai,West,Laptop Pro 14,Electronics,2,85000,0.1,153000.0,31205.48,170000,17000.0,0.20395738562091503,2024,4,April,Q2,Profitable
ORD00864,2024-01-29,C016,Tara Menon,Kochi,South,Mechanical Keyboard,Electronics,1,4500,0.1,4050.0,1324.51,4500,450.0,0.3270395061728395,2024,1,January,Q1,Profitable
ORD00865,2025-04-19,C012,Myra Kapoor,Lucknow,North,File Organizer,Stationery,4,380,0.1,1368.0,257.34,1520,152.0,0.1881140350877193,2025,4,April,Q2,Profitable
ORD00866,2024-08-30,C019,Neil Bhat,Indore,West,Office Chair,Furniture,3,9500,0.1,25650.0,8056.15,28500,2850.0,0.31407992202729046,2024,8,August,Q3,Profitable
ORD00867,2024-07-06,C020,Sara Khan,Bhopal,Central,USB-C Cable,Accessories,5,750,0.1,3375.0,1025.59,3750,375.0,0.3038785185185185,2024,7,July,Q3,Profitable
ORD00868,2024-07-18,C010,Diya Das,Bhubaneswar,East,Notebook Pack,Stationery,3,450,0.05,1282.5,341.4,1350,67.5,0.2661988304093567,2024,7,July,Q3,Profitable
ORD00869,2024-05-16,C020,Sara Khan,Bhopal,Central,Bookshelf,Furniture,3,5800,0.15,14790.0,1303.35,17400,2610.0,0.08812373225152129,2024,5,May,Q2,Profitable
ORD00870,2024-07-25,C014,Kiara Roy,Patna,East,Premium Pen Set,Stationery,2,650,0.05,1235.0,238.54,1300,65.0,0.19314979757085018,2024,7,July,Q3,Profitable
ORD00871,2025-09-01,C011,Aditya Mehta,Ahmedabad,West,Mechanical Keyboard,Electronics,4,4500,0.05,17100.0,4450.9,18000,900.0,0.26028654970760234,2025,9,September,Q3,Profitable
ORD00872,2025-07-30,C003,Rohan Deshmukh,Nashik,West,Bookshelf,Furniture,3,5800,0.0,17400.0,4198.15,17400,0.0,0.2412729885057471,2025,7,July,Q3,Profitable
ORD00873,2024-09-19,C011,Aditya Mehta,Ahmedabad,West,Study Desk,Furniture,5,7200,0.2,28800.0,2876.89,36000,7200.0,0.09989201388888888,2024,9,September,Q3,Profitable
ORD00874,2025-10-13,C011,Aditya Mehta,Ahmedabad,West,Mechanical Keyboard,Electronics,5,4500,0.1,20250.0,3904.25,22500,2250.0,0.19280246913580246,2025,10,October,Q4,Profitable
ORD00875,2025-12-20,C013,Reyansh Shah,Surat,West,LED Table Lamp,Furniture,5,1800,0.1,8100.0,2283.57,9000,900.0,0.28192222222222224,2025,12,December,Q4,Profitable
ORD00876,2025-09-21,C004,Ananya Singh,Delhi,North,Premium Pen Set,Stationery,1,650,0.1,585.0,168.06,650,65.0,0.2872820512820513,2025,9,September,Q3,Profitable
ORD00877,2024-12-13,C009,Vivaan Gupta,Kolkata,East,Study Desk,Furniture,5,7200,0.0,36000.0,10911.29,36000,0.0,0.3030913888888889,2024,12,December,Q4,Profitable
ORD00878,2025-01-01,C019,Neil Bhat,Indore,West,Laptop Pro 14,Electronics,4,85000,0.0,340000.0,138644.88,340000,0.0,0.40777905882352944,2025,1,January,Q1,Profitable
ORD00879,2024-12-13,C017,Dev Malhotra,Chandigarh,North,Mechanical Keyboard,Electronics,4,4500,0.05,17100.0,6245.47,18000,900.0,0.3652321637426901,2024,12,December,Q4,Profitable
ORD00880,2024-08-04,C019,Neil Bhat,Indore,West,Office Chair,Furniture,2,9500,0.1,17100.0,3737.57,19000,1900.0,0.21857134502923978,2024,8,August,Q3,Profitable
ORD00881,2024-09-02,C020,Sara Khan,Bhopal,Central,Notebook Pack,Stationery,1,450,0.15,382.5,63.11,450,67.5,0.16499346405228757,2024,9,September,Q3,Profitable
ORD00882,2025-12-22,C017,Dev Malhotra,Chandigarh,North,LED Table Lamp,Furniture,2,1800,0.05,3420.0,898.7,3600,180.0,0.2627777777777778,2025,12,December,Q4,Profitable
ORD00883,2025-01-15,C018,Aanya Iyer,Coimbatore,South,Office Chair,Furniture,3,9500,0.05,27075.0,9822.1,28500,1425.0,0.36277377654662973,2025,1,January,Q1,Profitable
ORD00884,2024-07-06,C002,Isha Patel,Pune,West,Bluetooth Headphones,Electronics,1,3200,0.1,2880.0,577.15,3200,320.0,0.20039930555555555,2024,7,July,Q3,Profitable
ORD00885,2024-09-16,C001,Aarav Sharma,Mumbai,West,Study Desk,Furniture,2,7200,0.15,12240.0,2226.29,14400,2160.0,0.18188643790849673,2024,9,September,Q3,Profitable
ORD00886,2024-10-18,C018,Aanya Iyer,Coimbatore,South,Bluetooth Headphones,Electronics,3,3200,0.1,8640.0,1933.88,9600,960.0,0.22382870370370372,2024,10,October,Q4,Profitable
ORD00887,2025-01-11,C018,Aanya Iyer,Coimbatore,South,File Organizer,Stationery,4,380,0.15,1292.0,240.66,1520,228.0,0.18626934984520124,2025,1,January,Q1,Profitable
ORD00888,2024-07-05,C004,Ananya Singh,Delhi,North,Smartphone X,Electronics,1,42000,0.1,37800.0,10759.36,42000,4200.0,0.28463915343915347,2024,7,July,Q3,Profitable
ORD00889,2024-02-08,C009,Vivaan Gupta,Kolkata,East,Bluetooth Headphones,Electronics,3,3200,0.1,8640.0,1313.69,9600,960.0,0.1520474537037037,2024,2,February,Q1,Profitable
ORD00890,2025-06-13,C007,Arjun Nair,Chennai,South,Backpack,Accessories,1,2200,0.05,2090.0,379.39,2200,110.0,0.18152631578947367,2025,6,June,Q2,Profitable
ORD00891,2024-03-30,C013,Reyansh Shah,Surat,West,Office Chair,Furniture,4,9500,0.0,38000.0,12878.79,38000,0.0,0.3389155263157895,2024,3,March,Q1,Profitable
ORD00892,2024-04-10,C018,Aanya Iyer,Coimbatore,South,USB-C Cable,Accessories,5,750,0.0,3750.0,903.7,3750,0.0,0.24098666666666668,2024,4,April,Q2,Profitable
ORD00893,2024-08-16,C012,Myra Kapoor,Lucknow,North,Office Chair,Furniture,3,9500,0.05,27075.0,5563.91,28500,1425.0,0.20549990766389659,2024,8,August,Q3,Profitable
ORD00894,2025-06-24,C001,Aarav Sharma,Mumbai,West,Premium Pen Set,Stationery,5,650,0.05,3087.5,783.93,3250,162.5,0.25390445344129553,2025,6,June,Q2,Profitable
ORD00895,2024-06-20,C018,Aanya Iyer,Coimbatore,South,Mechanical Keyboard,Electronics,3,4500,0.05,12825.0,2964.25,13500,675.0,0.23113060428849902,2024,6,June,Q2,Profitable
ORD00896,2024-07-04,C001,Aarav Sharma,Mumbai,West,File Organizer,Stationery,3,380,0.0,1140.0,378.22,1140,0.0,0.33177192982456144,2024,7,July,Q3,Profitable
ORD00897,2025-12-22,C004,Ananya Singh,Delhi,North,Laptop Pro 14,Electronics,2,85000,0.1,153000.0,35540.64,170000,17000.0,0.23229176470588234,2025,12,December,Q4,Profitable
ORD00898,2024-06-20,C006,Meera Joshi,Bengaluru,South,Notebook Pack,Stationery,1,450,0.05,427.5,165.19,450,22.5,0.3864093567251462,2024,6,June,Q2,Profitable
ORD00899,2024-05-23,C014,Kiara Roy,Patna,East,Study Desk,Furniture,4,7200,0.05,27360.0,10573.45,28800,1440.0,0.38645650584795327,2024,5,May,Q2,Profitable
ORD00900,2025-03-08,C009,Vivaan Gupta,Kolkata,East,Notebook Pack,Stationery,5,450,0.15,1912.5,236.32,2250,337.5,0.12356601307189542,2025,3,March,Q1,Profitable
ORD00901,2024-07-15,C010,Diya Das,Bhubaneswar,East,Smartphone X,Electronics,3,42000,0.0,126000.0,36123.65,126000,0.0,0.28669563492063493,2024,7,July,Q3,Profitable
ORD00902,2024-05-02,C015,Yash Kulkarni,Nagpur,West,Mechanical Keyboard,Electronics,3,4500,0.1,12150.0,3660.76,13500,1350.0,0.3012971193415638,2024,5,May,Q2,Profitable
ORD00903,2024-02-04,C006,Meera Joshi,Bengaluru,South,File Organizer,Stationery,5,380,0.2,1520.0,82.25,1900,380.0,0.05411184210526316,2024,2,February,Q1,Profitable
ORD00904,2025-06-03,C020,Sara Khan,Bhopal,Central,USB-C Cable,Accessories,4,750,0.0,3000.0,1244.51,3000,0.0,0.4148366666666667,2025,6,June,Q2,Profitable
ORD00905,2024-05-15,C016,Tara Menon,Kochi,South,Backpack,Accessories,3,2200,0.15,5610.0,1045.61,6600,990.0,0.1863832442067736,2024,5,May,Q2,Profitable
ORD00906,2024-11-28,C007,Arjun Nair,Chennai,South,USB-C Cable,Accessories,2,750,0.0,1500.0,467.62,1500,0.0,0.31174666666666667,2024,11,November,Q4,Profitable
ORD00907,2025-03-03,C001,Aarav Sharma,Mumbai,West,Notebook Pack,Stationery,3,450,0.1,1215.0,309.34,1350,135.0,0.2546008230452675,2025,3,March,Q1,Profitable
ORD00908,2025-01-03,C018,Aanya Iyer,Coimbatore,South,File Organizer,Stationery,1,380,0.0,380.0,150.23,380,0.0,0.3953421052631579,2025,1,January,Q1,Profitable
ORD00909,2025-01-02,C014,Kiara Roy,Patna,East,LED Table Lamp,Furniture,4,1800,0.05,6840.0,1239.11,7200,360.0,0.181156432748538,2025,1,January,Q1,Profitable
ORD00910,2025-03-02,C018,Aanya Iyer,Coimbatore,South,Travel Bottle,Accessories,5,900,0.0,4500.0,1632.69,4500,0.0,0.36282000000000003,2025,3,March,Q1,Profitable
ORD00911,2024-11-10,C019,Neil Bhat,Indore,West,Bookshelf,Furniture,3,5800,0.1,15660.0,4128.4,17400,1740.0,0.26362707535121327,2024,11,November,Q4,Profitable
ORD00912,2025-04-12,C001,Aarav Sharma,Mumbai,West,Bluetooth Headphones,Electronics,1,3200,0.0,3200.0,731.7,3200,0.0,0.22865625,2025,4,April,Q2,Profitable
ORD00913,2025-06-01,C016,Tara Menon,Kochi,South,Bookshelf,Furniture,5,5800,0.0,29000.0,11617.6,29000,0.0,0.40060689655172416,2025,6,June,Q2,Profitable
ORD00914,2024-04-27,C018,Aanya Iyer,Coimbatore,South,USB-C Cable,Accessories,2,750,0.1,1350.0,315.92,1500,150.0,0.23401481481481481,2024,4,April,Q2,Profitable
ORD00915,2025-01-04,C015,Yash Kulkarni,Nagpur,West,USB-C Cable,Accessories,4,750,0.0,3000.0,1091.64,3000,0.0,0.36388000000000004,2025,1,January,Q1,Profitable
ORD00916,2025-03-14,C011,Aditya Mehta,Ahmedabad,West,Mechanical Keyboard,Electronics,3,4500,0.05,12825.0,3139.3,13500,675.0,0.2447797270955166,2025,3,March,Q1,Profitable
ORD00917,2024-01-14,C013,Reyansh Shah,Surat,West,File Organizer,Stationery,1,380,0.1,342.0,65.38,380,38.0,0.19116959064327485,2024,1,January,Q1,Profitable
ORD00918,2025-12-26,C019,Neil Bhat,Indore,West,Wireless Mouse,Electronics,4,1200,0.1,4320.0,1132.79,4800,480.0,0.2622199074074074,2025,12,December,Q4,Profitable
ORD00919,2025-11-29,C001,Aarav Sharma,Mumbai,West,Mechanical Keyboard,Electronics,4,4500,0.15,15300.0,1740.88,18000,2700.0,0.11378300653594772,2025,11,November,Q4,Profitable
ORD00920,2024-06-25,C005,Kabir Verma,Jaipur,North,Notebook Pack,Stationery,3,450,0.0,1350.0,454.73,1350,0.0,0.33683703703703705,2024,6,June,Q2,Profitable
ORD00921,2025-08-14,C006,Meera Joshi,Bengaluru,South,Backpack,Accessories,4,2200,0.2,7040.0,1698.02,8800,1760.0,0.24119602272727272,2025,8,August,Q3,Profitable
ORD00922,2025-02-22,C013,Reyansh Shah,Surat,West,Travel Bottle,Accessories,4,900,0.1,3240.0,740.31,3600,360.0,0.22849074074074072,2025,2,February,Q1,Profitable
ORD00923,2024-03-25,C009,Vivaan Gupta,Kolkata,East,Laptop Pro 14,Electronics,3,85000,0.1,229500.0,56926.07,255000,25500.0,0.2480438779956427,2024,3,March,Q1,Profitable
ORD00924,2024-12-17,C013,Reyansh Shah,Surat,West,Premium Pen Set,Stationery,2,650,0.1,1170.0,374.02,1300,130.0,0.3196752136752137,2024,12,December,Q4,Profitable
ORD00925,2024-11-08,C007,Arjun Nair,Chennai,South,Study Desk,Furniture,3,7200,0.1,19440.0,6004.34,21600,2160.0,0.30886522633744856,2024,11,November,Q4,Profitable
ORD00926,2024-10-29,C008,Sanya Rao,Hyderabad,South,Mechanical Keyboard,Electronics,2,4500,0.05,8550.0,3252.03,9000,450.0,0.3803543859649123,2024,10,October,Q4,Profitable
ORD00927,2024-12-12,C006,Meera Joshi,Bengaluru,South,Premium Pen Set,Stationery,1,650,0.1,585.0,154.39,650,65.0,0.2639145299145299,2024,12,December,Q4,Profitable
ORD00928,2025-06-16,C008,Sanya Rao,Hyderabad,South,Backpack,Accessories,5,2200,0.05,10450.0,3371.93,11000,550.0,0.3226727272727273,2025,6,June,Q2,Profitable
ORD00929,2025-09-20,C017,Dev Malhotra,Chandigarh,North,File Organizer,Stationery,1,380,0.0,380.0,135.35,380,0.0,0.35618421052631577,2025,9,September,Q3,Profitable
ORD00930,2024-10-23,C006,Meera Joshi,Bengaluru,South,Premium Pen Set,Stationery,1,650,0.0,650.0,261.13,650,0.0,0.40173846153846154,2024,10,October,Q4,Profitable
ORD00931,2024-03-15,C014,Kiara Roy,Patna,East,Wireless Mouse,Electronics,3,1200,0.0,3600.0,1172.41,3600,0.0,0.32566944444444446,2024,3,March,Q1,Profitable
ORD00932,2025-10-25,C019,Neil Bhat,Indore,West,Wireless Mouse,Electronics,1,1200,0.05,1140.0,413.91,1200,60.0,0.36307894736842106,2025,10,October,Q4,Profitable
ORD00933,2024-02-04,C001,Aarav Sharma,Mumbai,West,Bluetooth Headphones,Electronics,1,3200,0.0,3200.0,792.53,3200,0.0,0.247665625,2024,2,February,Q1,Profitable
ORD00934,2025-05-05,C002,Isha Patel,Pune,West,LED Table Lamp,Furniture,2,1800,0.1,3240.0,569.96,3600,360.0,0.1759135802469136,2025,5,May,Q2,Profitable
ORD00935,2024-01-25,C016,Tara Menon,Kochi,South,Office Chair,Furniture,3,9500,0.05,27075.0,8678.7,28500,1425.0,0.32054293628808866,2024,1,January,Q1,Profitable
ORD00936,2025-04-25,C002,Isha Patel,Pune,West,File Organizer,Stationery,2,380,0.05,722.0,196.82,760,38.0,0.27260387811634346,2025,4,April,Q2,Profitable
ORD00937,2025-10-07,C006,Meera Joshi,Bengaluru,South,LED Table Lamp,Furniture,3,1800,0.0,5400.0,2082.42,5400,0.0,0.38563333333333333,2025,10,October,Q4,Profitable
ORD00938,2025-06-25,C020,Sara Khan,Bhopal,Central,Wireless Mouse,Electronics,4,1200,0.0,4800.0,1670.04,4800,0.0,0.347925,2025,6,June,Q2,Profitable
ORD00939,2025-04-23,C015,Yash Kulkarni,Nagpur,West,Bluetooth Headphones,Electronics,1,3200,0.05,3040.0,996.14,3200,160.0,0.32767763157894736,2025,4,April,Q2,Profitable
ORD00940,2024-07-27,C016,Tara Menon,Kochi,South,USB-C Cable,Accessories,3,750,0.1,2025.0,401.84,2250,225.0,0.19843950617283948,2024,7,July,Q3,Profitable
ORD00941,2024-09-17,C020,Sara Khan,Bhopal,Central,USB-C Cable,Accessories,2,750,0.15,1275.0,160.18,1500,225.0,0.12563137254901963,2024,9,September,Q3,Profitable
ORD00942,2025-09-12,C010,Diya Das,Bhubaneswar,East,Backpack,Accessories,1,2200,0.15,1870.0,572.34,2200,330.0,0.30606417112299467,2025,9,September,Q3,Profitable
ORD00943,2024-12-31,C009,Vivaan Gupta,Kolkata,East,Travel Bottle,Accessories,5,900,0.0,4500.0,1077.1,4500,0.0,0.23935555555555554,2024,12,December,Q4,Profitable
ORD00944,2024-10-24,C013,Reyansh Shah,Surat,West,Bluetooth Headphones,Electronics,5,3200,0.1,14400.0,4354.99,16000,1600.0,0.3024298611111111,2024,10,October,Q4,Profitable
ORD00945,2024-03-13,C020,Sara Khan,Bhopal,Central,Study Desk,Furniture,2,7200,0.1,12960.0,1924.71,14400,1440.0,0.1485115740740741,2024,3,March,Q1,Profitable
ORD00946,2025-09-06,C008,Sanya Rao,Hyderabad,South,Study Desk,Furniture,5,7200,0.15,30600.0,7535.62,36000,5400.0,0.24626209150326797,2025,9,September,Q3,Profitable
ORD00947,2024-06-27,C005,Kabir Verma,Jaipur,North,Study Desk,Furniture,1,7200,0.0,7200.0,2550.88,7200,0.0,0.35428888888888893,2024,6,June,Q2,Profitable
ORD00948,2024-07-01,C017,Dev Malhotra,Chandigarh,North,Backpack,Accessories,2,2200,0.2,3520.0,591.2,4400,880.0,0.16795454545454547,2024,7,July,Q3,Profitable
ORD00949,2024-04-15,C006,Meera Joshi,Bengaluru,South,Mechanical Keyboard,Electronics,2,4500,0.0,9000.0,3408.15,9000,0.0,0.3786833333333333,2024,4,April,Q2,Profitable
ORD00950,2024-07-10,C005,Kabir Verma,Jaipur,North,Mechanical Keyboard,Electronics,3,4500,0.0,13500.0,4256.8,13500,0.0,0.31531851851851855,2024,7,July,Q3,Profitable
ORD00951,2024-11-13,C016,Tara Menon,Kochi,South,Bookshelf,Furniture,1,5800,0.05,5510.0,1274.52,5800,290.0,0.2313103448275862,2024,11,November,Q4,Profitable
ORD00952,2025-06-30,C014,Kiara Roy,Patna,East,Laptop Pro 14,Electronics,3,85000,0.2,204000.0,36889.5,255000,51000.0,0.18083088235294117,2025,6,June,Q2,Profitable
ORD00953,2025-04-11,C017,Dev Malhotra,Chandigarh,North,LED Table Lamp,Furniture,3,1800,0.0,5400.0,1925.7,5400,0.0,0.3566111111111111,2025,4,April,Q2,Profitable
ORD00954,2025-05-14,C019,Neil Bhat,Indore,West,Notebook Pack,Stationery,1,450,0.05,427.5,89.22,450,22.5,0.20870175438596492,2025,5,May,Q2,Profitable
ORD00955,2024-06-03,C010,Diya Das,Bhubaneswar,East,Wireless Mouse,Electronics,4,1200,0.0,4800.0,1353.29,4800,0.0,0.28193541666666666,2024,6,June,Q2,Profitable
ORD00956,2024-08-02,C006,Meera Joshi,Bengaluru,South,Backpack,Accessories,1,2200,0.0,2200.0,629.48,2200,0.0,0.28612727272727273,2024,8,August,Q3,Profitable
ORD00957,2024-11-26,C019,Neil Bhat,Indore,West,Travel Bottle,Accessories,2,900,0.0,1800.0,692.23,1800,0.0,0.38457222222222226,2024,11,November,Q4,Profitable
ORD00958,2024-07-07,C014,Kiara Roy,Patna,East,Mechanical Keyboard,Electronics,2,4500,0.0,9000.0,2551.23,9000,0.0,0.28347,2024,7,July,Q3,Profitable
ORD00959,2024-08-09,C008,Sanya Rao,Hyderabad,South,Mechanical Keyboard,Electronics,4,4500,0.05,17100.0,3840.42,18000,900.0,0.2245859649122807,2024,8,August,Q3,Profitable
ORD00960,2024-11-22,C009,Vivaan Gupta,Kolkata,East,Backpack,Accessories,1,2200,0.1,1980.0,667.94,2200,220.0,0.3373434343434344,2024,11,November,Q4,Profitable
ORD00961,2025-12-08,C003,Rohan Deshmukh,Nashik,West,Premium Pen Set,Stationery,3,650,0.0,1950.0,798.08,1950,0.0,0.4092717948717949,2025,12,December,Q4,Profitable
ORD00962,2024-10-09,C001,Aarav Sharma,Mumbai,West,Premium Pen Set,Stationery,4,650,0.0,2600.0,665.31,2600,0.0,0.2558884615384615,2024,10,October,Q4,Profitable
ORD00963,2024-10-24,C001,Aarav Sharma,Mumbai,West,Wireless Mouse,Electronics,4,1200,0.1,4320.0,1240.44,4800,480.0,0.2871388888888889,2024,10,October,Q4,Profitable
ORD00964,2024-07-27,C003,Rohan Deshmukh,Nashik,West,Smartphone X,Electronics,3,42000,0.1,113400.0,37663.89,126000,12600.0,0.33213306878306875,2024,7,July,Q3,Profitable
ORD00965,2024-04-25,C014,Kiara Roy,Patna,East,USB-C Cable,Accessories,5,750,0.15,3187.5,906.0,3750,562.5,0.2842352941176471,2024,4,April,Q2,Profitable
ORD00966,2024-01-24,C020,Sara Khan,Bhopal,Central,Study Desk,Furniture,2,7200,0.05,13680.0,2775.22,14400,720.0,0.20286695906432747,2024,1,January,Q1,Profitable
ORD00967,2024-11-30,C015,Yash Kulkarni,Nagpur,West,Office Chair,Furniture,3,9500,0.1,25650.0,5521.16,28500,2850.0,0.21524990253411305,2024,11,November,Q4,Profitable
ORD00968,2025-08-13,C003,Rohan Deshmukh,Nashik,West,Travel Bottle,Accessories,5,900,0.05,4275.0,967.05,4500,225.0,0.22621052631578947,2025,8,August,Q3,Profitable
ORD00969,2024-12-17,C020,Sara Khan,Bhopal,Central,Laptop Pro 14,Electronics,5,85000,0.2,340000.0,62123.42,425000,85000.0,0.18271594117647058,2024,12,December,Q4,Profitable
ORD00970,2024-08-23,C014,Kiara Roy,Patna,East,LED Table Lamp,Furniture,5,1800,0.1,8100.0,2086.8,9000,900.0,0.25762962962962965,2024,8,August,Q3,Profitable
ORD00971,2025-04-21,C006,Meera Joshi,Bengaluru,South,Travel Bottle,Accessories,3,900,0.0,2700.0,1094.38,2700,0.0,0.405325925925926,2025,4,April,Q2,Profitable
ORD00972,2025-08-23,C020,Sara Khan,Bhopal,Central,Smartphone X,Electronics,5,42000,0.1,189000.0,58980.07,210000,21000.0,0.3120638624338624,2025,8,August,Q3,Profitable
ORD00973,2024-11-01,C017,Dev Malhotra,Chandigarh,North,Premium Pen Set,Stationery,1,650,0.05,617.5,234.51,650,32.5,0.3797732793522267,2024,11,November,Q4,Profitable
ORD00974,2024-05-11,C007,Arjun Nair,Chennai,South,Wireless Mouse,Electronics,1,1200,0.2,960.0,159.54,1200,240.0,0.1661875,2024,5,May,Q2,Profitable
ORD00975,2025-10-21,C016,Tara Menon,Kochi,South,Mechanical Keyboard,Electronics,1,4500,0.1,4050.0,1009.17,4500,450.0,0.24917777777777778,2025,10,October,Q4,Profitable
ORD00976,2025-03-01,C002,Isha Patel,Pune,West,LED Table Lamp,Furniture,3,1800,0.15,4590.0,546.61,5400,810.0,0.11908714596949892,2025,3,March,Q1,Profitable
ORD00977,2024-10-04,C002,Isha Patel,Pune,West,Study Desk,Furniture,5,7200,0.0,36000.0,14633.25,36000,0.0,0.40647916666666667,2024,10,October,Q4,Profitable
ORD00978,2025-06-13,C007,Arjun Nair,Chennai,South,Laptop Pro 14,Electronics,1,85000,0.1,76500.0,21969.05,85000,8500.0,0.2871771241830065,2025,6,June,Q2,Profitable
ORD00979,2024-05-04,C018,Aanya Iyer,Coimbatore,South,Premium Pen Set,Stationery,3,650,0.1,1755.0,346.71,1950,195.0,0.19755555555555554,2024,5,May,Q2,Profitable
ORD00980,2024-04-15,C009,Vivaan Gupta,Kolkata,East,Study Desk,Furniture,4,7200,0.15,24480.0,7153.75,28800,4320.0,0.2922283496732026,2024,4,April,Q2,Profitable
ORD00981,2025-08-21,C018,Aanya Iyer,Coimbatore,South,Notebook Pack,Stationery,1,450,0.05,427.5,94.28,450,22.5,0.22053801169590642,2025,8,August,Q3,Profitable
ORD00982,2024-04-22,C005,Kabir Verma,Jaipur,North,Premium Pen Set,Stationery,5,650,0.1,2925.0,480.06,3250,325.0,0.16412307692307693,2024,4,April,Q2,Profitable
ORD00983,2024-06-30,C019,Neil Bhat,Indore,West,Travel Bottle,Accessories,2,900,0.1,1620.0,562.43,1800,180.0,0.347179012345679,2024,6,June,Q2,Profitable
ORD00984,2024-03-11,C018,Aanya Iyer,Coimbatore,South,Notebook Pack,Stationery,2,450,0.1,810.0,109.42,900,90.0,0.1350864197530864,2024,3,March,Q1,Profitable
ORD00985,2024-02-21,C018,Aanya Iyer,Coimbatore,South,Premium Pen Set,Stationery,5,650,0.1,2925.0,815.37,3250,325.0,0.27875897435897434,2024,2,February,Q1,Profitable
ORD00986,2025-03-06,C012,Myra Kapoor,Lucknow,North,Notebook Pack,Stationery,3,450,0.0,1350.0,562.07,1350,0.0,0.4163481481481482,2025,3,March,Q1,Profitable
ORD00987,2025-06-15,C006,Meera Joshi,Bengaluru,South,Bookshelf,Furniture,1,5800,0.2,4640.0,1117.06,5800,1160.0,0.2407456896551724,2025,6,June,Q2,Profitable
ORD00988,2025-01-18,C015,Yash Kulkarni,Nagpur,West,Study Desk,Furniture,3,7200,0.05,20520.0,7726.64,21600,1080.0,0.376541910331384,2025,1,January,Q1,Profitable
ORD00989,2025-09-02,C011,Aditya Mehta,Ahmedabad,West,Bluetooth Headphones,Electronics,5,3200,0.1,14400.0,3401.47,16000,1600.0,0.23621319444444444,2025,9,September,Q3,Profitable
ORD00990,2025-06-26,C016,Tara Menon,Kochi,South,Wireless Mouse,Electronics,2,1200,0.05,2280.0,734.21,2400,120.0,0.3220219298245614,2025,6,June,Q2,Profitable
ORD00991,2024-07-25,C014,Kiara Roy,Patna,East,Bookshelf,Furniture,3,5800,0.1,15660.0,5137.02,17400,1740.0,0.32803448275862074,2024,7,July,Q3,Profitable
ORD00992,2025-04-26,C003,Rohan Deshmukh,Nashik,West,Wireless Mouse,Electronics,5,1200,0.0,6000.0,1482.42,6000,0.0,0.24707,2025,4,April,Q2,Profitable
ORD00993,2025-12-10,C005,Kabir Verma,Jaipur,North,Laptop Pro 14,Electronics,3,85000,0.05,242250.0,56718.1,255000,12750.0,0.23413044375644995,2025,12,December,Q4,Profitable
ORD00994,2025-06-11,C012,Myra Kapoor,Lucknow,North,Premium Pen Set,Stationery,5,650,0.05,3087.5,1064.51,3250,162.5,0.34478056680161945,2025,6,June,Q2,Profitable
ORD00995,2024-03-05,C004,Ananya Singh,Delhi,North,Notebook Pack,Stationery,3,450,0.0,1350.0,350.2,1350,0.0,0.2594074074074074,2024,3,March,Q1,Profitable
ORD00996,2025-01-25,C012,Myra Kapoor,Lucknow,North,Smartphone X,Electronics,4,42000,0.05,159600.0,49490.99,168000,8400.0,0.3100939223057644,2025,1,January,Q1,Profitable
ORD00997,2025-03-27,C014,Kiara Roy,Patna,East,Travel Bottle,Accessories,3,900,0.1,2430.0,759.09,2700,270.0,0.3123827160493827,2025,3,March,Q1,Profitable
ORD00998,2024-03-21,C005,Kabir Verma,Jaipur,North,File Organizer,Stationery,1,380,0.1,342.0,109.76,380,38.0,0.3209356725146199,2024,3,March,Q1,Profitable
ORD00999,2025-05-15,C006,Meera Joshi,Bengaluru,South,Mechanical Keyboard,Electronics,2,4500,0.0,9000.0,3445.27,9000,0.0,0.3828077777777778,2025,5,May,Q2,Profitable
ORD01000,2025-06-18,C013,Reyansh Shah,Surat,West,Study Desk,Furniture,4,7200,0.2,23040.0,2104.08,28800,5760.0,0.09132291666666667,2025,6,June,Q2,Profitable
ORD01001,2025-07-01,C013,Reyansh Shah,Surat,West,Study Desk,Furniture,3,7200,0.15,18360.0,5222.02,21600,3240.0,0.28442374727668845,2025,7,July,Q3,Profitable
ORD01002,2025-07-20,C001,Aarav Sharma,Mumbai,West,Study Desk,Furniture,5,7200,0.05,34200.0,8800.78,36000,1800.0,0.2573327485380117,2025,7,July,Q3,Profitable
ORD01003,2025-02-16,C002,Isha Patel,Pune,West,Laptop Pro 14,Electronics,1,85000,0.1,76500.0,14522.8,85000,8500.0,0.18984052287581699,2025,2,February,Q1,Profitable
ORD01004,2024-11-09,C018,Aanya Iyer,Coimbatore,South,Premium Pen Set,Stationery,1,650,0.05,617.5,199.72,650,32.5,0.3234331983805668,2024,11,November,Q4,Profitable
ORD01005,2025-06-01,C007,Arjun Nair,Chennai,South,Notebook Pack,Stationery,2,450,0.1,810.0,141.41,900,90.0,0.17458024691358023,2025,6,June,Q2,Profitable
ORD01006,2024-05-05,C017,Dev Malhotra,Chandigarh,North,Laptop Pro 14,Electronics,2,85000,0.2,136000.0,15035.98,170000,34000.0,0.11055867647058823,2024,5,May,Q2,Profitable
ORD01007,2025-12-16,C016,Tara Menon,Kochi,South,LED Table Lamp,Furniture,3,1800,0.1,4860.0,1519.39,5400,540.0,0.3126316872427984,2025,12,December,Q4,Profitable
ORD01008,2024-07-05,C018,Aanya Iyer,Coimbatore,South,Notebook Pack,Stationery,2,450,0.05,855.0,239.89,900,45.0,0.28057309941520464,2024,7,July,Q3,Profitable
ORD01009,2024-01-13,C015,Yash Kulkarni,Nagpur,West,LED Table Lamp,Furniture,4,1800,0.0,7200.0,2030.33,7200,0.0,0.28199027777777774,2024,1,January,Q1,Profitable
ORD01010,2025-12-15,C010,Diya Das,Bhubaneswar,East,LED Table Lamp,Furniture,5,1800,0.05,8550.0,3173.27,9000,450.0,0.37114269005847955,2025,12,December,Q4,Profitable
ORD01011,2024-02-10,C013,Reyansh Shah,Surat,West,Bookshelf,Furniture,1,5800,0.0,5800.0,1379.44,5800,0.0,0.2378344827586207,2024,2,February,Q1,Profitable
ORD01012,2024-05-09,C009,Vivaan Gupta,Kolkata,East,Bluetooth Headphones,Electronics,1,3200,0.0,3200.0,978.94,3200,0.0,0.30591875,2024,5,May,Q2,Profitable
ORD01013,2024-04-03,C008,Sanya Rao,Hyderabad,South,Notebook Pack,Stationery,3,450,0.0,1350.0,447.18,1350,0.0,0.33124444444444445,2024,4,April,Q2,Profitable
ORD01014,2024-05-31,C010,Diya Das,Bhubaneswar,East,Backpack,Accessories,1,2200,0.0,2200.0,850.86,2200,0.0,0.38675454545454546,2024,5,May,Q2,Profitable
ORD01015,2024-04-10,C013,Reyansh Shah,Surat,West,Wireless Mouse,Electronics,1,1200,0.05,1140.0,261.64,1200,60.0,0.22950877192982455,2024,4,April,Q2,Profitable
ORD01016,2024-05-11,C018,Aanya Iyer,Coimbatore,South,Premium Pen Set,Stationery,4,650,0.1,2340.0,530.94,2600,260.0,0.2268974358974359,2024,5,May,Q2,Profitable
ORD01017,2025-09-11,C009,Vivaan Gupta,Kolkata,East,Backpack,Accessories,3,2200,0.05,6270.0,2142.39,6600,330.0,0.341688995215311,2025,9,September,Q3,Profitable
ORD01018,2025-06-14,C020,Sara Khan,Bhopal,Central,Notebook Pack,Stationery,1,450,0.1,405.0,120.44,450,45.0,0.2973827160493827,2025,6,June,Q2,Profitable
ORD01019,2025-03-08,C018,Aanya Iyer,Coimbatore,South,Smartphone X,Electronics,3,42000,0.05,119700.0,23699.38,126000,6300.0,0.19798980785296574,2025,3,March,Q1,Profitable
ORD01020,2024-09-29,C012,Myra Kapoor,Lucknow,North,Laptop Pro 14,Electronics,4,85000,0.15,289000.0,68554.27,340000,51000.0,0.23721200692041525,2024,9,September,Q3,Profitable
ORD01021,2024-02-18,C003,Rohan Deshmukh,Nashik,West,Bookshelf,Furniture,4,5800,0.1,20880.0,4633.58,23200,2320.0,0.2219147509578544,2024,2,February,Q1,Profitable
ORD01022,2024-02-15,C014,Kiara Roy,Patna,East,Bluetooth Headphones,Electronics,5,3200,0.1,14400.0,3692.94,16000,1600.0,0.25645416666666665,2024,2,February,Q1,Profitable
ORD01023,2025-06-20,C010,Diya Das,Bhubaneswar,East,Office Chair,Furniture,2,9500,0.1,17100.0,4316.02,19000,1900.0,0.25239883040935673,2025,6,June,Q2,Profitable
ORD01024,2024-05-13,C016,Tara Menon,Kochi,South,Bluetooth Headphones,Electronics,1,3200,0.0,3200.0,1271.78,3200,0.0,0.39743125,2024,5,May,Q2,Profitable
ORD01025,2024-11-29,C007,Arjun Nair,Chennai,South,Laptop Pro 14,Electronics,2,85000,0.0,170000.0,58463.62,170000,0.0,0.34390364705882354,2024,11,November,Q4,Profitable
ORD01026,2025-03-11,C004,Ananya Singh,Delhi,North,Backpack,Accessories,2,2200,0.2,3520.0,592.15,4400,880.0,0.1682244318181818,2025,3,March,Q1,Profitable
ORD01027,2024-10-12,C017,Dev Malhotra,Chandigarh,North,File Organizer,Stationery,2,380,0.1,684.0,135.69,760,76.0,0.19837719298245612,2024,10,October,Q4,Profitable
ORD01028,2025-12-28,C002,Isha Patel,Pune,West,File Organizer,Stationery,2,380,0.1,684.0,178.03,760,76.0,0.2602777777777778,2025,12,December,Q4,Profitable
ORD01029,2025-07-31,C010,Diya Das,Bhubaneswar,East,LED Table Lamp,Furniture,5,1800,0.1,8100.0,1369.62,9000,900.0,0.16908888888888887,2025,7,July,Q3,Profitable
ORD01030,2025-01-14,C002,Isha Patel,Pune,West,Bluetooth Headphones,Electronics,4,3200,0.1,11520.0,2559.36,12800,1280.0,0.22216666666666668,2025,1,January,Q1,Profitable
ORD01031,2024-09-24,C008,Sanya Rao,Hyderabad,South,Wireless Mouse,Electronics,4,1200,0.05,4560.0,1478.96,4800,240.0,0.32433333333333336,2024,9,September,Q3,Profitable
ORD01032,2025-07-09,C014,Kiara Roy,Patna,East,Office Chair,Furniture,5,9500,0.15,40375.0,11690.88,47500,7125.0,0.28955739938080494,2025,7,July,Q3,Profitable
ORD01033,2025-06-07,C020,Sara Khan,Bhopal,Central,Premium Pen Set,Stationery,5,650,0.05,3087.5,894.77,3250,162.5,0.28980404858299597,2025,6,June,Q2,Profitable
ORD01034,2025-07-13,C019,Neil Bhat,Indore,West,Office Chair,Furniture,4,9500,0.15,32300.0,9590.18,38000,5700.0,0.2969095975232198,2025,7,July,Q3,Profitable
ORD01035,2025-10-08,C005,Kabir Verma,Jaipur,North,Premium Pen Set,Stationery,3,650,0.0,1950.0,543.42,1950,0.0,0.27867692307692304,2025,10,October,Q4,Profitable
ORD01036,2024-10-19,C009,Vivaan Gupta,Kolkata,East,USB-C Cable,Accessories,3,750,0.0,2250.0,849.71,2250,0.0,0.3776488888888889,2024,10,October,Q4,Profitable
ORD01037,2025-02-08,C008,Sanya Rao,Hyderabad,South,Smartphone X,Electronics,1,42000,0.1,37800.0,6233.35,42000,4200.0,0.16490343915343916,2025,2,February,Q1,Profitable
ORD01038,2025-04-16,C003,Rohan Deshmukh,Nashik,West,Study Desk,Furniture,2,7200,0.15,12240.0,2368.55,14400,2160.0,0.1935089869281046,2025,4,April,Q2,Profitable
ORD01039,2024-08-25,C002,Isha Patel,Pune,West,LED Table Lamp,Furniture,2,1800,0.1,3240.0,1064.66,3600,360.0,0.3285987654320988,2024,8,August,Q3,Profitable
ORD01040,2025-05-30,C010,Diya Das,Bhubaneswar,East,Backpack,Accessories,2,2200,0.05,4180.0,1084.87,4400,220.0,0.2595382775119617,2025,5,May,Q2,Profitable
ORD01041,2024-05-11,C018,Aanya Iyer,Coimbatore,South,Smartphone X,Electronics,3,42000,0.15,107100.0,14812.26,126000,18900.0,0.138303081232493,2024,5,May,Q2,Profitable
ORD01042,2025-01-26,C019,Neil Bhat,Indore,West,Premium Pen Set,Stationery,1,650,0.1,585.0,144.33,650,65.0,0.24671794871794875,2025,1,January,Q1,Profitable
ORD01043,2025-06-03,C011,Aditya Mehta,Ahmedabad,West,File Organizer,Stationery,5,380,0.1,1710.0,299.0,1900,190.0,0.17485380116959065,2025,6,June,Q2,Profitable
ORD01044,2024-04-21,C008,Sanya Rao,Hyderabad,South,Bluetooth Headphones,Electronics,5,3200,0.05,15200.0,4298.61,16000,800.0,0.2828032894736842,2024,4,April,Q2,Profitable
ORD01045,2025-03-13,C018,Aanya Iyer,Coimbatore,South,Smartphone X,Electronics,5,42000,0.0,210000.0,85271.78,210000,0.0,0.4060560952380952,2025,3,March,Q1,Profitable
ORD01046,2024-01-20,C007,Arjun Nair,Chennai,South,LED Table Lamp,Furniture,1,1800,0.1,1620.0,274.89,1800,180.0,0.1696851851851852,2024,1,January,Q1,Profitable
ORD01047,2025-12-01,C012,Myra Kapoor,Lucknow,North,Office Chair,Furniture,4,9500,0.15,32300.0,9948.9,38000,5700.0,0.30801547987616096,2025,12,December,Q4,Profitable
ORD01048,2025-01-24,C017,Dev Malhotra,Chandigarh,North,Mechanical Keyboard,Electronics,2,4500,0.0,9000.0,3195.7,9000,0.0,0.35507777777777777,2025,1,January,Q1,Profitable
ORD01049,2024-04-29,C008,Sanya Rao,Hyderabad,South,Smartphone X,Electronics,5,42000,0.05,199500.0,58481.84,210000,10500.0,0.2931420551378446,2024,4,April,Q2,Profitable
ORD01050,2025-03-18,C018,Aanya Iyer,Coimbatore,South,Bookshelf,Furniture,4,5800,0.0,23200.0,5858.13,23200,0.0,0.2525056034482759,2025,3,March,Q1,Profitable
ORD01051,2024-10-24,C010,Diya Das,Bhubaneswar,East,Travel Bottle,Accessories,1,900,0.1,810.0,276.85,900,90.0,0.34179012345679016,2024,10,October,Q4,Profitable
ORD01052,2024-01-25,C011,Aditya Mehta,Ahmedabad,West,Study Desk,Furniture,2,7200,0.05,13680.0,4104.13,14400,720.0,0.3000095029239766,2024,1,January,Q1,Profitable
ORD01053,2024-12-08,C007,Arjun Nair,Chennai,South,Bookshelf,Furniture,1,5800,0.15,4930.0,1261.61,5800,870.0,0.2559046653144016,2024,12,December,Q4,Profitable
ORD01054,2024-08-16,C002,Isha Patel,Pune,West,Bluetooth Headphones,Electronics,3,3200,0.15,8160.0,1927.3,9600,1440.0,0.23618872549019607,2024,8,August,Q3,Profitable
ORD01055,2025-02-05,C014,Kiara Roy,Patna,East,Travel Bottle,Accessories,5,900,0.15,3825.0,1006.78,4500,675.0,0.26321045751633987,2025,2,February,Q1,Profitable
ORD01056,2024-12-08,C020,Sara Khan,Bhopal,Central,Laptop Pro 14,Electronics,3,85000,0.15,216750.0,40053.37,255000,38250.0,0.18479063437139562,2024,12,December,Q4,Profitable
ORD01057,2024-06-09,C015,Yash Kulkarni,Nagpur,West,Backpack,Accessories,1,2200,0.05,2090.0,536.46,2200,110.0,0.2566794258373206,2024,6,June,Q2,Profitable
ORD01058,2024-10-01,C016,Tara Menon,Kochi,South,Laptop Pro 14,Electronics,4,85000,0.15,289000.0,87976.75,340000,51000.0,0.30441782006920415,2024,10,October,Q4,Profitable
ORD01059,2025-06-13,C016,Tara Menon,Kochi,South,Smartphone X,Electronics,2,42000,0.1,75600.0,22684.3,84000,8400.0,0.30005687830687827,2025,6,June,Q2,Profitable
ORD01060,2024-09-15,C008,Sanya Rao,Hyderabad,South,Premium Pen Set,Stationery,2,650,0.1,1170.0,390.11,1300,130.0,0.33342735042735044,2024,9,September,Q3,Profitable
ORD01061,2024-04-17,C018,Aanya Iyer,Coimbatore,South,Backpack,Accessories,5,2200,0.1,9900.0,3344.63,11000,1100.0,0.33784141414141416,2024,4,April,Q2,Profitable
ORD01062,2024-10-08,C012,Myra Kapoor,Lucknow,North,Study Desk,Furniture,4,7200,0.15,24480.0,6850.98,28800,4320.0,0.27986029411764707,2024,10,October,Q4,Profitable
ORD01063,2025-01-31,C005,Kabir Verma,Jaipur,North,Premium Pen Set,Stationery,2,650,0.1,1170.0,345.4,1300,130.0,0.2952136752136752,2025,1,January,Q1,Profitable
ORD01064,2024-12-31,C018,Aanya Iyer,Coimbatore,South,USB-C Cable,Accessories,2,750,0.05,1425.0,354.07,1500,75.0,0.24847017543859648,2024,12,December,Q4,Profitable
ORD01065,2025-02-19,C003,Rohan Deshmukh,Nashik,West,USB-C Cable,Accessories,4,750,0.1,2700.0,675.51,3000,300.0,0.2501888888888889,2025,2,February,Q1,Profitable
ORD01066,2024-01-11,C012,Myra Kapoor,Lucknow,North,Notebook Pack,Stationery,5,450,0.0,2250.0,798.22,2250,0.0,0.35476444444444444,2024,1,January,Q1,Profitable
ORD01067,2025-05-10,C013,Reyansh Shah,Surat,West,Backpack,Accessories,1,2200,0.2,1760.0,392.0,2200,440.0,0.22272727272727272,2025,5,May,Q2,Profitable
ORD01068,2025-10-24,C016,Tara Menon,Kochi,South,Travel Bottle,Accessories,5,900,0.2,3600.0,235.25,4500,900.0,0.06534722222222222,2025,10,October,Q4,Profitable
ORD01069,2025-11-01,C010,Diya Das,Bhubaneswar,East,LED Table Lamp,Furniture,4,1800,0.05,6840.0,1488.02,7200,360.0,0.217546783625731,2025,11,November,Q4,Profitable
ORD01070,2024-12-18,C009,Vivaan Gupta,Kolkata,East,File Organizer,Stationery,5,380,0.15,1615.0,365.57,1900,285.0,0.22635913312693498,2024,12,December,Q4,Profitable
ORD01071,2024-11-07,C003,Rohan Deshmukh,Nashik,West,Smartphone X,Electronics,2,42000,0.15,71400.0,10056.09,84000,12600.0,0.14084159663865548,2024,11,November,Q4,Profitable
ORD01072,2025-09-09,C013,Reyansh Shah,Surat,West,Notebook Pack,Stationery,3,450,0.15,1147.5,290.1,1350,202.5,0.2528104575163399,2025,9,September,Q3,Profitable
ORD01073,2025-06-28,C007,Arjun Nair,Chennai,South,Bookshelf,Furniture,1,5800,0.1,5220.0,777.89,5800,580.0,0.14902107279693486,2025,6,June,Q2,Profitable
ORD01074,2025-08-08,C011,Aditya Mehta,Ahmedabad,West,LED Table Lamp,Furniture,5,1800,0.05,8550.0,2893.94,9000,450.0,0.33847251461988304,2025,8,August,Q3,Profitable
ORD01075,2025-06-05,C012,Myra Kapoor,Lucknow,North,Office Chair,Furniture,4,9500,0.15,32300.0,9902.86,38000,5700.0,0.306590092879257,2025,6,June,Q2,Profitable
ORD01076,2024-10-07,C012,Myra Kapoor,Lucknow,North,Wireless Mouse,Electronics,4,1200,0.1,4320.0,921.23,4800,480.0,0.2132476851851852,2024,10,October,Q4,Profitable
ORD01077,2024-11-04,C018,Aanya Iyer,Coimbatore,South,Premium Pen Set,Stationery,3,650,0.1,1755.0,369.1,1950,195.0,0.21031339031339033,2024,11,November,Q4,Profitable
ORD01078,2024-08-13,C009,Vivaan Gupta,Kolkata,East,Travel Bottle,Accessories,4,900,0.05,3420.0,1235.99,3600,180.0,0.36140058479532167,2024,8,August,Q3,Profitable
ORD01079,2025-03-09,C015,Yash Kulkarni,Nagpur,West,File Organizer,Stationery,2,380,0.15,646.0,170.18,760,114.0,0.26343653250773996,2025,3,March,Q1,Profitable
ORD01080,2025-05-27,C007,Arjun Nair,Chennai,South,Notebook Pack,Stationery,1,450,0.05,427.5,161.33,450,22.5,0.37738011695906437,2025,5,May,Q2,Profitable
ORD01081,2025-11-16,C010,Diya Das,Bhubaneswar,East,Office Chair,Furniture,2,9500,0.1,17100.0,3553.99,19000,1900.0,0.20783567251461987,2025,11,November,Q4,Profitable
ORD01082,2024-05-29,C004,Ananya Singh,Delhi,North,Laptop Pro 14,Electronics,3,85000,0.05,242250.0,68613.5,255000,12750.0,0.28323426212590297,2024,5,May,Q2,Profitable
ORD01083,2025-07-14,C008,Sanya Rao,Hyderabad,South,Study Desk,Furniture,3,7200,0.1,19440.0,3210.47,21600,2160.0,0.16514763374485597,2025,7,July,Q3,Profitable
ORD01084,2025-11-19,C016,Tara Menon,Kochi,South,LED Table Lamp,Furniture,5,1800,0.15,7650.0,1607.6,9000,1350.0,0.2101437908496732,2025,11,November,Q4,Profitable
ORD01085,2025-04-22,C012,Myra Kapoor,Lucknow,North,Travel Bottle,Accessories,4,900,0.1,3240.0,655.83,3600,360.0,0.2024166666666667,2025,4,April,Q2,Profitable
ORD01086,2024-04-23,C018,Aanya Iyer,Coimbatore,South,Study Desk,Furniture,4,7200,0.0,28800.0,8929.63,28800,0.0,0.3100565972222222,2024,4,April,Q2,Profitable
ORD01087,2025-12-08,C012,Myra Kapoor,Lucknow,North,USB-C Cable,Accessories,2,750,0.15,1275.0,237.69,1500,225.0,0.1864235294117647,2025,12,December,Q4,Profitable
ORD01088,2024-07-25,C016,Tara Menon,Unknown,South,Smartphone X,Electronics,5,42000,0.05,199500.0,57984.91,210000,10500.0,0.29065117794486217,2024,7,July,Q3,Profitable
ORD01089,2024-11-28,C019,Neil Bhat,Indore,West,Travel Bottle,Accessories,5,900,0.0,4500.0,1773.84,4500,0.0,0.39418666666666663,2024,11,November,Q4,Profitable
ORD01090,2025-04-12,C020,Sara Khan,Bhopal,Central,Mechanical Keyboard,Electronics,5,4500,0.0,22500.0,9407.05,22500,0.0,0.4180911111111111,2025,4,April,Q2,Profitable
ORD01091,2024-04-26,C004,Ananya Singh,Delhi,North,Premium Pen Set,Stationery,2,650,0.15,1105.0,349.14,1300,195.0,0.3159638009049774,2024,4,April,Q2,Profitable
ORD01092,2024-02-11,C009,Vivaan Gupta,Kolkata,East,Backpack,Accessories,5,2200,0.05,10450.0,3509.55,11000,550.0,0.3358421052631579,2024,2,February,Q1,Profitable
ORD01093,2025-03-19,C019,Neil Bhat,Indore,West,Smartphone X,Electronics,1,42000,0.1,37800.0,11072.67,42000,4200.0,0.2929277777777778,2025,3,March,Q1,Profitable
ORD01094,2024-03-25,C017,Dev Malhotra,Chandigarh,North,LED Table Lamp,Furniture,1,1800,0.1,1620.0,527.6,1800,180.0,0.32567901234567903,2024,3,March,Q1,Profitable
ORD01095,2025-04-23,C020,Sara Khan,Bhopal,Central,Backpack,Accessories,3,2200,0.0,6600.0,1737.78,6600,0.0,0.2633,2025,4,April,Q2,Profitable
ORD01096,2025-11-03,C013,Reyansh Shah,Surat,West,Travel Bottle,Accessories,1,900,0.1,810.0,145.44,900,90.0,0.17955555555555555,2025,11,November,Q4,Profitable
ORD01097,2025-01-12,C012,Myra Kapoor,Lucknow,North,Notebook Pack,Stationery,1,450,0.15,382.5,91.28,450,67.5,0.238640522875817,2025,1,January,Q1,Profitable
ORD01098,2025-06-16,C016,Tara Menon,Kochi,South,Bookshelf,Furniture,4,5800,0.05,22040.0,7290.86,23200,1160.0,0.33080127041742285,2025,6,June,Q2,Profitable
ORD01099,2024-06-04,C005,Kabir Verma,Jaipur,North,Bookshelf,Furniture,5,5800,0.1,26100.0,7641.21,29000,2900.0,0.2927666666666667,2024,6,June,Q2,Profitable
ORD01100,2025-08-27,C019,Neil Bhat,Indore,West,Laptop Pro 14,Electronics,1,85000,0.1,76500.0,13249.94,85000,8500.0,0.1732018300653595,2025,8,August,Q3,Profitable
ORD01101,2024-08-14,C009,Vivaan Gupta,Kolkata,East,Bookshelf,Furniture,3,5800,0.1,15660.0,4323.01,17400,1740.0,0.2760542784163474,2024,8,August,Q3,Profitable
ORD01102,2024-02-24,C020,Sara Khan,Bhopal,Central,Bluetooth Headphones,Electronics,4,3200,0.0,12800.0,4599.76,12800,0.0,0.35935625000000004,2024,2,February,Q1,Profitable
ORD01103,2025-01-02,C006,Meera Joshi,Unknown,South,Mechanical Keyboard,Electronics,5,4500,0.1,20250.0,3106.82,22500,2250.0,0.15342320987654323,2025,1,January,Q1,Profitable
ORD01104,2025-05-23,C002,Isha Patel,Pune,West,Mechanical Keyboard,Electronics,3,4500,0.1,12150.0,2780.51,13500,1350.0,0.2288485596707819,2025,5,May,Q2,Profitable
ORD01105,2025-07-07,C010,Diya Das,Bhubaneswar,East,Premium Pen Set,Stationery,4,650,0.1,2340.0,819.5,2600,260.0,0.3502136752136752,2025,7,July,Q3,Profitable
ORD01106,2024-09-14,C004,Ananya Singh,Delhi,North,Mechanical Keyboard,Electronics,1,4500,0.0,4500.0,1109.54,4500,0.0,0.24656444444444445,2024,9,September,Q3,Profitable
ORD01107,2024-03-21,C007,Arjun Nair,Chennai,South,Bluetooth Headphones,Electronics,5,3200,0.0,16000.0,6306.48,16000,0.0,0.394155,2024,3,March,Q1,Profitable
ORD01108,2025-10-31,C012,Myra Kapoor,Lucknow,North,Bluetooth Headphones,Electronics,5,3200,0.0,16000.0,4979.88,16000,0.0,0.31124250000000003,2025,10,October,Q4,Profitable
ORD01109,2024-01-14,C005,Kabir Verma,Jaipur,North,Wireless Mouse,Electronics,2,1200,0.2,1920.0,234.56,2400,480.0,0.12216666666666667,2024,1,January,Q1,Profitable
ORD01110,2025-06-12,C011,Aditya Mehta,Ahmedabad,West,Mechanical Keyboard,Electronics,1,4500,0.15,3825.0,1188.95,4500,675.0,0.31083660130718954,2025,6,June,Q2,Profitable
ORD01111,2024-09-21,C015,Yash Kulkarni,Nagpur,West,File Organizer,Stationery,4,380,0.1,1368.0,311.15,1520,152.0,0.2274488304093567,2024,9,September,Q3,Profitable
ORD01112,2024-07-29,C013,Reyansh Shah,Surat,West,File Organizer,Stationery,4,380,0.0,1520.0,570.19,1520,0.0,0.37512500000000004,2024,7,July,Q3,Profitable
ORD01113,2025-10-02,C010,Diya Das,Bhubaneswar,East,USB-C Cable,Accessories,3,750,0.0,2250.0,653.27,2250,0.0,0.2903422222222222,2025,10,October,Q4,Profitable
ORD01114,2024-05-25,C016,Tara Menon,Kochi,South,Travel Bottle,Accessories,3,900,0.1,2430.0,510.65,2700,270.0,0.2101440329218107,2024,5,May,Q2,Profitable
ORD01115,2024-03-22,C012,Myra Kapoor,Lucknow,North,Bookshelf,Furniture,2,5800,0.05,11020.0,4077.52,11600,580.0,0.370010889292196,2024,3,March,Q1,Profitable
ORD01116,2024-02-07,C009,Vivaan Gupta,Kolkata,East,Premium Pen Set,Stationery,1,650,0.0,650.0,147.32,650,0.0,0.22664615384615383,2024,2,February,Q1,Profitable
ORD01117,2025-06-30,C018,Aanya Iyer,Coimbatore,South,Smartphone X,Electronics,4,42000,0.1,151200.0,25621.69,168000,16800.0,0.16945562169312167,2025,6,June,Q2,Profitable
ORD01118,2025-02-12,C012,Myra Kapoor,Lucknow,North,Wireless Mouse,Electronics,3,1200,0.0,3600.0,1319.92,3600,0.0,0.36664444444444444,2025,2,February,Q1,Profitable
ORD01119,2025-02-07,C006,Meera Joshi,Bengaluru,South,Study Desk,Furniture,4,7200,0.15,24480.0,6975.54,28800,4320.0,0.2849485294117647,2025,2,February,Q1,Profitable
ORD01120,2024-05-14,C012,Myra Kapoor,Lucknow,North,Notebook Pack,Stationery,5,450,0.1,2025.0,716.94,2250,225.0,0.3540444444444445,2024,5,May,Q2,Profitable
ORD01121,2025-01-14,C012,Myra Kapoor,Lucknow,North,Study Desk,Furniture,2,7200,0.1,12960.0,3103.21,14400,1440.0,0.2394452160493827,2025,1,January,Q1,Profitable
ORD01122,2024-04-17,C017,Dev Malhotra,Chandigarh,North,Bluetooth Headphones,Electronics,1,3200,0.1,2880.0,635.31,3200,320.0,0.22059374999999998,2024,4,April,Q2,Profitable
ORD01123,2025-05-17,C007,Arjun Nair,Chennai,South,Study Desk,Furniture,2,7200,0.0,14400.0,4331.11,14400,0.0,0.30077152777777777,2025,5,May,Q2,Profitable
ORD01124,2024-11-09,C019,Neil Bhat,Indore,West,Travel Bottle,Accessories,2,900,0.15,1530.0,475.07,1800,270.0,0.3105032679738562,2024,11,November,Q4,Profitable
ORD01125,2025-11-20,C005,Kabir Verma,Jaipur,North,Wireless Mouse,Electronics,3,1200,0.15,3060.0,484.46,3600,540.0,0.15832026143790848,2025,11,November,Q4,Profitable
ORD01126,2025-07-16,C003,Rohan Deshmukh,Nashik,West,Backpack,Accessories,4,2200,0.05,8360.0,2868.64,8800,440.0,0.34313875598086124,2025,7,July,Q3,Profitable
ORD01127,2024-09-25,C002,Isha Patel,Pune,West,Bluetooth Headphones,Electronics,2,3200,0.05,6080.0,2062.4,6400,320.0,0.33921052631578946,2024,9,September,Q3,Profitable
ORD01128,2025-10-07,C019,Neil Bhat,Indore,West,Smartphone X,Electronics,2,42000,0.0,84000.0,26726.53,84000,0.0,0.3181729761904762,2025,10,October,Q4,Profitable
ORD01129,2024-10-03,C006,Meera Joshi,Bengaluru,South,Bluetooth Headphones,Electronics,3,3200,0.05,9120.0,2698.76,9600,480.0,0.2959166666666667,2024,10,October,Q4,Profitable
ORD01130,2024-06-16,C016,Tara Menon,Kochi,South,Office Chair,Furniture,3,9500,0.05,27075.0,7661.22,28500,1425.0,0.2829628808864266,2024,6,June,Q2,Profitable
ORD01131,2024-10-22,C013,Reyansh Shah,Surat,West,Bluetooth Headphones,Electronics,5,3200,0.05,15200.0,3720.85,16000,800.0,0.24479276315789472,2024,10,October,Q4,Profitable
ORD01132,2024-08-28,C003,Rohan Deshmukh,Nashik,West,Laptop Pro 14,Electronics,1,85000,0.0,68000.0,5478.8,85000,0.0,0.08057058823529412,2024,8,August,Q3,Profitable
ORD01133,2024-03-06,C020,Sara Khan,Bhopal,Central,File Organizer,Stationery,3,380,0.15,969.0,206.53,1140,171.0,0.21313725490196078,2024,3,March,Q1,Profitable
ORD01134,2024-04-16,C003,Rohan Deshmukh,Nashik,West,Mechanical Keyboard,Electronics,4,4500,0.05,17100.0,4042.73,18000,900.0,0.2364169590643275,2024,4,April,Q2,Profitable
ORD01135,2024-03-24,C007,Arjun Nair,Chennai,South,Study Desk,Furniture,5,7200,0.0,36000.0,10351.31,36000,0.0,0.2875363888888889,2024,3,March,Q1,Profitable
ORD01136,2024-09-24,C013,Reyansh Shah,Surat,West,Bookshelf,Furniture,2,5800,0.0,11600.0,3127.83,11600,0.0,0.26964051724137933,2024,9,September,Q3,Profitable
ORD01137,2024-12-01,C013,Reyansh Shah,Surat,West,Mechanical Keyboard,Electronics,3,4500,0.05,12825.0,3595.64,13500,675.0,0.2803617933723197,2024,12,December,Q4,Profitable
ORD01138,2024-04-26,C010,Diya Das,Bhubaneswar,East,Notebook Pack,Stationery,4,450,0.1,1620.0,557.58,1800,180.0,0.3441851851851852,2024,4,April,Q2,Profitable
ORD01139,2025-08-09,C013,Reyansh Shah,Surat,West,Study Desk,Furniture,5,7200,0.05,34200.0,12011.3,36000,1800.0,0.35120760233918125,2025,8,August,Q3,Profitable
ORD01140,2025-02-19,C020,Sara Khan,Bhopal,Central,LED Table Lamp,Furniture,2,1800,0.05,3420.0,997.93,3600,180.0,0.2917923976608187,2025,2,February,Q1,Profitable
ORD01141,2025-12-11,C007,Arjun Nair,Chennai,South,Laptop Pro 14,Electronics,5,85000,0.15,361250.0,54602.25,425000,63750.0,0.15114809688581315,2025,12,December,Q4,Profitable
ORD01142,2024-03-31,C014,Kiara Roy,Patna,East,Office Chair,Furniture,2,9500,0.15,16150.0,2742.05,19000,2850.0,0.16978637770897834,2024,3,March,Q1,Profitable
ORD01143,2024-11-30,C017,Dev Malhotra,Chandigarh,North,Backpack,Accessories,5,2200,0.1,9900.0,2935.77,11000,1100.0,0.2965424242424242,2024,11,November,Q4,Profitable
ORD01144,2025-09-17,C015,Yash Kulkarni,Nagpur,West,Smartphone X,Electronics,2,42000,0.1,75600.0,25511.69,84000,8400.0,0.3374562169312169,2025,9,September,Q3,Profitable
ORD01145,2025-04-22,C019,Neil Bhat,Indore,West,USB-C Cable,Accessories,2,750,0.05,1425.0,425.4,1500,75.0,0.2985263157894737,2025,4,April,Q2,Profitable
ORD01146,2024-10-26,C018,Aanya Iyer,Coimbatore,South,Study Desk,Furniture,1,7200,0.0,7200.0,2181.55,7200,0.0,0.30299305555555556,2024,10,October,Q4,Profitable
ORD01147,2025-09-01,C002,Isha Patel,Pune,West,Travel Bottle,Accessories,5,900,0.05,4275.0,1568.96,4500,225.0,0.36700818713450295,2025,9,September,Q3,Profitable
ORD01148,2025-01-09,C007,Arjun Nair,Chennai,South,Backpack,Accessories,4,2200,0.1,7920.0,2683.51,8800,880.0,0.3388270202020202,2025,1,January,Q1,Profitable
ORD01149,2024-11-09,C013,Reyansh Shah,Surat,West,Premium Pen Set,Stationery,2,650,0.05,1235.0,445.73,1300,65.0,0.36091497975708503,2024,11,November,Q4,Profitable
ORD01150,2025-07-18,C006,Meera Joshi,Bengaluru,South,Smartphone X,Electronics,4,42000,0.1,151200.0,25704.88,168000,16800.0,0.1700058201058201,2025,7,July,Q3,Profitable
ORD01151,2024-06-02,C016,Tara Menon,Kochi,South,USB-C Cable,Accessories,3,750,0.1,2025.0,596.21,2250,225.0,0.2944246913580247,2024,6,June,Q2,Profitable
ORD01152,2025-09-28,C019,Neil Bhat,Indore,West,Study Desk,Furniture,4,7200,0.05,27360.0,6110.81,28800,1440.0,0.22334831871345032,2025,9,September,Q3,Profitable
ORD01153,2024-01-29,C020,Sara Khan,Bhopal,Central,Premium Pen Set,Stationery,1,650,0.2,520.0,133.26,650,130.0,0.25626923076923075,2024,1,January,Q1,Profitable
ORD01154,2024-01-21,C007,Arjun Nair,Chennai,South,USB-C Cable,Accessories,2,750,0.0,1500.0,383.45,1500,0.0,0.2556333333333333,2024,1,January,Q1,Profitable
ORD01155,2024-12-03,C001,Aarav Sharma,Mumbai,West,USB-C Cable,Accessories,3,750,0.1,2025.0,605.21,2250,225.0,0.29886913580246915,2024,12,December,Q4,Profitable
ORD01156,2024-10-07,C011,Aditya Mehta,Ahmedabad,West,Office Chair,Furniture,4,9500,0.0,38000.0,13206.57,38000,0.0,0.34754131578947367,2024,10,October,Q4,Profitable
ORD01157,2024-07-28,C012,Myra Kapoor,Lucknow,North,Backpack,Accessories,2,2200,0.0,4400.0,1472.33,4400,0.0,0.3346204545454545,2024,7,July,Q3,Profitable
ORD01158,2024-07-06,C006,Meera Joshi,Bengaluru,South,Backpack,Accessories,2,2200,0.05,4180.0,1277.79,4400,220.0,0.3056913875598086,2024,7,July,Q3,Profitable
ORD01159,2024-03-25,C017,Dev Malhotra,Chandigarh,North,USB-C Cable,Accessories,1,750,0.2,600.0,65.73,750,150.0,0.10955000000000001,2024,3,March,Q1,Profitable
ORD01160,2024-08-05,C013,Reyansh Shah,Surat,West,Notebook Pack,Stationery,4,450,0.0,1800.0,632.5,1800,0.0,0.35138888888888886,2024,8,August,Q3,Profitable
ORD01161,2024-09-27,C016,Tara Menon,Kochi,South,Laptop Pro 14,Electronics,5,85000,0.0,425000.0,117662.45,425000,0.0,0.27685282352941176,2024,9,September,Q3,Profitable
ORD01162,2025-06-08,C016,Tara Menon,Kochi,South,Study Desk,Furniture,3,7200,0.0,21600.0,6174.3,21600,0.0,0.28584722222222225,2025,6,June,Q2,Profitable
ORD01163,2025-11-08,C006,Meera Joshi,Bengaluru,South,Travel Bottle,Accessories,1,900,0.15,765.0,199.23,900,135.0,0.2604313725490196,2025,11,November,Q4,Profitable
ORD01164,2025-09-20,C007,Arjun Nair,Chennai,South,Office Chair,Furniture,5,9500,0.05,45125.0,11580.03,47500,2375.0,0.25662116343490304,2025,9,September,Q3,Profitable
ORD01165,2025-03-23,C020,Sara Khan,Bhopal,Central,Bookshelf,Furniture,2,5800,0.1,10440.0,2246.04,11600,1160.0,0.21513793103448275,2025,3,March,Q1,Profitable
ORD01166,2025-08-27,C016,Tara Menon,Kochi,South,LED Table Lamp,Furniture,2,1800,0.1,3240.0,628.23,3600,360.0,0.19389814814814815,2025,8,August,Q3,Profitable
ORD01167,2024-03-24,C013,Reyansh Shah,Surat,West,Office Chair,Furniture,5,9500,0.0,47500.0,14365.91,47500,0.0,0.3024402105263158,2024,3,March,Q1,Profitable
ORD01168,2024-04-02,C016,Tara Menon,Kochi,South,Office Chair,Furniture,4,9500,0.0,38000.0,14418.32,38000,0.0,0.37942947368421054,2024,4,April,Q2,Profitable
ORD01169,2025-01-07,C001,Aarav Sharma,Mumbai,West,LED Table Lamp,Furniture,1,1800,0.05,1710.0,307.88,1800,90.0,0.18004678362573098,2025,1,January,Q1,Profitable
ORD01170,2025-08-24,C019,Neil Bhat,Indore,West,Laptop Pro 14,Electronics,3,85000,0.15,216750.0,32353.34,255000,38250.0,0.14926569780853519,2025,8,August,Q3,Profitable
ORD01171,2024-08-08,C005,Kabir Verma,Jaipur,North,Notebook Pack,Stationery,2,450,0.05,855.0,310.3,900,45.0,0.36292397660818715,2024,8,August,Q3,Profitable
ORD01172,2025-06-20,C009,Vivaan Gupta,Kolkata,East,Smartphone X,Electronics,3,42000,0.2,100800.0,11885.65,126000,25200.0,0.11791319444444444,2025,6,June,Q2,Profitable
ORD01173,2025-10-26,C003,Rohan Deshmukh,Nashik,West,Office Chair,Furniture,5,9500,0.05,45125.0,10194.51,47500,2375.0,0.2259171191135734,2025,10,October,Q4,Profitable
ORD01174,2025-05-20,C018,Aanya Iyer,Coimbatore,South,Study Desk,Furniture,2,7200,0.0,14400.0,3895.14,14400,0.0,0.2704958333333333,2025,5,May,Q2,Profitable
ORD01175,2024-04-12,C016,Tara Menon,Kochi,South,Bluetooth Headphones,Electronics,1,3200,0.0,3200.0,1067.53,3200,0.0,0.333603125,2024,4,April,Q2,Profitable
ORD01176,2024-04-26,C020,Sara Khan,Bhopal,Central,Backpack,Accessories,1,2200,0.0,2200.0,610.62,2200,0.0,0.27755454545454544,2024,4,April,Q2,Profitable
ORD01177,2024-11-26,C012,Myra Kapoor,Lucknow,North,Backpack,Accessories,2,2200,0.05,4180.0,1615.11,4400,220.0,0.38638995215311,2024,11,November,Q4,Profitable
ORD01178,2025-04-02,C003,Rohan Deshmukh,Nashik,West,Bookshelf,Furniture,4,5800,0.0,23200.0,8778.39,23200,0.0,0.3783788793103448,2025,4,April,Q2,Profitable
ORD01179,2025-07-24,C017,Dev Malhotra,Chandigarh,North,Mechanical Keyboard,Electronics,1,4500,0.05,4275.0,915.58,4500,225.0,0.21417076023391815,2025,7,July,Q3,Profitable
ORD01180,2025-12-30,C019,Neil Bhat,Indore,West,Bluetooth Headphones,Electronics,3,3200,0.15,8160.0,2274.39,9600,1440.0,0.27872426470588235,2025,12,December,Q4,Profitable
ORD01181,2024-03-15,C018,Aanya Iyer,Coimbatore,South,Wireless Mouse,Electronics,1,1200,0.05,1140.0,308.5,1200,60.0,0.2706140350877193,2024,3,March,Q1,Profitable
ORD01182,2024-11-10,C007,Arjun Nair,Chennai,South,Mechanical Keyboard,Electronics,4,4500,0.05,17100.0,3435.06,18000,900.0,0.20088070175438597,2024,11,November,Q4,Profitable
ORD01183,2024-06-24,C015,Yash Kulkarni,Nagpur,West,Wireless Mouse,Electronics,1,1200,0.1,1080.0,330.46,1200,120.0,0.30598148148148147,2024,6,June,Q2,Profitable
ORD01184,2024-10-02,C018,Aanya Iyer,Coimbatore,South,Smartphone X,Electronics,4,42000,0.0,168000.0,53058.24,168000,0.0,0.3158228571428571,2024,10,October,Q4,Profitable
ORD01185,2024-07-06,C003,Rohan Deshmukh,Nashik,West,Travel Bottle,Accessories,4,900,0.0,3600.0,1436.64,3600,0.0,0.3990666666666667,2024,7,July,Q3,Profitable
ORD01186,2025-08-17,C001,Aarav Sharma,Mumbai,West,Smartphone X,Electronics,3,42000,0.0,126000.0,36705.59,126000,0.0,0.2913142063492063,2025,8,August,Q3,Profitable
ORD01187,2025-01-06,C005,Kabir Verma,Jaipur,North,Smartphone X,Electronics,4,42000,0.0,168000.0,39522.63,168000,0.0,0.23525374999999998,2025,1,January,Q1,Profitable
ORD01188,2024-06-29,C018,Aanya Iyer,Coimbatore,South,Wireless Mouse,Electronics,1,1200,0.05,1140.0,388.95,1200,60.0,0.34118421052631576,2024,6,June,Q2,Profitable
ORD01189,2025-09-03,C012,Myra Kapoor,Lucknow,North,Study Desk,Furniture,5,7200,0.0,36000.0,11839.92,36000,0.0,0.32888666666666666,2025,9,September,Q3,Profitable
ORD01190,2024-12-01,C019,Neil Bhat,Indore,West,LED Table Lamp,Furniture,1,1800,0.0,1800.0,506.96,1800,0.0,0.2816444444444444,2024,12,December,Q4,Profitable
ORD01191,2024-08-25,C014,Kiara Roy,Patna,East,Premium Pen Set,Stationery,1,650,0.2,520.0,53.73,650,130.0,0.10332692307692307,2024,8,August,Q3,Profitable
ORD01192,2025-05-09,C019,Neil Bhat,Indore,West,Bluetooth Headphones,Electronics,2,3200,0.0,6400.0,1688.7,6400,0.0,0.263859375,2025,5,May,Q2,Profitable
ORD01193,2024-08-16,C018,Aanya Iyer,Coimbatore,South,Bluetooth Headphones,Electronics,4,3200,0.05,12160.0,4178.56,12800,640.0,0.34363157894736845,2024,8,August,Q3,Profitable
ORD01194,2024-01-12,C003,Rohan Deshmukh,Nashik,West,Smartphone X,Electronics,1,42000,0.0,42000.0,13866.09,42000,0.0,0.330145,2024,1,January,Q1,Profitable
ORD01195,2024-06-19,C017,Dev Malhotra,Chandigarh,North,Smartphone X,Electronics,5,42000,0.0,210000.0,61987.24,210000,0.0,0.29517733333333335,2024,6,June,Q2,Profitable
ORD01196,2024-04-09,C018,Aanya Iyer,Coimbatore,South,LED Table Lamp,Furniture,1,1800,0.0,1800.0,697.48,1800,0.0,0.3874888888888889,2024,4,April,Q2,Profitable
ORD01197,2024-05-22,C006,Meera Joshi,Bengaluru,South,Bookshelf,Furniture,2,5800,0.0,11600.0,4001.25,11600,0.0,0.3449353448275862,2024,5,May,Q2,Profitable
ORD01198,2024-03-22,C018,Aanya Iyer,Coimbatore,South,LED Table Lamp,Furniture,1,1800,0.15,1530.0,401.39,1800,270.0,0.2623464052287582,2024,3,March,Q1,Profitable
ORD01199,2024-09-26,C003,Rohan Deshmukh,Nashik,West,Mechanical Keyboard,Electronics,2,4500,0.1,8100.0,2686.59,9000,900.0,0.3316777777777778,2024,9,September,Q3,Profitable
ORD01200,2025-03-04,C010,Diya Das,Bhubaneswar,East,Wireless Mouse,Electronics,2,1200,0.05,2280.0,494.56,2400,120.0,0.2169122807017544,2025,3,March,Q1,Profitable
ORD01201,2024-11-08,C006,Meera Joshi,Bengaluru,South,Backpack,Accessories,4,2200,0.05,8360.0,2061.16,8800,440.0,0.24655023923444974,2024,11,November,Q4,Profitable
ORD01202,2024-02-21,C005,Kabir Verma,Jaipur,North,Bookshelf,Furniture,4,5800,0.1,20880.0,4499.99,23200,2320.0,0.21551676245210727,2024,2,February,Q1,Profitable
ORD01203,2025-08-03,C013,Reyansh Shah,Surat,West,LED Table Lamp,Furniture,2,1800,0.0,3600.0,1296.42,3600,0.0,0.3601166666666667,2025,8,August,Q3,Profitable
ORD01204,2025-06-25,C018,Aanya Iyer,Coimbatore,South,File Organizer,Stationery,5,380,0.15,1615.0,369.24,1900,285.0,0.22863157894736844,2025,6,June,Q2,Profitable
ORD01205,2025-01-20,C003,Rohan Deshmukh,Nashik,West,Travel Bottle,Accessories,4,900,0.05,3420.0,1212.09,3600,180.0,0.35441228070175435,2025,1,January,Q1,Profitable
ORD01206,2024-10-26,C003,Rohan Deshmukh,Nashik,West,Study Desk,Furniture,1,7200,0.0,7200.0,2817.19,7200,0.0,0.3912763888888889,2024,10,October,Q4,Profitable
ORD01207,2024-06-20,C012,Myra Kapoor,Lucknow,North,USB-C Cable,Accessories,2,750,0.0,1500.0,538.23,1500,0.0,0.35882000000000003,2024,6,June,Q2,Profitable
ORD01208,2025-08-03,C010,Diya Das,Bhubaneswar,East,File Organizer,Stationery,2,380,0.1,684.0,216.76,760,76.0,0.3169005847953216,2025,8,August,Q3,Profitable
ORD01209,2024-06-10,C005,Kabir Verma,Jaipur,North,Travel Bottle,Accessories,3,900,0.2,2160.0,337.75,2700,540.0,0.15636574074074075,2024,6,June,Q2,Profitable
ORD01210,2024-05-05,C006,Meera Joshi,Bengaluru,South,Premium Pen Set,Stationery,4,650,0.1,2340.0,370.97,2600,260.0,0.15853418803418803,2024,5,May,Q2,Profitable
ORD01211,2025-04-28,C002,Isha Patel,Pune,West,Premium Pen Set,Stationery,2,650,0.05,1235.0,443.48,1300,65.0,0.35909311740890687,2025,4,April,Q2,Profitable
ORD01212,2025-09-07,C020,Sara Khan,Bhopal,Central,Travel Bottle,Accessories,4,900,0.15,3060.0,801.74,3600,540.0,0.26200653594771245,2025,9,September,Q3,Profitable
ORD01213,2025-09-17,C011,Aditya Mehta,Ahmedabad,West,USB-C Cable,Accessories,5,750,0.05,3562.5,1007.97,3750,187.5,0.28293894736842107,2025,9,September,Q3,Profitable
ORD01214,2024-11-24,C019,Neil Bhat,Indore,West,Bluetooth Headphones,Electronics,1,3200,0.1,2880.0,804.24,3200,320.0,0.27925,2024,11,November,Q4,Profitable
ORD01215,2024-11-23,C019,Neil Bhat,Indore,West,Study Desk,Furniture,3,7200,0.0,21600.0,6537.88,21600,0.0,0.30267962962962963,2024,11,November,Q4,Profitable
ORD01216,2025-12-02,C019,Neil Bhat,Indore,West,Wireless Mouse,Electronics,2,1200,0.1,2160.0,409.72,2400,240.0,0.1896851851851852,2025,12,December,Q4,Profitable
ORD01217,2024-08-16,C019,Neil Bhat,Indore,West,Laptop Pro 14,Electronics,2,85000,0.0,170000.0,59441.52,170000,0.0,0.34965599999999997,2024,8,August,Q3,Profitable
ORD01218,2024-04-15,C005,Kabir Verma,Jaipur,North,Laptop Pro 14,Electronics,2,85000,0.1,153000.0,29276.36,170000,17000.0,0.19134875816993466,2024,4,April,Q2,Profitable
ORD01219,2025-02-15,C001,Aarav Sharma,Mumbai,West,Premium Pen Set,Stationery,1,650,0.05,617.5,213.95,650,32.5,0.34647773279352223,2025,2,February,Q1,Profitable
ORD01220,2024-05-23,C013,Reyansh Shah,Surat,West,Study Desk,Furniture,1,7200,0.05,6840.0,1964.32,7200,360.0,0.2871812865497076,2024,5,May,Q2,Profitable
ORD01221,2025-02-25,C002,Isha Patel,Pune,West,Laptop Pro 14,Electronics,2,85000,0.05,161500.0,38464.22,170000,8500.0,0.23816854489164088,2025,2,February,Q1,Profitable
ORD01222,2025-02-28,C008,Sanya Rao,Hyderabad,South,File Organizer,Stationery,2,380,0.0,760.0,286.11,760,0.0,0.37646052631578947,2025,2,February,Q1,Profitable
ORD01223,2024-07-04,C006,Meera Joshi,Bengaluru,South,Travel Bottle,Accessories,2,900,0.1,1620.0,348.64,1800,180.0,0.21520987654320986,2024,7,July,Q3,Profitable
ORD01224,2024-10-04,C019,Neil Bhat,Indore,West,Study Desk,Furniture,2,7200,0.15,12240.0,2566.93,14400,2160.0,0.20971650326797384,2024,10,October,Q4,Profitable
ORD01225,2025-01-28,C009,Vivaan Gupta,Kolkata,East,USB-C Cable,Accessories,4,750,0.05,2850.0,554.05,3000,150.0,0.1944035087719298,2025,1,January,Q1,Profitable
ORD01226,2024-02-20,C002,Isha Patel,Pune,West,Mechanical Keyboard,Electronics,3,4500,0.0,13500.0,3011.65,13500,0.0,0.2230851851851852,2024,2,February,Q1,Profitable
ORD01227,2025-03-07,C017,Dev Malhotra,Chandigarh,North,Mechanical Keyboard,Electronics,3,4500,0.05,12825.0,4167.61,13500,675.0,0.3249598440545809,2025,3,March,Q1,Profitable
ORD01228,2025-04-04,C005,Kabir Verma,Jaipur,North,Mechanical Keyboard,Electronics,3,4500,0.05,12825.0,3700.01,13500,675.0,0.28849980506822615,2025,4,April,Q2,Profitable
ORD01229,2024-05-08,C018,Aanya Iyer,Coimbatore,South,File Organizer,Stationery,5,380,0.1,1710.0,598.63,1900,190.0,0.3500760233918129,2024,5,May,Q2,Profitable
ORD01230,2025-12-20,C016,Tara Menon,Kochi,South,Bookshelf,Furniture,3,5800,0.1,15660.0,2101.94,17400,1740.0,0.1342234993614304,2025,12,December,Q4,Profitable
ORD01231,2024-06-22,C003,Rohan Deshmukh,Nashik,West,Office Chair,Furniture,4,9500,0.0,38000.0,8929.51,38000,0.0,0.2349871052631579,2024,6,June,Q2,Profitable
ORD01232,2025-12-20,C010,Diya Das,Bhubaneswar,East,Laptop Pro 14,Electronics,3,85000,0.05,242250.0,93988.32,255000,12750.0,0.3879806811145511,2025,12,December,Q4,Profitable
ORD01233,2024-06-14,C019,Neil Bhat,Indore,West,Bookshelf,Furniture,2,5800,0.2,9280.0,1043.74,11600,2320.0,0.11247198275862069,2024,6,June,Q2,Profitable
ORD01234,2024-10-30,C001,Aarav Sharma,Mumbai,West,Smartphone X,Electronics,3,42000,0.1,113400.0,17664.6,126000,12600.0,0.15577248677248676,2024,10,October,Q4,Profitable
ORD01235,2025-08-21,C001,Aarav Sharma,Mumbai,West,Smartphone X,Electronics,3,42000,0.15,107100.0,23777.14,126000,18900.0,0.22200877684407094,2025,8,August,Q3,Profitable
ORD01236,2025-07-09,C004,Ananya Singh,Delhi,North,File Organizer,Stationery,5,380,0.1,1710.0,346.11,1900,190.0,0.20240350877192984,2025,7,July,Q3,Profitable
ORD01237,2025-05-20,C020,Sara Khan,Bhopal,Central,Mechanical Keyboard,Electronics,4,4500,0.15,15300.0,4078.43,18000,2700.0,0.2665640522875817,2025,5,May,Q2,Profitable
ORD01238,2024-10-28,C005,Kabir Verma,Jaipur,North,LED Table Lamp,Furniture,5,1800,0.2,7200.0,1890.25,9000,1800.0,0.26253472222222224,2024,10,October,Q4,Profitable
ORD01239,2025-12-28,C001,Aarav Sharma,Mumbai,West,Study Desk,Furniture,5,7200,0.2,28800.0,4057.41,36000,7200.0,0.14088229166666666,2025,12,December,Q4,Profitable
ORD01240,2025-06-06,C002,Isha Patel,Pune,West,Bookshelf,Furniture,1,5800,0.0,5800.0,2378.57,5800,0.0,0.410098275862069,2025,6,June,Q2,Profitable
ORD01241,2024-04-10,C005,Kabir Verma,Jaipur,North,Bluetooth Headphones,Electronics,5,3200,0.15,13600.0,2036.14,16000,2400.0,0.14971617647058824,2024,4,April,Q2,Profitable
ORD01242,2024-11-12,C006,Meera Joshi,Bengaluru,South,Bluetooth Headphones,Electronics,2,3200,0.0,6400.0,1708.1,6400,0.0,0.266890625,2024,11,November,Q4,Profitable
ORD01243,2024-01-26,C006,Meera Joshi,Bengaluru,South,LED Table Lamp,Furniture,1,1800,0.15,1530.0,292.85,1800,270.0,0.19140522875816995,2024,1,January,Q1,Profitable
ORD01244,2024-01-13,C019,Neil Bhat,Indore,West,File Organizer,Stationery,1,380,0.0,380.0,110.73,380,0.0,0.29139473684210526,2024,1,January,Q1,Profitable
ORD01245,2025-08-28,C005,Kabir Verma,Jaipur,North,Wireless Mouse,Electronics,5,1200,0.0,6000.0,2376.66,6000,0.0,0.39610999999999996,2025,8,August,Q3,Profitable
ORD01246,2025-04-12,C005,Kabir Verma,Jaipur,North,Bookshelf,Furniture,1,5800,0.0,5800.0,1801.58,5800,0.0,0.31061724137931035,2025,4,April,Q2,Profitable
ORD01247,2025-05-22,C016,Tara Menon,Kochi,South,Wireless Mouse,Electronics,4,1200,0.05,4560.0,956.85,4800,240.0,0.20983552631578947,2025,5,May,Q2,Profitable
ORD01248,2025-07-04,C014,Kiara Roy,Patna,East,Travel Bottle,Accessories,4,900,0.0,3600.0,993.6,3600,0.0,0.276,2025,7,July,Q3,Profitable
ORD01249,2025-01-18,C018,Aanya Iyer,Coimbatore,South,Backpack,Accessories,4,2200,0.05,8360.0,1867.51,8800,440.0,0.22338636363636363,2025,1,January,Q1,Profitable
ORD01250,2024-11-20,C016,Tara Menon,Kochi,South,LED Table Lamp,Furniture,2,1800,0.15,3060.0,880.7,3600,540.0,0.2878104575163399,2024,11,November,Q4,Profitable
ORD01251,2025-05-30,C005,Kabir Verma,Jaipur,North,File Organizer,Stationery,3,380,0.0,1140.0,319.12,1140,0.0,0.27992982456140353,2025,5,May,Q2,Profitable
ORD01252,2025-10-24,C014,Kiara Roy,Patna,East,USB-C Cable,Accessories,1,750,0.0,750.0,286.25,750,0.0,0.38166666666666665,2025,10,October,Q4,Profitable
ORD01253,2024-10-05,C011,Aditya Mehta,Ahmedabad,West,Laptop Pro 14,Electronics,2,85000,0.1,153000.0,40997.52,170000,17000.0,0.2679576470588235,2024,10,October,Q4,Profitable
ORD01254,2025-11-23,C007,Arjun Nair,Chennai,South,Bookshelf,Furniture,5,5800,0.15,24650.0,5866.05,29000,4350.0,0.237973630831643,2025,11,November,Q4,Profitable
ORD01255,2025-05-02,C018,Aanya Iyer,Coimbatore,South,LED Table Lamp,Furniture,1,1800,0.15,1530.0,224.62,1800,270.0,0.14681045751633987,2025,5,May,Q2,Profitable
ORD01256,2025-06-14,C006,Meera Joshi,Bengaluru,South,Mechanical Keyboard,Electronics,5,4500,0.1,20250.0,4691.52,22500,2250.0,0.23168000000000002,2025,6,June,Q2,Profitable
ORD01257,2024-07-20,C011,Aditya Mehta,Ahmedabad,West,Premium Pen Set,Stationery,2,650,0.0,1300.0,429.69,1300,0.0,0.33053076923076924,2024,7,July,Q3,Profitable
ORD01258,2025-08-14,C007,Arjun Nair,Chennai,South,Mechanical Keyboard,Electronics,2,4500,0.0,8550.0,3182.38,9000,0.0,0.37220818713450293,2025,8,August,Q3,Profitable
ORD01259,2024-01-21,C018,Aanya Iyer,Coimbatore,South,Premium Pen Set,Stationery,4,650,0.05,2470.0,866.09,2600,130.0,0.3506437246963563,2024,1,January,Q1,Profitable
ORD01260,2024-05-13,C020,Sara Khan,Bhopal,Central,LED Table Lamp,Furniture,2,1800,0.0,3600.0,1033.9,3600,0.0,0.2871944444444445,2024,5,May,Q2,Profitable
ORD01261,2024-09-15,C020,Sara Khan,Bhopal,Central,Office Chair,Furniture,1,9500,0.1,8550.0,1243.92,9500,950.0,0.1454877192982456,2024,9,September,Q3,Profitable
ORD01262,2024-08-13,C015,Yash Kulkarni,Nagpur,West,USB-C Cable,Accessories,5,750,0.15,3187.5,863.85,3750,562.5,0.27101176470588234,2024,8,August,Q3,Profitable
ORD01263,2024-06-30,C007,Arjun Nair,Chennai,South,Travel Bottle,Accessories,2,900,0.05,1710.0,597.97,1800,90.0,0.34969005847953216,2024,6,June,Q2,Profitable
ORD01264,2025-09-09,C017,Dev Malhotra,Chandigarh,North,Travel Bottle,Accessories,4,900,0.0,3600.0,1370.89,3600,0.0,0.3808027777777778,2025,9,September,Q3,Profitable
ORD01265,2024-04-18,C020,Sara Khan,Bhopal,Central,Wireless Mouse,Electronics,2,1200,0.15,2040.0,411.1,2400,360.0,0.20151960784313727,2024,4,April,Q2,Profitable
ORD01266,2024-08-14,C008,Sanya Rao,Hyderabad,South,Bluetooth Headphones,Electronics,2,3200,0.1,5760.0,1789.34,6400,640.0,0.31064930555555553,2024,8,August,Q3,Profitable
ORD01267,2024-08-22,C011,Aditya Mehta,Ahmedabad,West,USB-C Cable,Accessories,1,750,0.1,675.0,163.54,750,75.0,0.24228148148148146,2024,8,August,Q3,Profitable
ORD01268,2025-08-21,C019,Neil Bhat,Indore,West,File Organizer,Stationery,3,380,0.05,1083.0,249.36,1140,57.0,0.2302493074792244,2025,8,August,Q3,Profitable
ORD01269,2025-09-17,C011,Aditya Mehta,Ahmedabad,West,Notebook Pack,Stationery,4,450,0.0,1800.0,719.16,1800,0.0,0.3995333333333333,2025,9,September,Q3,Profitable
ORD01270,2025-01-22,C018,Aanya Iyer,Coimbatore,South,Office Chair,Furniture,3,9500,0.15,24225.0,5036.66,28500,4275.0,0.20791166150670795,2025,1,January,Q1,Profitable
ORD01271,2025-05-18,C002,Isha Patel,Pune,West,Premium Pen Set,Stationery,5,650,0.0,3250.0,873.25,3250,0.0,0.2686923076923077,2025,5,May,Q2,Profitable
ORD01272,2025-07-15,C014,Kiara Roy,Patna,East,Office Chair,Furniture,2,9500,0.1,17100.0,2484.49,19000,1900.0,0.14529181286549706,2025,7,July,Q3,Profitable
ORD01273,2025-12-03,C012,Myra Kapoor,Lucknow,North,File Organizer,Stationery,3,380,0.0,1140.0,464.46,1140,0.0,0.4074210526315789,2025,12,December,Q4,Profitable
ORD01274,2025-02-15,C011,Aditya Mehta,Ahmedabad,West,Study Desk,Furniture,1,7200,0.1,6480.0,1262.4,7200,720.0,0.19481481481481483,2025,2,February,Q1,Profitable
ORD01275,2024-07-29,C016,Tara Menon,Kochi,South,Office Chair,Furniture,5,9500,0.0,47500.0,17088.83,47500,0.0,0.3597648421052632,2024,7,July,Q3,Profitable
ORD01276,2024-05-30,C013,Reyansh Shah,Surat,West,Smartphone X,Electronics,4,42000,0.0,168000.0,55437.84,168000,0.0,0.3299871428571428,2024,5,May,Q2,Profitable
ORD01277,2025-09-24,C019,Neil Bhat,Indore,West,Mechanical Keyboard,Electronics,5,4500,0.1,20250.0,5838.2,22500,2250.0,0.28830617283950616,2025,9,September,Q3,Profitable
ORD01278,2024-08-30,C017,Dev Malhotra,Chandigarh,North,Laptop Pro 14,Electronics,3,85000,0.0,255000.0,61936.47,255000,0.0,0.24288811764705884,2024,8,August,Q3,Profitable
ORD01279,2025-12-18,C003,Rohan Deshmukh,Nashik,West,File Organizer,Stationery,4,380,0.1,1368.0,385.58,1520,152.0,0.2818567251461988,2025,12,December,Q4,Profitable
ORD01280,2025-02-02,C017,Dev Malhotra,Chandigarh,North,Study Desk,Furniture,4,7200,0.05,27360.0,9267.47,28800,1440.0,0.3387233187134503,2025,2,February,Q1,Profitable
ORD01281,2025-02-19,C014,Kiara Roy,Patna,East,Office Chair,Furniture,3,9500,0.0,28500.0,10506.07,28500,0.0,0.3686340350877193,2025,2,February,Q1,Profitable
ORD01282,2024-08-16,C006,Meera Joshi,Bengaluru,South,Wireless Mouse,Electronics,3,1200,0.1,3240.0,1050.3,3600,360.0,0.32416666666666666,2024,8,August,Q3,Profitable
ORD01283,2024-09-30,C012,Myra Kapoor,Lucknow,North,File Organizer,Stationery,1,380,0.2,304.0,37.17,380,76.0,0.12226973684210526,2024,9,September,Q3,Profitable
ORD01284,2025-12-11,C002,Isha Patel,Pune,West,Premium Pen Set,Stationery,2,650,0.0,1300.0,299.56,1300,0.0,0.23043076923076924,2025,12,December,Q4,Profitable
ORD01285,2025-01-13,C018,Aanya Iyer,Coimbatore,South,Travel Bottle,Accessories,2,900,0.1,1620.0,330.56,1800,180.0,0.2040493827160494,2025,1,January,Q1,Profitable
ORD01286,2024-04-27,C013,Reyansh Shah,Surat,West,Smartphone X,Electronics,4,42000,0.05,159600.0,36192.57,168000,8400.0,0.2267704887218045,2024,4,April,Q2,Profitable
ORD01287,2024-10-31,C002,Isha Patel,Pune,West,Travel Bottle,Accessories,2,900,0.0,1800.0,468.56,1800,0.0,0.2603111111111111,2024,10,October,Q4,Profitable
ORD01288,2025-09-30,C008,Sanya Rao,Hyderabad,South,File Organizer,Stationery,4,380,0.0,1520.0,584.76,1520,0.0,0.38471052631578945,2025,9,September,Q3,Profitable
ORD01289,2025-04-30,C004,Ananya Singh,Delhi,North,Notebook Pack,Stationery,2,450,0.05,855.0,242.43,900,45.0,0.2835438596491228,2025,4,April,Q2,Profitable
ORD01290,2025-10-29,C005,Kabir Verma,Jaipur,North,Mechanical Keyboard,Electronics,4,4500,0.0,18000.0,6196.67,18000,0.0,0.34425944444444445,2025,10,October,Q4,Profitable
ORD01291,2025-08-17,C016,Tara Menon,Kochi,South,File Organizer,Stationery,3,380,0.05,1083.0,332.72,1140,57.0,0.3072206832871653,2025,8,August,Q3,Profitable
ORD01292,2025-12-01,C007,Arjun Nair,Chennai,South,Travel Bottle,Accessories,2,900,0.1,1620.0,309.42,1800,180.0,0.191,2025,12,December,Q4,Profitable
ORD01293,2024-10-30,C019,Neil Bhat,Indore,West,Wireless Mouse,Electronics,1,1200,0.0,1200.0,312.62,1200,0.0,0.2605166666666667,2024,10,October,Q4,Profitable
ORD01294,2025-08-12,C012,Myra Kapoor,Lucknow,North,LED Table Lamp,Furniture,3,1800,0.15,4590.0,1147.86,5400,810.0,0.250078431372549,2025,8,August,Q3,Profitable
ORD01295,2025-06-22,C008,Sanya Rao,Hyderabad,South,Notebook Pack,Stationery,4,450,0.1,1620.0,352.95,1800,180.0,0.21787037037037035,2025,6,June,Q2,Profitable
ORD01296,2024-07-31,C015,Yash Kulkarni,Nagpur,West,Travel Bottle,Accessories,1,900,0.15,765.0,157.86,900,135.0,0.2063529411764706,2024,7,July,Q3,Profitable
ORD01297,2024-01-22,C003,Rohan Deshmukh,Nashik,West,Smartphone X,Electronics,1,42000,0.05,39900.0,7954.57,42000,2100.0,0.199362656641604,2024,1,January,Q1,Profitable
ORD01298,2025-12-16,C006,Meera Joshi,Bengaluru,South,Premium Pen Set,Stationery,3,650,0.05,1852.5,472.59,1950,97.5,0.2551093117408907,2025,12,December,Q4,Profitable
ORD01299,2024-08-09,C002,Isha Patel,Pune,West,LED Table Lamp,Furniture,2,1800,0.05,3420.0,730.41,3600,180.0,0.2135701754385965,2024,8,August,Q3,Profitable
ORD01300,2024-08-23,C008,Sanya Rao,Hyderabad,South,Smartphone X,Electronics,4,42000,0.1,151200.0,25217.81,168000,16800.0,0.16678445767195768,2024,8,August,Q3,Profitable
ORD01301,2024-05-06,C008,Sanya Rao,Hyderabad,South,Backpack,Accessories,3,2200,0.1,5940.0,2029.57,6600,660.0,0.3416784511784512,2024,5,May,Q2,Profitable
ORD01302,2025-05-14,C001,Aarav Sharma,Mumbai,West,Travel Bottle,Accessories,5,900,0.0,4500.0,1408.08,4500,0.0,0.31290666666666667,2025,5,May,Q2,Profitable
ORD01303,2024-10-24,C002,Isha Patel,Pune,West,LED Table Lamp,Furniture,3,1800,0.2,4320.0,412.7,5400,1080.0,0.0955324074074074,2024,10,October,Q4,Profitable
ORD01304,2024-11-05,C020,Sara Khan,Bhopal,Central,Wireless Mouse,Electronics,1,1200,0.05,1140.0,282.71,1200,60.0,0.24799122807017543,2024,11,November,Q4,Profitable
ORD01305,2024-05-31,C002,Isha Patel,Pune,West,Travel Bottle,Accessories,3,900,0.1,2430.0,852.28,2700,270.0,0.35073251028806585,2024,5,May,Q2,Profitable
ORD01306,2025-11-05,C017,Dev Malhotra,Chandigarh,North,Travel Bottle,Accessories,5,900,0.05,4275.0,1334.39,4500,225.0,0.31213801169590644,2025,11,November,Q4,Profitable
ORD01307,2024-03-19,C012,Myra Kapoor,Lucknow,North,USB-C Cable,Accessories,1,750,0.15,637.5,129.92,750,112.5,0.20379607843137254,2024,3,March,Q1,Profitable
ORD01308,2025-01-08,C016,Tara Menon,Kochi,South,Backpack,Accessories,1,2200,0.05,2090.0,728.44,2200,110.0,0.34853588516746414,2025,1,January,Q1,Profitable
ORD01309,2024-07-23,C005,Kabir Verma,Jaipur,North,Notebook Pack,Stationery,3,450,0.1,1215.0,284.65,1350,135.0,0.2342798353909465,2024,7,July,Q3,Profitable
ORD01310,2024-08-26,C014,Kiara Roy,Patna,East,Bookshelf,Furniture,2,5800,0.1,10440.0,2980.23,11600,1160.0,0.28546264367816093,2024,8,August,Q3,Profitable
ORD01311,2024-01-12,C010,Diya Das,Bhubaneswar,East,LED Table Lamp,Furniture,1,1800,0.0,1800.0,497.81,1800,0.0,0.2765611111111111,2024,1,January,Q1,Profitable
ORD01312,2025-09-21,C004,Ananya Singh,Delhi,North,Study Desk,Furniture,5,7200,0.0,36000.0,9757.79,36000,0.0,0.27104972222222223,2025,9,September,Q3,Profitable
ORD01313,2024-12-25,C001,Aarav Sharma,Mumbai,West,Bookshelf,Furniture,4,5800,0.15,19720.0,3179.24,23200,3480.0,0.16121906693711965,2024,12,December,Q4,Profitable
ORD01314,2024-06-28,C006,Meera Joshi,Bengaluru,South,Premium Pen Set,Stationery,4,650,0.15,2210.0,250.53,2600,390.0,0.11336199095022624,2024,6,June,Q2,Profitable
ORD01315,2025-04-21,C011,Aditya Mehta,Ahmedabad,West,Bookshelf,Furniture,1,5800,0.05,5510.0,986.77,5800,290.0,0.17908711433756805,2025,4,April,Q2,Profitable
ORD01316,2024-04-12,C012,Myra Kapoor,Lucknow,North,Study Desk,Furniture,3,7200,0.1,19440.0,2934.27,21600,2160.0,0.1509398148148148,2024,4,April,Q2,Profitable
ORD01317,2024-08-27,C008,Sanya Rao,Hyderabad,South,LED Table Lamp,Furniture,1,1800,0.15,1530.0,373.97,1800,270.0,0.2444248366013072,2024,8,August,Q3,Profitable
ORD01318,2025-01-09,C004,Ananya Singh,Delhi,North,LED Table Lamp,Furniture,4,1800,0.0,7200.0,2347.48,7200,0.0,0.3260388888888889,2025,1,January,Q1,Profitable
ORD01319,2024-04-02,C018,Aanya Iyer,Coimbatore,South,File Organizer,Stationery,4,380,0.05,1444.0,512.46,1520,76.0,0.3548891966759003,2024,4,April,Q2,Profitable
ORD01320,2025-04-07,C001,Aarav Sharma,Mumbai,West,Bluetooth Headphones,Electronics,2,3200,0.1,5760.0,1614.89,6400,640.0,0.28036284722222227,2025,4,April,Q2,Profitable
ORD01321,2024-09-26,C013,Reyansh Shah,Surat,West,Study Desk,Furniture,5,7200,0.1,32400.0,4696.06,36000,3600.0,0.14494012345679014,2024,9,September,Q3,Profitable
ORD01322,2024-12-28,C005,Kabir Verma,Jaipur,North,Backpack,Accessories,4,2200,0.1,7920.0,1679.75,8800,880.0,0.21208964646464645,2024,12,December,Q4,Profitable
ORD01323,2024-02-16,C007,Arjun Nair,Chennai,South,Study Desk,Furniture,3,7200,0.2,17280.0,3602.41,21600,4320.0,0.2084728009259259,2024,2,February,Q1,Profitable
ORD01324,2024-04-28,C018,Aanya Iyer,Coimbatore,South,Office Chair,Furniture,1,9500,0.1,8550.0,1835.87,9500,950.0,0.21472163742690056,2024,4,April,Q2,Profitable
ORD01325,2024-12-02,C010,Diya Das,Bhubaneswar,East,File Organizer,Stationery,3,380,0.05,1083.0,321.34,1140,57.0,0.29671283471837484,2024,12,December,Q4,Profitable
ORD01326,2024-12-27,C017,Dev Malhotra,Chandigarh,North,Premium Pen Set,Stationery,5,650,0.1,2925.0,415.86,3250,325.0,0.14217435897435898,2024,12,December,Q4,Profitable
ORD01327,2024-07-26,C019,Neil Bhat,Indore,West,Bookshelf,Furniture,5,5800,0.05,27550.0,6390.99,29000,1450.0,0.23197785843920143,2024,7,July,Q3,Profitable
ORD01328,2025-03-19,C012,Myra Kapoor,Lucknow,North,Study Desk,Furniture,1,7200,0.0,7200.0,2576.15,7200,0.0,0.3577986111111111,2025,3,March,Q1,Profitable
ORD01329,2025-11-18,C012,Myra Kapoor,Lucknow,North,LED Table Lamp,Furniture,2,1800,0.1,3240.0,958.02,3600,360.0,0.29568518518518516,2025,11,November,Q4,Profitable
ORD01330,2024-08-23,C011,Aditya Mehta,Ahmedabad,West,Bluetooth Headphones,Electronics,3,3200,0.05,9120.0,2425.44,9600,480.0,0.26594736842105265,2024,8,August,Q3,Profitable
ORD01331,2024-09-05,C005,Kabir Verma,Jaipur,North,Wireless Mouse,Electronics,1,1200,0.05,1140.0,302.21,1200,60.0,0.26509649122807016,2024,9,September,Q3,Profitable
ORD01332,2024-03-26,C011,Aditya Mehta,Ahmedabad,West,Notebook Pack,Stationery,1,450,0.1,405.0,74.28,450,45.0,0.1834074074074074,2024,3,March,Q1,Profitable
ORD01333,2024-05-12,C009,Vivaan Gupta,Kolkata,East,Notebook Pack,Stationery,3,450,0.15,1147.5,173.36,1350,202.5,0.15107625272331157,2024,5,May,Q2,Profitable
ORD01334,2024-07-10,C008,Sanya Rao,Hyderabad,South,Premium Pen Set,Stationery,4,650,0.0,2600.0,782.46,2600,0.0,0.30094615384615386,2024,7,July,Q3,Profitable
ORD01335,2025-11-20,C002,Isha Patel,Pune,West,Premium Pen Set,Stationery,1,650,0.0,650.0,201.28,650,0.0,0.3096615384615385,2025,11,November,Q4,Profitable
ORD01336,2024-02-03,C018,Aanya Iyer,Coimbatore,South,Study Desk,Furniture,2,7200,0.05,13680.0,4405.54,14400,720.0,0.3220423976608187,2024,2,February,Q1,Profitable
ORD01337,2025-07-11,C007,Arjun Nair,Chennai,South,Office Chair,Furniture,1,9500,0.1,8550.0,2602.25,9500,950.0,0.3043567251461988,2025,7,July,Q3,Profitable
ORD01338,2024-07-30,C002,Isha Patel,Pune,West,Laptop Pro 14,Electronics,4,85000,0.1,306000.0,48742.87,340000,34000.0,0.1592904248366013,2024,7,July,Q3,Profitable
ORD01339,2025-01-28,C003,Rohan Deshmukh,Nashik,West,Bluetooth Headphones,Electronics,2,3200,0.15,5440.0,1271.54,6400,960.0,0.23373897058823528,2025,1,January,Q1,Profitable
ORD01340,2024-11-10,C017,Dev Malhotra,Chandigarh,North,Bluetooth Headphones,Electronics,2,3200,0.05,6080.0,1348.54,6400,320.0,0.22179934210526314,2024,11,November,Q4,Profitable
ORD01341,2025-05-03,C015,Yash Kulkarni,Nagpur,West,Wireless Mouse,Electronics,4,1200,0.1,4320.0,1423.62,4800,480.0,0.3295416666666666,2025,5,May,Q2,Profitable
ORD01342,2024-07-22,C008,Sanya Rao,Hyderabad,South,Mechanical Keyboard,Electronics,3,4500,0.05,12825.0,3314.05,13500,675.0,0.25840545808966864,2024,7,July,Q3,Profitable
ORD01343,2024-03-23,C015,Yash Kulkarni,Nagpur,West,Office Chair,Furniture,2,9500,0.05,18050.0,3850.43,19000,950.0,0.21332022160664818,2024,3,March,Q1,Profitable
ORD01344,2025-05-26,C017,Dev Malhotra,Chandigarh,North,Laptop Pro 14,Electronics,4,85000,0.0,340000.0,94793.0,340000,0.0,0.2788029411764706,2025,5,May,Q2,Profitable
ORD01345,2024-05-08,C017,Dev Malhotra,Chandigarh,North,Bluetooth Headphones,Electronics,5,3200,0.0,16000.0,5530.12,16000,0.0,0.3456325,2024,5,May,Q2,Profitable
ORD01346,2025-06-20,C007,Arjun Nair,Chennai,South,USB-C Cable,Accessories,2,750,0.1,1350.0,419.65,1500,150.0,0.3108518518518518,2025,6,June,Q2,Profitable
ORD01347,2024-08-12,C007,Arjun Nair,Chennai,South,Notebook Pack,Stationery,3,450,0.0,1350.0,389.23,1350,0.0,0.28831851851851853,2024,8,August,Q3,Profitable
ORD01348,2025-03-27,C004,Ananya Singh,Delhi,North,File Organizer,Stationery,1,380,0.05,361.0,114.09,380,19.0,0.3160387811634349,2025,3,March,Q1,Profitable
ORD01349,2024-08-16,C007,Arjun Nair,Chennai,South,Bookshelf,Furniture,1,5800,0.15,4930.0,639.06,5800,870.0,0.12962677484787016,2024,8,August,Q3,Profitable
ORD01350,2025-11-01,C013,Reyansh Shah,Surat,West,USB-C Cable,Accessories,2,750,0.0,1500.0,468.87,1500,0.0,0.31258,2025,11,November,Q4,Profitable
ORD01351,2025-06-29,C007,Arjun Nair,Chennai,South,Bluetooth Headphones,Electronics,3,3200,0.05,9120.0,1709.22,9600,480.0,0.18741447368421052,2025,6,June,Q2,Profitable
ORD01352,2025-02-26,C013,Reyansh Shah,Surat,West,Smartphone X,Electronics,1,42000,0.1,37800.0,7262.11,42000,4200.0,0.19211931216931216,2025,2,February,Q1,Profitable
ORD01353,2025-09-05,C008,Sanya Rao,Hyderabad,South,Backpack,Accessories,5,2200,0.1,9900.0,1536.41,11000,1100.0,0.1551929292929293,2025,9,September,Q3,Profitable
ORD01354,2025-07-26,C007,Arjun Nair,Chennai,South,LED Table Lamp,Furniture,3,1800,0.1,4860.0,768.67,5400,540.0,0.1581625514403292,2025,7,July,Q3,Profitable
ORD01355,2024-12-24,C002,Isha Patel,Pune,West,Mechanical Keyboard,Electronics,4,4500,0.0,18000.0,4662.12,18000,0.0,0.25900666666666666,2024,12,December,Q4,Profitable
ORD01356,2024-06-13,C007,Arjun Nair,Chennai,South,LED Table Lamp,Furniture,1,1800,0.1,1620.0,334.09,1800,180.0,0.20622839506172838,2024,6,June,Q2,Profitable
ORD01357,2025-06-13,C010,Diya Das,Bhubaneswar,East,File Organizer,Stationery,3,380,0.05,1083.0,302.82,1140,57.0,0.27961218836565094,2025,6,June,Q2,Profitable
ORD01358,2024-12-05,C001,Aarav Sharma,Mumbai,West,Bluetooth Headphones,Electronics,3,3200,0.1,8640.0,1703.01,9600,960.0,0.19710763888888888,2024,12,December,Q4,Profitable
ORD01359,2025-04-19,C017,Dev Malhotra,Chandigarh,North,Study Desk,Furniture,5,7200,0.05,34200.0,6973.85,36000,1800.0,0.2039137426900585,2025,4,April,Q2,Profitable
ORD01360,2025-10-18,C002,Isha Patel,Pune,West,Study Desk,Furniture,5,7200,0.0,36000.0,9225.02,36000,0.0,0.2562505555555556,2025,10,October,Q4,Profitable
ORD01361,2025-10-22,C013,Reyansh Shah,Surat,West,Office Chair,Furniture,5,9500,0.05,45125.0,10473.63,47500,2375.0,0.23210260387811632,2025,10,October,Q4,Profitable
ORD01362,2025-11-09,C020,Sara Khan,Bhopal,Central,Laptop Pro 14,Electronics,4,85000,0.1,306000.0,42515.65,340000,34000.0,0.13894003267973856,2025,11,November,Q4,Profitable
ORD01363,2025-09-23,C020,Sara Khan,Bhopal,Central,Backpack,Accessories,4,2200,0.15,7480.0,1490.64,8800,1320.0,0.19928342245989306,2025,9,September,Q3,Profitable
ORD01364,2024-10-01,C001,Aarav Sharma,Mumbai,West,Wireless Mouse,Electronics,4,1200,0.1,4320.0,1115.86,4800,480.0,0.2583009259259259,2024,10,October,Q4,Profitable
ORD01365,2024-04-22,C013,Reyansh Shah,Surat,West,Laptop Pro 14,Electronics,5,85000,0.0,425000.0,111306.34,425000,0.0,0.2618972705882353,2024,4,April,Q2,Profitable
ORD01366,2025-01-18,C014,Kiara Roy,Patna,East,Bookshelf,Furniture,3,5800,0.05,16530.0,3464.69,17400,870.0,0.2096001209921355,2025,1,January,Q1,Profitable
ORD01367,2025-08-28,C003,Rohan Deshmukh,Nashik,West,USB-C Cable,Accessories,4,750,0.05,2850.0,557.55,3000,150.0,0.1956315789473684,2025,8,August,Q3,Profitable
ORD01368,2025-02-04,C008,Sanya Rao,Hyderabad,South,Laptop Pro 14,Electronics,5,85000,0.1,382500.0,104887.6,425000,42500.0,0.2742159477124183,2025,2,February,Q1,Profitable
ORD01369,2024-07-21,C002,Isha Patel,Pune,West,Notebook Pack,Stationery,2,450,0.0,900.0,281.37,900,0.0,0.3126333333333333,2024,7,July,Q3,Profitable
ORD01370,2024-08-03,C012,Myra Kapoor,Lucknow,North,Premium Pen Set,Stationery,3,650,0.1,1755.0,527.35,1950,195.0,0.3004843304843305,2024,8,August,Q3,Profitable
ORD01371,2024-05-13,C001,Aarav Sharma,Mumbai,West,Office Chair,Furniture,2,9500,0.1,17100.0,5321.25,19000,1900.0,0.3111842105263158,2024,5,May,Q2,Profitable
ORD01372,2024-05-04,C015,Yash Kulkarni,Nagpur,West,Notebook Pack,Stationery,3,450,0.05,1282.5,357.88,1350,67.5,0.27904873294346977,2024,5,May,Q2,Profitable
ORD01373,2024-09-02,C003,Rohan Deshmukh,Nashik,West,Notebook Pack,Stationery,1,450,0.15,382.5,106.05,450,67.5,0.2772549019607843,2024,9,September,Q3,Profitable
ORD01374,2025-12-16,C006,Meera Joshi,Bengaluru,South,Premium Pen Set,Stationery,4,650,0.1,2340.0,468.25,2600,260.0,0.20010683760683762,2025,12,December,Q4,Profitable
ORD01375,2025-10-12,C004,Ananya Singh,Delhi,North,Bluetooth Headphones,Electronics,1,3200,0.15,2720.0,257.37,3200,480.0,0.09462132352941177,2025,10,October,Q4,Profitable
ORD01376,2024-07-02,C009,Vivaan Gupta,Kolkata,East,USB-C Cable,Accessories,5,750,0.0,3750.0,1237.65,3750,0.0,0.33004,2024,7,July,Q3,Profitable
ORD01377,2024-08-17,C015,Yash Kulkarni,Nagpur,West,Mechanical Keyboard,Electronics,3,4500,0.05,12825.0,2579.18,13500,675.0,0.20110565302144248,2024,8,August,Q3,Profitable
ORD01378,2024-07-21,C015,Yash Kulkarni,Nagpur,West,Backpack,Accessories,4,2200,0.1,7920.0,2482.38,8800,880.0,0.3134318181818182,2024,7,July,Q3,Profitable
ORD01379,2024-02-26,C018,Aanya Iyer,Coimbatore,South,Wireless Mouse,Electronics,2,1200,0.05,2280.0,691.8,2400,120.0,0.3034210526315789,2024,2,February,Q1,Profitable
ORD01380,2025-05-28,C008,Sanya Rao,Hyderabad,South,Bluetooth Headphones,Electronics,2,3200,0.1,5760.0,1856.29,6400,640.0,0.32227256944444443,2025,5,May,Q2,Profitable
ORD01381,2025-08-28,C010,Diya Das,Bhubaneswar,East,Smartphone X,Electronics,3,42000,0.1,113400.0,31273.18,126000,12600.0,0.27577760141093477,2025,8,August,Q3,Profitable
ORD01382,2025-04-11,C002,Isha Patel,Pune,West,Smartphone X,Electronics,4,42000,0.1,151200.0,43486.59,168000,16800.0,0.2876097222222222,2025,4,April,Q2,Profitable
ORD01383,2024-11-19,C012,Myra Kapoor,Lucknow,North,Office Chair,Furniture,4,9500,0.0,38000.0,14969.58,38000,0.0,0.3939363157894737,2024,11,November,Q4,Profitable
ORD01384,2024-09-26,C004,Ananya Singh,Delhi,North,Smartphone X,Electronics,3,42000,0.0,126000.0,49600.92,126000,0.0,0.39365809523809525,2024,9,September,Q3,Profitable
ORD01385,2025-04-05,C016,Tara Menon,Kochi,South,Bookshelf,Furniture,5,5800,0.05,27550.0,7509.28,29000,1450.0,0.27256914700544466,2025,4,April,Q2,Profitable
ORD01386,2024-12-01,C006,Meera Joshi,Bengaluru,South,Travel Bottle,Accessories,1,900,0.0,900.0,222.41,900,0.0,0.24712222222222222,2024,12,December,Q4,Profitable
ORD01387,2025-06-24,C005,Kabir Verma,Jaipur,North,Laptop Pro 14,Electronics,2,85000,0.05,161500.0,52788.63,170000,8500.0,0.3268645820433436,2025,6,June,Q2,Profitable
ORD01388,2024-10-11,C011,Aditya Mehta,Ahmedabad,West,Mechanical Keyboard,Electronics,4,4500,0.1,16200.0,2869.07,18000,1800.0,0.1771030864197531,2024,10,October,Q4,Profitable
ORD01389,2025-12-16,C015,Yash Kulkarni,Nagpur,West,Notebook Pack,Stationery,2,450,0.1,810.0,168.87,900,90.0,0.2084814814814815,2025,12,December,Q4,Profitable
ORD01390,2024-02-25,C010,Diya Das,Bhubaneswar,East,Wireless Mouse,Electronics,1,1200,0.1,1080.0,205.1,1200,120.0,0.1899074074074074,2024,2,February,Q1,Profitable
ORD01391,2024-11-03,C009,Vivaan Gupta,Kolkata,East,Office Chair,Furniture,2,9500,0.15,16150.0,2095.76,19000,2850.0,0.1297684210526316,2024,11,November,Q4,Profitable
ORD01392,2024-12-05,C019,Neil Bhat,Indore,West,Bluetooth Headphones,Electronics,4,3200,0.15,10880.0,3203.72,12800,1920.0,0.29445955882352937,2024,12,December,Q4,Profitable
ORD01393,2024-04-14,C018,Aanya Iyer,Coimbatore,South,File Organizer,Stationery,2,380,0.15,646.0,142.1,760,114.0,0.21996904024767802,2024,4,April,Q2,Profitable
ORD01394,2025-12-23,C016,Tara Menon,Kochi,South,Travel Bottle,Electronics,5,900,0.1,4050.0,641.84,4500,450.0,0.15847901234567902,2025,12,December,Q4,Profitable
ORD01395,2025-05-01,C019,Neil Bhat,Indore,West,Office Chair,Furniture,5,9500,0.0,47500.0,14486.83,47500,0.0,0.3049858947368421,2025,5,May,Q2,Profitable
ORD01396,2024-08-01,C008,Sanya Rao,Hyderabad,South,Backpack,Accessories,5,2200,0.2,8800.0,644.02,11000,2200.0,0.07318409090909091,2024,8,August,Q3,Profitable
ORD01397,2025-06-15,C018,Aanya Iyer,Coimbatore,South,Premium Pen Set,Stationery,1,650,0.05,617.5,220.35,650,32.5,0.3568421052631579,2025,6,June,Q2,Profitable
ORD01398,2024-02-06,C004,Ananya Singh,Delhi,North,Backpack,Accessories,1,2200,0.0,2200.0,533.05,2200,0.0,0.24229545454545454,2024,2,February,Q1,Profitable
ORD01399,2025-12-06,C016,Tara Menon,Kochi,South,Laptop Pro 14,Electronics,2,85000,0.0,170000.0,52013.63,170000,0.0,0.3059625294117647,2025,12,December,Q4,Profitable
ORD01400,2025-09-28,C010,Diya Das,Bhubaneswar,East,Laptop Pro 14,Electronics,2,85000,0.1,153000.0,51881.45,170000,17000.0,0.3390944444444444,2025,9,September,Q3,Profitable
ORD01401,2025-03-16,C005,Kabir Verma,Jaipur,North,LED Table Lamp,Furniture,2,1800,0.1,3240.0,932.9,3600,360.0,0.2879320987654321,2025,3,March,Q1,Profitable
ORD01402,2024-03-11,C012,Myra Kapoor,Lucknow,North,LED Table Lamp,Furniture,3,1800,0.15,4590.0,839.9,5400,810.0,0.1829847494553377,2024,3,March,Q1,Profitable
ORD01403,2024-07-09,C009,Vivaan Gupta,Kolkata,East,File Organizer,Stationery,5,380,0.05,1805.0,642.3,1900,95.0,0.35584487534626036,2024,7,July,Q3,Profitable
ORD01404,2025-08-04,C005,Kabir Verma,Jaipur,North,USB-C Cable,Accessories,2,750,0.1,1350.0,208.27,1500,150.0,0.1542740740740741,2025,8,August,Q3,Profitable
ORD01405,2024-01-14,C004,Ananya Singh,Delhi,North,Bluetooth Headphones,Electronics,5,3200,0.15,13600.0,3269.58,16000,2400.0,0.24041029411764706,2024,1,January,Q1,Profitable
ORD01406,2025-07-13,C004,Ananya Singh,Delhi,North,Travel Bottle,Accessories,4,900,0.05,3420.0,1125.17,3600,180.0,0.32899707602339184,2025,7,July,Q3,Profitable
ORD01407,2025-03-01,C005,Kabir Verma,Jaipur,North,Backpack,Accessories,2,2200,0.1,3960.0,1286.31,4400,440.0,0.32482575757575755,2025,3,March,Q1,Profitable
ORD01408,2024-10-03,C001,Aarav Sharma,Mumbai,West,USB-C Cable,Accessories,4,750,0.05,2850.0,869.98,3000,150.0,0.3052561403508772,2024,10,October,Q4,Profitable
ORD01409,2024-12-08,C009,Vivaan Gupta,Kolkata,East,Wireless Mouse,Electronics,4,1200,0.15,4080.0,754.29,4800,720.0,0.18487499999999998,2024,12,December,Q4,Profitable
ORD01410,2024-11-12,C010,Diya Das,Bhubaneswar,East,Office Chair,Furniture,4,9500,0.05,36100.0,11651.46,38000,1900.0,0.32275512465373957,2024,11,November,Q4,Profitable
ORD01411,2025-08-14,C015,Yash Kulkarni,Nagpur,West,Laptop Pro 14,Electronics,4,85000,0.2,272000.0,53526.57,340000,68000.0,0.19678886029411766,2025,8,August,Q3,Profitable
ORD01412,2025-09-10,C017,Dev Malhotra,Chandigarh,North,Laptop Pro 14,Electronics,2,85000,0.0,170000.0,67641.53,170000,0.0,0.39789135294117645,2025,9,September,Q3,Profitable
ORD01413,2024-04-08,C017,Dev Malhotra,Chandigarh,North,USB-C Cable,Accessories,1,750,0.05,712.5,227.44,750,37.5,0.3192140350877193,2024,4,April,Q2,Profitable
ORD01414,2024-11-10,C018,Aanya Iyer,Coimbatore,South,Smartphone X,Electronics,1,42000,0.1,37800.0,6656.7,42000,4200.0,0.1761031746031746,2024,11,November,Q4,Profitable
ORD01415,2024-05-09,C005,Kabir Verma,Jaipur,North,Laptop Pro 14,Electronics,4,85000,0.1,306000.0,45169.05,340000,34000.0,0.14761127450980394,2024,5,May,Q2,Profitable
ORD01416,2025-01-21,C009,Vivaan Gupta,Kolkata,East,Office Chair,Furniture,4,9500,0.1,34200.0,4748.14,38000,3800.0,0.13883450292397662,2025,1,January,Q1,Profitable
ORD01417,2024-10-04,C006,Meera Joshi,Bengaluru,South,Wireless Mouse,Electronics,2,1200,0.0,2400.0,759.55,2400,0.0,0.31647916666666664,2024,10,October,Q4,Profitable
ORD01418,2025-12-16,C001,Aarav Sharma,Mumbai,West,Smartphone X,Electronics,2,42000,0.0,84000.0,26686.37,84000,0.0,0.31769488095238096,2025,12,December,Q4,Profitable
ORD01419,2025-06-03,C010,Diya Das,Bhubaneswar,East,Travel Bottle,Accessories,5,900,0.0,4500.0,1560.03,4500,0.0,0.34667333333333333,2025,6,June,Q2,Profitable
ORD01420,2025-01-13,C011,Aditya Mehta,Ahmedabad,West,Smartphone X,Electronics,3,42000,0.2,100800.0,4668.32,126000,25200.0,0.04631269841269841,2025,1,January,Q1,Profitable
ORD01421,2024-06-26,C010,Diya Das,Bhubaneswar,East,Wireless Mouse,Electronics,2,1200,0.1,2160.0,609.12,2400,240.0,0.28200000000000003,2024,6,June,Q2,Profitable
ORD01422,2025-11-01,C010,Diya Das,Bhubaneswar,East,Study Desk,Furniture,4,7200,0.1,25920.0,6904.79,28800,2880.0,0.26638850308641976,2025,11,November,Q4,Profitable
ORD01423,2025-12-08,C015,Yash Kulkarni,Nagpur,West,Study Desk,Furniture,1,7200,0.1,6480.0,1436.48,7200,720.0,0.22167901234567902,2025,12,December,Q4,Profitable
ORD01424,2025-04-21,C011,Aditya Mehta,Ahmedabad,West,Travel Bottle,Accessories,1,900,0.15,765.0,128.9,900,135.0,0.1684967320261438,2025,4,April,Q2,Profitable
ORD01425,2025-10-27,C019,Neil Bhat,Indore,West,USB-C Cable,Accessories,2,750,0.0,1500.0,569.81,1500,0.0,0.3798733333333333,2025,10,October,Q4,Profitable
ORD01426,2024-02-16,C013,Reyansh Shah,Surat,West,LED Table Lamp,Furniture,2,1800,0.05,3420.0,1222.35,3600,180.0,0.35741228070175435,2024,2,February,Q1,Profitable
ORD01427,2025-08-11,C003,Rohan Deshmukh,Nashik,West,LED Table Lamp,Furniture,5,1800,0.1,8100.0,2274.65,9000,900.0,0.280820987654321,2025,8,August,Q3,Profitable
ORD01428,2025-04-26,C008,Sanya Rao,Hyderabad,South,Premium Pen Set,Stationery,1,650,0.05,617.5,217.02,650,32.5,0.3514493927125506,2025,4,April,Q2,Profitable
ORD01429,2025-11-10,C005,Kabir Verma,Jaipur,North,LED Table Lamp,Furniture,1,1800,0.0,1800.0,640.19,1800,0.0,0.35566111111111115,2025,11,November,Q4,Profitable
ORD01430,2025-01-16,C010,Diya Das,Bhubaneswar,East,USB-C Cable,Accessories,3,750,0.15,1912.5,559.67,2250,337.5,0.292637908496732,2025,1,January,Q1,Profitable
ORD01431,2025-04-08,C003,Rohan Deshmukh,Nashik,West,Wireless Mouse,Electronics,3,1200,0.05,3420.0,683.45,3600,180.0,0.19983918128654973,2025,4,April,Q2,Profitable
ORD01432,2024-09-30,C020,Sara Khan,Bhopal,Central,USB-C Cable,Accessories,2,750,0.05,1425.0,521.51,1500,75.0,0.3659719298245614,2024,9,September,Q3,Profitable
ORD01433,2024-04-13,C010,Diya Das,Bhubaneswar,East,Notebook Pack,Stationery,2,450,0.05,855.0,291.65,900,45.0,0.3411111111111111,2024,4,April,Q2,Profitable
ORD01434,2024-01-19,C008,Sanya Rao,Hyderabad,South,File Organizer,Stationery,3,380,0.05,1083.0,409.86,1140,57.0,0.37844875346260387,2024,1,January,Q1,Profitable
ORD01435,2025-04-09,C004,Ananya Singh,Delhi,North,Laptop Pro 14,Electronics,3,85000,0.05,242250.0,48279.86,255000,12750.0,0.19929766769865842,2025,4,April,Q2,Profitable
ORD01436,2025-11-07,C011,Aditya Mehta,Ahmedabad,West,Bluetooth Headphones,Electronics,3,3200,0.1,8640.0,2343.17,9600,960.0,0.2712002314814815,2025,11,November,Q4,Profitable
ORD01437,2025-10-09,C004,Ananya Singh,Delhi,North,Premium Pen Set,Stationery,4,650,0.1,2340.0,617.79,2600,260.0,0.2640128205128205,2025,10,October,Q4,Profitable
ORD01438,2025-07-13,C016,Tara Menon,Kochi,South,Premium Pen Set,Stationery,5,650,0.15,2762.5,306.9,3250,487.5,0.11109502262443438,2025,7,July,Q3,Profitable
ORD01439,2025-10-12,C013,Reyansh Shah,Surat,West,Backpack,Accessories,1,2200,0.05,2090.0,690.01,2200,110.0,0.3301483253588517,2025,10,October,Q4,Profitable
ORD01440,2025-02-13,C006,Meera Joshi,Bengaluru,South,Notebook Pack,Stationery,5,450,0.1,2025.0,648.48,2250,225.0,0.32023703703703704,2025,2,February,Q1,Profitable
ORD01441,2024-03-28,C019,Neil Bhat,Indore,West,Laptop Pro 14,Electronics,5,85000,0.0,425000.0,130106.56,425000,0.0,0.3061330823529412,2024,3,March,Q1,Profitable
ORD01442,2025-07-31,C010,Diya Das,Bhubaneswar,East,Travel Bottle,Accessories,5,900,0.15,3825.0,434.56,4500,675.0,0.11361045751633987,2025,7,July,Q3,Profitable
ORD01443,2025-01-02,C020,Sara Khan,Bhopal,Central,USB-C Cable,Accessories,1,750,0.1,675.0,219.52,750,75.0,0.32521481481481485,2025,1,January,Q1,Profitable
ORD01444,2025-10-14,C015,Yash Kulkarni,Nagpur,West,Wireless Mouse,Electronics,1,1200,0.05,1140.0,336.77,1200,60.0,0.29541228070175435,2025,10,October,Q4,Profitable
ORD01445,2024-01-03,C012,Myra Kapoor,Lucknow,North,Bluetooth Headphones,Electronics,3,3200,0.1,8640.0,1722.95,9600,960.0,0.19941550925925927,2024,1,January,Q1,Profitable
ORD01446,2025-07-14,C019,Neil Bhat,Indore,West,Office Chair,Furniture,1,9500,0.2,7600.0,317.15,9500,1900.0,0.041730263157894736,2025,7,July,Q3,Profitable
ORD01447,2024-09-11,C014,Kiara Roy,Patna,East,Travel Bottle,Accessories,1,900,0.15,765.0,168.42,900,135.0,0.22015686274509802,2024,9,September,Q3,Profitable
ORD01448,2024-09-27,C020,Sara Khan,Bhopal,Central,Notebook Pack,Stationery,1,450,0.1,405.0,104.76,450,45.0,0.25866666666666666,2024,9,September,Q3,Profitable
ORD01449,2025-12-02,C020,Sara Khan,Bhopal,Central,Office Chair,Furniture,1,9500,0.1,8550.0,2073.49,9500,950.0,0.24251345029239763,2025,12,December,Q4,Profitable
ORD01450,2024-02-02,C008,Sanya Rao,Hyderabad,South,LED Table Lamp,Furniture,1,1800,0.15,1530.0,376.85,1800,270.0,0.24630718954248368,2024,2,February,Q1,Profitable
ORD01451,2024-02-24,C008,Sanya Rao,Hyderabad,South,Office Chair,Furniture,5,9500,0.15,40375.0,10538.23,47500,7125.0,0.2610087925696594,2024,2,February,Q1,Profitable
ORD01452,2025-10-23,C003,Rohan Deshmukh,Nashik,West,Office Chair,Furniture,4,9500,0.1,34200.0,7090.52,38000,3800.0,0.2073251461988304,2025,10,October,Q4,Profitable
ORD01453,2025-08-01,C010,Diya Das,Bhubaneswar,East,Laptop Pro 14,Electronics,1,85000,0.0,85000.0,32524.87,85000,0.0,0.3826455294117647,2025,8,August,Q3,Profitable
ORD01454,2025-09-16,C005,Kabir Verma,Jaipur,North,Study Desk,Furniture,3,7200,0.05,20520.0,6364.18,21600,1080.0,0.31014522417154,2025,9,September,Q3,Profitable
ORD01455,2025-04-27,C015,Yash Kulkarni,Nagpur,West,Smartphone X,Electronics,4,42000,0.1,151200.0,45402.83,168000,16800.0,0.3002832671957672,2025,4,April,Q2,Profitable
ORD01456,2024-11-24,C009,Vivaan Gupta,Kolkata,East,Study Desk,Furniture,2,7200,0.0,14400.0,4595.72,14400,0.0,0.31914722222222225,2024,11,November,Q4,Profitable
ORD01457,2025-04-13,C016,Tara Menon,Kochi,South,LED Table Lamp,Furniture,5,1800,0.0,9000.0,3138.47,9000,0.0,0.34871888888888886,2025,4,April,Q2,Profitable
ORD01458,2024-02-21,C017,Dev Malhotra,Chandigarh,North,Office Chair,Furniture,4,9500,0.15,32300.0,2967.1,38000,5700.0,0.09186068111455108,2024,2,February,Q1,Profitable
ORD01459,2025-01-27,C013,Reyansh Shah,Surat,West,Bookshelf,Furniture,5,5800,0.0,29000.0,7930.34,29000,0.0,0.27346,2025,1,January,Q1,Profitable
ORD01460,2024-07-14,C001,Aarav Sharma,Mumbai,West,Bookshelf,Furniture,4,5800,0.0,23200.0,5991.2,23200,0.0,0.2582413793103448,2024,7,July,Q3,Profitable
ORD01461,2024-12-21,C020,Sara Khan,Bhopal,Central,Travel Bottle,Accessories,1,900,0.05,855.0,177.58,900,45.0,0.20769590643274854,2024,12,December,Q4,Profitable
ORD01462,2025-12-02,C018,Aanya Iyer,Coimbatore,South,Travel Bottle,Accessories,4,900,0.0,3600.0,890.67,3600,0.0,0.2474083333333333,2025,12,December,Q4,Profitable
ORD01463,2025-06-20,C012,Myra Kapoor,Lucknow,North,Smartphone X,Electronics,1,42000,0.1,37800.0,13288.9,42000,4200.0,0.35155820105820107,2025,6,June,Q2,Profitable
ORD01464,2024-11-01,C003,Rohan Deshmukh,Nashik,West,Bluetooth Headphones,Electronics,1,3200,0.1,2880.0,937.28,3200,320.0,0.3254444444444444,2024,11,November,Q4,Profitable
ORD01465,2025-03-18,C008,Sanya Rao,Hyderabad,South,Smartphone X,Electronics,5,42000,0.05,199500.0,58054.56,210000,10500.0,0.2910003007518797,2025,3,March,Q1,Profitable
ORD01466,2025-06-04,C018,Aanya Iyer,Coimbatore,South,Laptop Pro 14,Electronics,2,85000,0.0,170000.0,40813.18,170000,0.0,0.24007752941176472,2025,6,June,Q2,Profitable
ORD01467,2025-11-28,C016,Tara Menon,Kochi,South,USB-C Cable,Accessories,2,750,0.05,1425.0,424.03,1500,75.0,0.29756491228070175,2025,11,November,Q4,Profitable
ORD01468,2024-08-08,C015,Yash Kulkarni,Nagpur,West,Study Desk,Furniture,3,7200,0.05,20520.0,6945.29,21600,1080.0,0.33846442495126705,2024,8,August,Q3,Profitable
ORD01469,2024-03-14,C003,Rohan Deshmukh,Nashik,West,Study Desk,Furniture,1,7200,0.0,7200.0,2996.0,7200,0.0,0.4161111111111111,2024,3,March,Q1,Profitable
ORD01470,2025-03-22,C010,Diya Das,Bhubaneswar,East,Backpack,Accessories,1,2200,0.0,2200.0,518.69,2200,0.0,0.23576818181818185,2025,3,March,Q1,Profitable
ORD01471,2024-12-11,C017,Dev Malhotra,Chandigarh,North,Study Desk,Furniture,4,7200,0.05,27360.0,7867.1,28800,1440.0,0.2875402046783626,2024,12,December,Q4,Profitable
ORD01472,2025-01-14,C019,Neil Bhat,Indore,West,Bookshelf,Furniture,5,5800,0.1,26100.0,5692.21,29000,2900.0,0.21809233716475096,2025,1,January,Q1,Profitable
ORD01473,2024-01-15,C010,Diya Das,Bhubaneswar,East,LED Table Lamp,Furniture,3,1800,0.0,5400.0,1270.92,5400,0.0,0.23535555555555557,2024,1,January,Q1,Profitable
ORD01474,2024-01-28,C001,Aarav Sharma,Mumbai,West,Laptop Pro 14,Electronics,4,85000,0.05,323000.0,104032.51,340000,17000.0,0.3220820743034056,2024,1,January,Q1,Profitable
ORD01475,2024-07-28,C015,Yash Kulkarni,Nagpur,West,Office Chair,Furniture,1,9500,0.2,7600.0,1479.07,9500,1900.0,0.19461447368421053,2024,7,July,Q3,Profitable
ORD01476,2025-01-09,C010,Diya Das,Bhubaneswar,East,Office Chair,Furniture,4,9500,0.05,36100.0,10366.06,38000,1900.0,0.2871484764542936,2025,1,January,Q1,Profitable
ORD01477,2024-04-14,C010,Diya Das,Bhubaneswar,East,Notebook Pack,Stationery,5,450,0.05,2137.5,508.35,2250,112.5,0.23782456140350877,2024,4,April,Q2,Profitable
ORD01478,2025-09-22,C003,Rohan Deshmukh,Nashik,West,Wireless Mouse,Electronics,3,1200,0.0,3600.0,1139.68,3600,0.0,0.3165777777777778,2025,9,September,Q3,Profitable
ORD01479,2024-02-25,C012,Myra Kapoor,Lucknow,North,Bluetooth Headphones,Electronics,1,3200,0.0,3200.0,895.35,3200,0.0,0.279796875,2024,2,February,Q1,Profitable
ORD01480,2025-03-22,C013,Reyansh Shah,Surat,West,Backpack,Accessories,4,2200,0.1,7920.0,1788.29,8800,880.0,0.22579419191919192,2025,3,March,Q1,Profitable
ORD01481,2024-08-05,C001,Aarav Sharma,Mumbai,West,Office Chair,Furniture,1,9500,0.05,9025.0,3187.54,9500,475.0,0.353190027700831,2024,8,August,Q3,Profitable
ORD01482,2025-04-10,C007,Arjun Nair,Chennai,South,Wireless Mouse,Electronics,2,1200,0.1,2160.0,514.97,2400,240.0,0.23841203703703706,2025,4,April,Q2,Profitable
ORD01483,2024-10-14,C010,Diya Das,Bhubaneswar,East,Premium Pen Set,Stationery,1,650,0.0,650.0,145.06,650,0.0,0.2231692307692308,2024,10,October,Q4,Profitable
ORD01484,2024-09-25,C003,Rohan Deshmukh,Nashik,West,Mechanical Keyboard,Electronics,1,4500,0.05,4275.0,1150.54,4500,225.0,0.26913216374269006,2024,9,September,Q3,Profitable
ORD01485,2025-04-24,C003,Rohan Deshmukh,Nashik,West,USB-C Cable,Accessories,5,750,0.0,3750.0,1345.35,3750,0.0,0.35875999999999997,2025,4,April,Q2,Profitable
ORD01486,2024-03-23,C001,Aarav Sharma,Mumbai,West,File Organizer,Stationery,5,380,0.15,1615.0,410.27,1900,285.0,0.25403715170278635,2024,3,March,Q1,Profitable
ORD01487,2025-08-12,C019,Neil Bhat,Indore,West,Premium Pen Set,Stationery,4,650,0.05,2470.0,578.73,2600,130.0,0.23430364372469636,2025,8,August,Q3,Profitable
ORD01488,2025-06-21,C018,Aanya Iyer,Coimbatore,South,File Organizer,Stationery,5,380,0.1,1710.0,337.77,1900,190.0,0.19752631578947366,2025,6,June,Q2,Profitable
ORD01489,2025-09-26,C006,Meera Joshi,Bengaluru,South,Travel Bottle,Accessories,4,900,0.05,3420.0,680.43,3600,180.0,0.1989561403508772,2025,9,September,Q3,Profitable
ORD01490,2024-10-25,C012,Myra Kapoor,Lucknow,North,Mechanical Keyboard,Electronics,3,4500,0.15,11475.0,2682.75,13500,2025.0,0.23379084967320263,2024,10,October,Q4,Profitable
ORD01491,2024-10-06,C013,Reyansh Shah,Surat,West,File Organizer,Stationery,2,380,0.0,760.0,242.98,760,0.0,0.31971052631578945,2024,10,October,Q4,Profitable
ORD01492,2024-09-29,C004,Ananya Singh,Delhi,North,File Organizer,Stationery,5,380,0.1,1710.0,314.93,1900,190.0,0.18416959064327484,2024,9,September,Q3,Profitable
ORD01493,2024-11-25,C003,Rohan Deshmukh,Nashik,West,USB-C Cable,Accessories,2,750,0.05,1425.0,404.42,1500,75.0,0.28380350877192984,2024,11,November,Q4,Profitable
ORD01494,2025-12-12,C003,Rohan Deshmukh,Nashik,West,Premium Pen Set,Stationery,1,650,0.1,585.0,109.52,650,65.0,0.1872136752136752,2025,12,December,Q4,Profitable
ORD01495,2024-08-27,C007,Arjun Nair,Chennai,South,Mechanical Keyboard,Electronics,4,4500,0.0,18000.0,4801.83,18000,0.0,0.26676833333333333,2024,8,August,Q3,Profitable
ORD01496,2025-06-03,C006,Meera Joshi,Bengaluru,South,Wireless Mouse,Electronics,3,1200,0.05,3420.0,1234.43,3600,180.0,0.36094444444444446,2025,6,June,Q2,Profitable
ORD01497,2025-10-11,C006,Meera Joshi,Bengaluru,South,Travel Bottle,Accessories,1,900,0.15,765.0,209.96,900,135.0,0.2744575163398693,2025,10,October,Q4,Profitable
ORD01498,2024-07-17,C019,Neil Bhat,Indore,West,USB-C Cable,Accessories,4,750,0.1,2700.0,686.21,3000,300.0,0.25415185185185185,2024,7,July,Q3,Profitable
ORD01499,2024-01-23,C016,Tara Menon,Kochi,South,Backpack,Accessories,1,2200,0.1,1980.0,455.07,2200,220.0,0.22983333333333333,2024,1,January,Q1,Profitable
ORD01500,2024-08-31,C007,Arjun Nair,Chennai,South,Premium Pen Set,Stationery,1,650,0.2,520.0,85.97,650,130.0,0.16532692307692307,2024,8,August,Q3,Profitable
ORD01501,2025-01-14,C013,Reyansh Shah,Surat,West,Notebook Pack,Stationery,4,450,0.2,1440.0,86.64,1800,360.0,0.06016666666666667,2025,1,January,Q1,Profitable
ORD01502,2025-09-16,C014,Kiara Roy,Patna,East,Bookshelf,Furniture,2,5800,0.1,10440.0,3542.31,11600,1160.0,0.339301724137931,2025,9,September,Q3,Profitable
ORD01503,2025-09-06,C010,Diya Das,Bhubaneswar,East,LED Table Lamp,Furniture,3,1800,0.05,5130.0,1486.69,5400,270.0,0.28980311890838206,2025,9,September,Q3,Profitable
ORD01504,2025-03-17,C015,Yash Kulkarni,Nagpur,West,Wireless Mouse,Electronics,4,1200,0.1,4320.0,1262.87,4800,480.0,0.2923310185185185,2025,3,March,Q1,Profitable
ORD01505,2024-03-31,C007,Arjun Nair,Chennai,South,USB-C Cable,Accessories,2,750,0.0,1500.0,533.27,1500,0.0,0.35551333333333335,2024,3,March,Q1,Profitable
ORD01506,2024-11-01,C014,Kiara Roy,Patna,East,Office Chair,Furniture,3,9500,0.05,27075.0,7396.67,28500,1425.0,0.2731918744228994,2024,11,November,Q4,Profitable
ORD01507,2025-11-06,C015,Yash Kulkarni,Nagpur,West,Notebook Pack,Stationery,5,450,0.05,2137.5,717.17,2250,112.5,0.3355181286549707,2025,11,November,Q4,Profitable
ORD01508,2024-03-10,C001,Aarav Sharma,Mumbai,West,Office Chair,Furniture,5,9500,0.05,45125.0,10498.78,47500,2375.0,0.23265994459833797,2024,3,March,Q1,Profitable
ORD01509,2025-11-17,C018,Aanya Iyer,Coimbatore,South,Bluetooth Headphones,Electronics,2,3200,0.05,6080.0,1134.19,6400,320.0,0.18654440789473686,2025,11,November,Q4,Profitable
ORD01510,2024-08-13,C007,Arjun Nair,Chennai,South,Notebook Pack,Stationery,2,450,0.15,765.0,188.74,900,135.0,0.246718954248366,2024,8,August,Q3,Profitable
ORD01511,2024-02-29,C013,Reyansh Shah,Surat,West,Laptop Pro 14,Electronics,1,85000,0.1,76500.0,17504.69,85000,8500.0,0.228819477124183,2024,2,February,Q1,Profitable
ORD01512,2025-02-13,C013,Reyansh Shah,Surat,West,Premium Pen Set,Stationery,4,650,0.1,2340.0,723.93,2600,260.0,0.30937179487179484,2025,2,February,Q1,Profitable
ORD01513,2024-06-06,C017,Dev Malhotra,Chandigarh,North,Bookshelf,Furniture,1,5800,0.15,4930.0,588.74,5800,870.0,0.11941987829614605,2024,6,June,Q2,Profitable
ORD01514,2024-03-09,C006,Meera Joshi,Bengaluru,South,LED Table Lamp,Furniture,1,1800,0.05,1710.0,608.14,1800,90.0,0.3556374269005848,2024,3,March,Q1,Profitable
ORD01515,2025-10-04,C017,Dev Malhotra,Chandigarh,North,Mechanical Keyboard,Electronics,4,4500,0.05,17100.0,3181.59,18000,900.0,0.18605789473684212,2025,10,October,Q4,Profitable
ORD01516,2024-05-24,C014,Kiara Roy,Patna,East,Bluetooth Headphones,Electronics,5,3200,0.15,13600.0,4190.13,16000,2400.0,0.30809779411764704,2024,5,May,Q2,Profitable
ORD01517,2025-03-09,C003,Rohan Deshmukh,Nashik,West,Premium Pen Set,Stationery,1,650,0.05,617.5,188.19,650,32.5,0.30476113360323887,2025,3,March,Q1,Profitable
ORD01518,2024-10-19,C014,Kiara Roy,Patna,East,Notebook Pack,Stationery,1,450,0.05,427.5,133.87,450,22.5,0.3131461988304094,2024,10,October,Q4,Profitable
ORD01519,2024-08-17,C016,Tara Menon,Kochi,South,Travel Bottle,Accessories,2,900,0.05,1710.0,324.39,1800,90.0,0.1897017543859649,2024,8,August,Q3,Profitable
ORD01520,2025-12-26,C012,Myra Kapoor,Lucknow,North,Laptop Pro 14,Electronics,1,85000,0.05,80750.0,27916.66,85000,4250.0,0.3457171517027864,2025,12,December,Q4,Profitable
ORD01521,2025-06-22,C010,Diya Das,Bhubaneswar,East,Backpack,Accessories,2,2200,0.0,4400.0,1761.89,4400,0.0,0.40042954545454545,2025,6,June,Q2,Profitable
ORD01522,2025-02-18,C009,Vivaan Gupta,Kolkata,East,Premium Pen Set,Stationery,5,650,0.0,3250.0,1312.54,3250,0.0,0.4038584615384615,2025,2,February,Q1,Profitable
ORD01523,2024-12-06,C010,Diya Das,Bhubaneswar,East,Study Desk,Furniture,4,7200,0.05,27360.0,6887.6,28800,1440.0,0.2517397660818714,2024,12,December,Q4,Profitable
ORD01524,2025-11-01,C011,Aditya Mehta,Ahmedabad,West,Bluetooth Headphones,Electronics,4,3200,0.15,10880.0,2560.5,12800,1920.0,0.23534007352941178,2025,11,November,Q4,Profitable
ORD01525,2024-01-17,C013,Reyansh Shah,Surat,West,Premium Pen Set,Stationery,3,650,0.05,1852.5,537.89,1950,97.5,0.29035897435897434,2024,1,January,Q1,Profitable
ORD01526,2025-07-08,C016,Tara Menon,Kochi,South,Mechanical Keyboard,Electronics,3,4500,0.05,12825.0,4881.06,13500,675.0,0.38058947368421053,2025,7,July,Q3,Profitable
ORD01527,2025-10-05,C016,Tara Menon,Kochi,South,Smartphone X,Electronics,2,42000,0.0,84000.0,23876.36,84000,0.0,0.28424238095238097,2025,10,October,Q4,Profitable
ORD01528,2024-03-21,C013,Reyansh Shah,Surat,West,Notebook Pack,Stationery,2,450,0.0,900.0,329.47,900,0.0,0.36607777777777784,2024,3,March,Q1,Profitable
ORD01529,2025-03-03,C004,Ananya Singh,Delhi,North,Premium Pen Set,Stationery,5,650,0.0,3250.0,889.41,3250,0.0,0.2736646153846154,2025,3,March,Q1,Profitable
ORD01530,2025-08-19,C009,Vivaan Gupta,Kolkata,East,Backpack,Accessories,3,2200,0.0,6600.0,1582.8,6600,0.0,0.23981818181818182,2025,8,August,Q3,Profitable
ORD01531,2024-01-02,C010,Diya Das,Bhubaneswar,East,File Organizer,Stationery,3,380,0.05,1083.0,353.78,1140,57.0,0.32666666666666666,2024,1,January,Q1,Profitable
ORD01532,2024-12-02,C007,Arjun Nair,Chennai,South,Bookshelf,Furniture,3,5800,0.05,16530.0,5564.56,17400,870.0,0.33663399879007866,2024,12,December,Q4,Profitable
ORD01533,2024-01-07,C009,Vivaan Gupta,Kolkata,East,Mechanical Keyboard,Electronics,5,4500,0.1,20250.0,3699.25,22500,2250.0,0.18267901234567901,2024,1,January,Q1,Profitable
ORD01534,2025-07-26,C002,Isha Patel,Pune,West,Wireless Mouse,Electronics,2,1200,0.05,2280.0,842.53,2400,120.0,0.36953070175438596,2025,7,July,Q3,Profitable
ORD01535,2024-03-20,C011,Aditya Mehta,Ahmedabad,West,Laptop Pro 14,Electronics,5,85000,0.0,425000.0,128410.71,425000,0.0,0.30214284705882355,2024,3,March,Q1,Profitable
ORD01536,2025-12-18,C011,Aditya Mehta,Ahmedabad,West,Mechanical Keyboard,Electronics,1,4500,0.15,3825.0,597.58,4500,675.0,0.15623006535947714,2025,12,December,Q4,Profitable
ORD01537,2025-07-15,C017,Dev Malhotra,Chandigarh,North,USB-C Cable,Accessories,4,750,0.1,2700.0,717.29,3000,300.0,0.26566296296296293,2025,7,July,Q3,Profitable
ORD01538,2024-08-22,C004,Ananya Singh,Delhi,North,Premium Pen Set,Stationery,4,650,0.05,2470.0,788.98,2600,130.0,0.3194251012145749,2024,8,August,Q3,Profitable
ORD01539,2025-07-22,C017,Dev Malhotra,Chandigarh,North,Study Desk,Furniture,2,7200,0.05,13680.0,4303.32,14400,720.0,0.31457017543859644,2025,7,July,Q3,Profitable
ORD01540,2024-09-13,C019,Neil Bhat,Indore,West,Smartphone X,Electronics,4,42000,0.1,151200.0,43520.03,168000,16800.0,0.2878308862433862,2024,9,September,Q3,Profitable
ORD01541,2025-09-16,C012,Myra Kapoor,Lucknow,North,Notebook Pack,Stationery,5,450,0.0,2250.0,651.09,2250,0.0,0.28937333333333337,2025,9,September,Q3,Profitable
ORD01542,2025-09-19,C019,Neil Bhat,Indore,West,Smartphone X,Electronics,4,42000,0.1,151200.0,29089.95,168000,16800.0,0.19239384920634922,2025,9,September,Q3,Profitable
ORD01543,2025-08-08,C015,Yash Kulkarni,Nagpur,West,Notebook Pack,Stationery,2,450,0.0,900.0,344.99,900,0.0,0.38332222222222223,2025,8,August,Q3,Profitable
ORD01544,2024-07-04,C012,Myra Kapoor,Lucknow,North,Laptop Pro 14,Electronics,3,85000,0.1,229500.0,37698.65,255000,25500.0,0.16426427015250544,2024,7,July,Q3,Profitable
ORD01545,2025-08-23,C001,Aarav Sharma,Mumbai,West,Bluetooth Headphones,Electronics,5,3200,0.15,13600.0,1838.94,16000,2400.0,0.13521617647058823,2025,8,August,Q3,Profitable
ORD01546,2024-08-28,C014,Kiara Roy,Patna,East,Wireless Mouse,Electronics,3,1200,0.2,2880.0,236.1,3600,720.0,0.08197916666666666,2024,8,August,Q3,Profitable
ORD01547,2025-04-15,C009,Vivaan Gupta,Kolkata,East,Study Desk,Furniture,4,7200,0.1,25920.0,8546.26,28800,2880.0,0.3297168209876543,2025,4,April,Q2,Profitable
ORD01548,2024-07-31,C009,Vivaan Gupta,Kolkata,East,Notebook Pack,Stationery,3,450,0.1,1215.0,297.74,1350,135.0,0.24505349794238684,2024,7,July,Q3,Profitable
ORD01549,2025-06-24,C015,Yash Kulkarni,Nagpur,West,Study Desk,Furniture,4,7200,0.2,23040.0,802.28,28800,5760.0,0.03482118055555555,2025,6,June,Q2,Profitable
ORD01550,2025-05-16,C019,Neil Bhat,Indore,West,Travel Bottle,Accessories,1,900,0.15,765.0,133.03,900,135.0,0.1738954248366013,2025,5,May,Q2,Profitable
ORD01551,2024-05-21,C012,Myra Kapoor,Lucknow,North,Laptop Pro 14,Electronics,5,85000,0.15,361250.0,43823.52,425000,63750.0,0.1213107820069204,2024,5,May,Q2,Profitable
ORD01552,2024-11-02,C006,Meera Joshi,Bengaluru,South,Study Desk,Furniture,1,7200,0.05,6840.0,2179.93,7200,360.0,0.31870321637426896,2024,11,November,Q4,Profitable
ORD01553,2025-11-01,C016,Tara Menon,Kochi,South,USB-C Cable,Accessories,1,750,0.1,675.0,135.17,750,75.0,0.20025185185185182,2025,11,November,Q4,Profitable
ORD01554,2025-07-17,C010,Diya Das,Bhubaneswar,East,Bookshelf,Furniture,2,5800,0.1,10440.0,3693.42,11600,1160.0,0.3537758620689655,2025,7,July,Q3,Profitable
ORD01555,2025-11-29,C018,Aanya Iyer,Coimbatore,South,Bluetooth Headphones,Electronics,2,3200,0.1,5760.0,1944.24,6400,640.0,0.3375416666666667,2025,11,November,Q4,Profitable
ORD01556,2025-09-12,C013,Reyansh Shah,Surat,West,Laptop Pro 14,Electronics,2,85000,0.05,161500.0,30211.8,170000,8500.0,0.18706996904024767,2025,9,September,Q3,Profitable
ORD01557,2024-03-07,C007,Arjun Nair,Chennai,South,Bookshelf,Furniture,5,5800,0.05,27550.0,7427.0,29000,1450.0,0.2695825771324864,2024,3,March,Q1,Profitable
ORD01558,2025-08-30,C007,Arjun Nair,Chennai,South,Laptop Pro 14,Electronics,5,85000,0.15,361250.0,33772.81,425000,63750.0,0.09348874740484428,2025,8,August,Q3,Profitable
ORD01559,2025-04-07,C020,Sara Khan,Bhopal,Central,Bluetooth Headphones,Electronics,2,3200,0.2,5120.0,1054.41,6400,1280.0,0.205939453125,2025,4,April,Q2,Profitable
ORD01560,2025-04-26,C001,Aarav Sharma,Mumbai,West,Bluetooth Headphones,Electronics,2,3200,0.1,5760.0,1810.0,6400,640.0,0.3142361111111111,2025,4,April,Q2,Profitable
ORD01561,2025-06-11,C013,Reyansh Shah,Surat,West,Study Desk,Furniture,2,7200,0.1,12960.0,2244.74,14400,1440.0,0.17320524691358022,2025,6,June,Q2,Profitable
ORD01562,2025-05-14,C010,Diya Das,Bhubaneswar,East,File Organizer,Stationery,1,380,0.1,342.0,117.31,380,38.0,0.34301169590643277,2025,5,May,Q2,Profitable
ORD01563,2024-04-24,C009,Vivaan Gupta,Kolkata,East,Notebook Pack,Stationery,3,450,0.2,1080.0,45.61,1350,270.0,0.04223148148148148,2024,4,April,Q2,Profitable
ORD01564,2025-01-21,C002,Isha Patel,Pune,West,Laptop Pro 14,Electronics,2,85000,0.1,153000.0,32623.57,170000,17000.0,0.2132259477124183,2025,1,January,Q1,Profitable
ORD01565,2025-12-11,C016,Tara Menon,Kochi,South,USB-C Cable,Accessories,5,750,0.0,3750.0,1406.56,3750,0.0,0.3750826666666667,2025,12,December,Q4,Profitable
ORD01566,2024-07-21,C001,Aarav Sharma,Mumbai,West,Smartphone X,Electronics,4,42000,0.15,142800.0,17446.22,168000,25200.0,0.12217240896358544,2024,7,July,Q3,Profitable
ORD01567,2025-04-17,C001,Aarav Sharma,Mumbai,West,Wireless Mouse,Electronics,3,1200,0.1,3240.0,439.76,3600,360.0,0.1357283950617284,2025,4,April,Q2,Profitable
ORD01568,2025-05-04,C006,Meera Joshi,Bengaluru,South,Laptop Pro 14,Electronics,4,85000,0.0,340000.0,78756.48,340000,0.0,0.23163670588235294,2025,5,May,Q2,Profitable
ORD01569,2024-03-24,C003,Rohan Deshmukh,Nashik,West,Study Desk,Furniture,3,7200,0.1,19440.0,4749.49,21600,2160.0,0.24431532921810697,2024,3,March,Q1,Profitable
ORD01570,2024-09-20,C017,Dev Malhotra,Chandigarh,North,USB-C Cable,Accessories,5,750,0.05,3562.5,1246.03,3750,187.5,0.34976280701754386,2024,9,September,Q3,Profitable
ORD01571,2024-06-21,C004,Ananya Singh,Delhi,North,Office Chair,Furniture,2,9500,0.15,16150.0,5021.43,19000,2850.0,0.3109244582043344,2024,6,June,Q2,Profitable
ORD01572,2024-02-06,C007,Arjun Nair,Chennai,South,Laptop Pro 14,Electronics,5,85000,0.15,361250.0,36560.97,425000,63750.0,0.10120683737024222,2024,2,February,Q1,Profitable
ORD01573,2025-06-27,C006,Meera Joshi,Bengaluru,South,File Organizer,Stationery,2,380,0.05,722.0,198.77,760,38.0,0.27530470914127425,2025,6,June,Q2,Profitable
ORD01574,2025-06-28,C010,Diya Das,Bhubaneswar,East,Travel Bottle,Accessories,4,900,0.1,3240.0,637.64,3600,360.0,0.19680246913580246,2025,6,June,Q2,Profitable
ORD01575,2024-02-28,C020,Sara Khan,Bhopal,Central,Laptop Pro 14,Electronics,3,85000,0.05,242250.0,94284.49,255000,12750.0,0.3892032610939113,2024,2,February,Q1,Profitable
ORD01576,2025-04-01,C017,Dev Malhotra,Chandigarh,North,File Organizer,Stationery,1,380,0.05,361.0,123.72,380,19.0,0.3427146814404432,2025,4,April,Q2,Profitable
ORD01577,2025-09-28,C001,Aarav Sharma,Mumbai,West,Laptop Pro 14,Electronics,4,85000,0.0,340000.0,85680.12,340000,0.0,0.25200035294117645,2025,9,September,Q3,Profitable
ORD01578,2025-03-18,C016,Tara Menon,Kochi,South,Wireless Mouse,Electronics,1,1200,0.0,1200.0,266.35,1200,0.0,0.22195833333333334,2025,3,March,Q1,Profitable
ORD01579,2025-03-20,C008,Sanya Rao,Hyderabad,South,Mechanical Keyboard,Electronics,2,4500,0.2,7200.0,1474.07,9000,1800.0,0.20473194444444442,2025,3,March,Q1,Profitable
ORD01580,2025-11-10,C019,Neil Bhat,Indore,West,Wireless Mouse,Electronics,2,1200,0.1,2160.0,334.06,2400,240.0,0.1546574074074074,2025,11,November,Q4,Profitable
ORD01581,2024-05-25,C007,Arjun Nair,Chennai,South,USB-C Cable,Accessories,1,750,0.0,750.0,268.02,750,0.0,0.35735999999999996,2024,5,May,Q2,Profitable
ORD01582,2025-01-02,C006,Meera Joshi,Bengaluru,South,Office Chair,Furniture,3,9500,0.0,28500.0,8330.3,28500,0.0,0.29229122807017544,2025,1,January,Q1,Profitable
ORD01583,2025-08-10,C017,Dev Malhotra,Chandigarh,North,Smartphone X,Electronics,3,42000,0.05,119700.0,24921.96,126000,6300.0,0.2082035087719298,2025,8,August,Q3,Profitable
ORD01584,2024-09-24,C009,Vivaan Gupta,Kolkata,East,Mechanical Keyboard,Electronics,3,4500,0.05,12825.0,3156.16,13500,675.0,0.2460943469785575,2024,9,September,Q3,Profitable
ORD01585,2025-03-15,C012,Myra Kapoor,Lucknow,North,LED Table Lamp,Furniture,1,1800,0.05,1710.0,625.44,1800,90.0,0.36575438596491233,2025,3,March,Q1,Profitable
ORD01586,2025-09-03,C013,Reyansh Shah,Surat,West,Laptop Pro 14,Electronics,2,85000,0.15,144500.0,17412.31,170000,25500.0,0.1205004152249135,2025,9,September,Q3,Profitable
ORD01587,2024-01-23,C007,Arjun Nair,Chennai,South,Travel Bottle,Accessories,2,900,0.1,1620.0,555.72,1800,180.0,0.34303703703703703,2024,1,January,Q1,Profitable
ORD01588,2025-07-19,C010,Diya Das,Bhubaneswar,East,LED Table Lamp,Furniture,5,1800,0.05,8550.0,2541.06,9000,450.0,0.2972,2025,7,July,Q3,Profitable
ORD01589,2025-10-01,C005,Kabir Verma,Jaipur,North,Backpack,Accessories,1,2200,0.1,1980.0,615.93,2200,220.0,0.31107575757575756,2025,10,October,Q4,Profitable
ORD01590,2024-07-19,C020,Sara Khan,Bhopal,Central,Wireless Mouse,Electronics,2,1200,0.0,2400.0,972.84,2400,0.0,0.40535,2024,7,July,Q3,Profitable
ORD01591,2025-10-09,C001,Aarav Sharma,Mumbai,West,Laptop Pro 14,Electronics,4,85000,0.1,306000.0,63281.79,340000,34000.0,0.20680323529411765,2025,10,October,Q4,Profitable
ORD01592,2024-05-04,C009,Vivaan Gupta,Kolkata,East,Premium Pen Set,Stationery,5,650,0.05,3087.5,996.71,3250,162.5,0.32282105263157895,2024,5,May,Q2,Profitable
ORD01593,2024-09-18,C019,Neil Bhat,Indore,West,Smartphone X,Electronics,2,42000,0.15,71400.0,15705.25,84000,12600.0,0.21996148459383755,2024,9,September,Q3,Profitable
ORD01594,2024-11-28,C013,Reyansh Shah,Surat,West,Backpack,Accessories,3,2200,0.2,5280.0,775.36,6600,1320.0,0.14684848484848484,2024,11,November,Q4,Profitable
ORD01595,2025-06-05,C001,Aarav Sharma,Mumbai,West,Backpack,Accessories,5,2200,0.0,11000.0,4502.44,11000,0.0,0.4093127272727272,2025,6,June,Q2,Profitable
ORD01596,2024-05-10,C003,Rohan Deshmukh,Nashik,West,Study Desk,Furniture,4,7200,0.1,25920.0,6437.24,28800,2880.0,0.2483503086419753,2024,5,May,Q2,Profitable
ORD01597,2025-06-25,C007,Arjun Nair,Chennai,South,Wireless Mouse,Electronics,3,1200,0.0,3600.0,1065.01,3600,0.0,0.29583611111111113,2025,6,June,Q2,Profitable
ORD01598,2025-03-24,C010,Diya Das,Bhubaneswar,East,File Organizer,Stationery,1,380,0.0,380.0,92.53,380,0.0,0.2435,2025,3,March,Q1,Profitable
ORD01599,2024-05-22,C001,Aarav Sharma,Mumbai,West,LED Table Lamp,Furniture,3,1800,0.05,5130.0,1253.3,5400,270.0,0.24430799220272903,2024,5,May,Q2,Profitable
ORD01600,2024-06-12,C001,Aarav Sharma,Mumbai,West,Bluetooth Headphones,Electronics,5,3200,0.2,12800.0,1117.47,16000,3200.0,0.08730234375,2024,6,June,Q2,Profitable
ORD01601,2025-08-25,C014,Kiara Roy,Patna,East,Bookshelf,Furniture,4,5800,0.1,20880.0,5845.4,23200,2320.0,0.2799521072796935,2025,8,August,Q3,Profitable
ORD01602,2025-07-19,C004,Ananya Singh,Delhi,North,Travel Bottle,Accessories,3,900,0.0,2700.0,1084.33,2700,0.0,0.4016037037037037,2025,7,July,Q3,Profitable
ORD01603,2024-03-17,C014,Kiara Roy,Patna,East,Study Desk,Furniture,4,7200,0.05,27360.0,7304.46,28800,1440.0,0.26697587719298244,2024,3,March,Q1,Profitable
ORD01604,2024-06-13,C006,Meera Joshi,Bengaluru,South,Notebook Pack,Stationery,2,450,0.05,855.0,155.61,900,45.0,0.18200000000000002,2024,6,June,Q2,Profitable
ORD01605,2024-11-01,C019,Neil Bhat,Indore,West,Laptop Pro 14,Electronics,5,85000,0.15,361250.0,110093.1,425000,63750.0,0.30475598615916955,2024,11,November,Q4,Profitable
ORD01606,2025-11-25,C011,Aditya Mehta,Ahmedabad,West,Laptop Pro 14,Electronics,3,85000,0.1,229500.0,54699.72,255000,25500.0,0.23834300653594773,2025,11,November,Q4,Profitable
ORD01607,2025-03-31,C009,Vivaan Gupta,Kolkata,East,Notebook Pack,Stationery,2,450,0.0,900.0,263.91,900,0.0,0.29323333333333335,2025,3,March,Q1,Profitable
ORD01608,2025-04-13,C019,Neil Bhat,Indore,West,File Organizer,Stationery,4,380,0.0,1520.0,414.67,1520,0.0,0.2728092105263158,2025,4,April,Q2,Profitable
ORD01609,2025-09-23,C019,Neil Bhat,Indore,West,Wireless Mouse,Electronics,1,1200,0.05,1140.0,432.86,1200,60.0,0.37970175438596493,2025,9,September,Q3,Profitable
ORD01610,2024-07-07,C002,Isha Patel,Pune,West,Notebook Pack,Stationery,1,450,0.0,450.0,148.88,450,0.0,0.33084444444444444,2024,7,July,Q3,Profitable
ORD01611,2024-06-12,C009,Vivaan Gupta,Kolkata,East,USB-C Cable,Accessories,4,750,0.1,2700.0,620.98,3000,300.0,0.2299925925925926,2024,6,June,Q2,Profitable
ORD01612,2024-06-22,C018,Aanya Iyer,Coimbatore,South,Office Chair,Furniture,2,9500,0.0,19000.0,5647.39,19000,0.0,0.29723105263157895,2024,6,June,Q2,Profitable
ORD01613,2025-03-31,C013,Reyansh Shah,Surat,West,Study Desk,Furniture,3,7200,0.1,19440.0,4063.29,21600,2160.0,0.20901697530864197,2025,3,March,Q1,Profitable
ORD01614,2025-06-12,C018,Aanya Iyer,Coimbatore,South,Office Chair,Furniture,3,9500,0.0,28500.0,7871.57,28500,0.0,0.2761954385964912,2025,6,June,Q2,Profitable
ORD01615,2025-03-13,C001,Aarav Sharma,Mumbai,West,Backpack,Accessories,5,2200,0.05,10450.0,4013.37,11000,550.0,0.3840545454545454,2025,3,March,Q1,Profitable
ORD01616,2025-04-11,C005,Kabir Verma,Jaipur,North,Study Desk,Furniture,3,7200,0.05,20520.0,3962.99,21600,1080.0,0.19312816764132554,2025,4,April,Q2,Profitable
ORD01617,2025-12-10,C008,Sanya Rao,Hyderabad,South,Bluetooth Headphones,Electronics,1,3200,0.1,2880.0,840.44,3200,320.0,0.29181944444444446,2025,12,December,Q4,Profitable
ORD01618,2025-06-02,C014,Kiara Roy,Patna,East,Study Desk,Furniture,3,7200,0.15,18360.0,3670.71,21600,3240.0,0.1999297385620915,2025,6,June,Q2,Profitable
ORD01619,2025-06-16,C001,Aarav Sharma,Mumbai,West,Premium Pen Set,Stationery,3,650,0.05,1852.5,349.19,1950,97.5,0.1884966261808367,2025,6,June,Q2,Profitable
ORD01620,2024-08-21,C003,Rohan Deshmukh,Nashik,West,Premium Pen Set,Stationery,4,650,0.0,2600.0,1015.62,2600,0.0,0.3906230769230769,2024,8,August,Q3,Profitable
ORD01621,2025-03-29,C012,Myra Kapoor,Lucknow,North,Study Desk,Furniture,1,7200,0.0,7200.0,2846.8,7200,0.0,0.3953888888888889,2025,3,March,Q1,Profitable
ORD01622,2025-02-28,C010,Diya Das,Bhubaneswar,East,Backpack,Accessories,4,2200,0.05,8360.0,1512.35,8800,440.0,0.18090311004784687,2025,2,February,Q1,Profitable
ORD01623,2024-12-13,C018,Aanya Iyer,Coimbatore,South,File Organizer,Stationery,3,380,0.0,1140.0,427.94,1140,0.0,0.3753859649122807,2024,12,December,Q4,Profitable
ORD01624,2025-02-05,C001,Aarav Sharma,Mumbai,West,LED Table Lamp,Furniture,5,1800,0.1,8100.0,1756.13,9000,900.0,0.21680617283950618,2025,2,February,Q1,Profitable
ORD01625,2025-03-20,C011,Aditya Mehta,Ahmedabad,West,Premium Pen Set,Stationery,2,650,0.05,1235.0,373.92,1300,65.0,0.3027692307692308,2025,3,March,Q1,Profitable
ORD01626,2025-07-19,C003,Rohan Deshmukh,Nashik,West,Travel Bottle,Accessories,4,900,0.15,3060.0,730.12,3600,540.0,0.23860130718954248,2025,7,July,Q3,Profitable
ORD01627,2024-04-30,C004,Ananya Singh,Delhi,North,LED Table Lamp,Furniture,4,1800,0.05,6840.0,2367.07,7200,360.0,0.34606286549707604,2024,4,April,Q2,Profitable
ORD01628,2024-06-14,C015,Yash Kulkarni,Nagpur,West,Laptop Pro 14,Electronics,3,85000,0.1,229500.0,46314.94,255000,25500.0,0.2018080174291939,2024,6,June,Q2,Profitable
ORD01629,2025-02-04,C014,Kiara Roy,Patna,East,LED Table Lamp,Furniture,3,1800,0.05,5130.0,1925.38,5400,270.0,0.37531773879142305,2025,2,February,Q1,Profitable
ORD01630,2025-09-14,C013,Reyansh Shah,Surat,West,Mechanical Keyboard,Electronics,2,4500,0.0,9000.0,3755.45,9000,0.0,0.4172722222222222,2025,9,September,Q3,Profitable
ORD01631,2024-10-24,C009,Vivaan Gupta,Kolkata,East,Study Desk,Furniture,4,7200,0.05,27360.0,7801.03,28800,1440.0,0.285125365497076,2024,10,October,Q4,Profitable
ORD01632,2025-12-06,C010,Diya Das,Bhubaneswar,East,Study Desk,Furniture,5,7200,0.1,32400.0,5170.3,36000,3600.0,0.15957716049382717,2025,12,December,Q4,Profitable
ORD01633,2025-05-17,C016,Tara Menon,Kochi,South,Notebook Pack,Stationery,5,450,0.1,2025.0,538.98,2250,225.0,0.266162962962963,2025,5,May,Q2,Profitable
ORD01634,2024-12-29,C010,Diya Das,Bhubaneswar,East,Wireless Mouse,Electronics,2,1200,0.2,1920.0,385.08,2400,480.0,0.2005625,2024,12,December,Q4,Profitable
ORD01635,2025-09-17,C008,Sanya Rao,Hyderabad,South,Premium Pen Set,Stationery,1,650,0.05,617.5,161.09,650,32.5,0.26087449392712553,2025,9,September,Q3,Profitable
ORD01636,2024-04-19,C018,Aanya Iyer,Coimbatore,South,Bluetooth Headphones,Electronics,4,3200,0.05,12160.0,3671.07,12800,640.0,0.3018972039473684,2024,4,April,Q2,Profitable
ORD01637,2024-01-26,C011,Aditya Mehta,Ahmedabad,West,Notebook Pack,Stationery,1,450,0.1,405.0,93.22,450,45.0,0.23017283950617284,2024,1,January,Q1,Profitable
ORD01638,2024-07-23,C003,Rohan Deshmukh,Nashik,West,USB-C Cable,Accessories,3,750,0.15,1912.5,390.69,2250,337.5,0.20428235294117647,2024,7,July,Q3,Profitable
ORD01639,2024-08-28,C009,Vivaan Gupta,Kolkata,East,Premium Pen Set,Stationery,3,650,0.05,1852.5,530.16,1950,97.5,0.28618623481781374,2024,8,August,Q3,Profitable
ORD01640,2024-10-10,C007,Arjun Nair,Chennai,South,Backpack,Accessories,1,2200,0.05,2090.0,631.21,2200,110.0,0.3020143540669857,2024,10,October,Q4,Profitable
ORD01641,2024-06-11,C010,Diya Das,Bhubaneswar,East,Laptop Pro 14,Electronics,3,85000,0.1,229500.0,42891.22,255000,25500.0,0.18688984749455337,2024,6,June,Q2,Profitable
ORD01642,2024-05-06,C012,Myra Kapoor,Lucknow,North,Laptop Pro 14,Electronics,3,85000,0.05,242250.0,79442.54,255000,12750.0,0.32793618163054694,2024,5,May,Q2,Profitable
ORD01643,2025-05-17,C015,Yash Kulkarni,Unknown,West,Premium Pen Set,Stationery,3,650,0.1,1755.0,604.77,1950,195.0,0.3445982905982906,2025,5,May,Q2,Profitable
ORD01644,2024-01-01,C017,Dev Malhotra,Chandigarh,North,LED Table Lamp,Furniture,5,1800,0.05,8550.0,2478.91,9000,450.0,0.28993099415204676,2024,1,January,Q1,Profitable
ORD01645,2024-12-14,C020,Sara Khan,Bhopal,Central,Office Chair,Furniture,1,9500,0.05,9025.0,1668.29,9500,475.0,0.18485207756232686,2024,12,December,Q4,Profitable
ORD01646,2024-02-20,C017,Dev Malhotra,Chandigarh,North,Bluetooth Headphones,Electronics,3,3200,0.15,8160.0,934.1,9600,1440.0,0.11447303921568627,2024,2,February,Q1,Profitable
ORD01647,2025-09-14,C008,Sanya Rao,Hyderabad,South,Laptop Pro 14,Electronics,4,85000,0.15,289000.0,39490.96,340000,51000.0,0.13664692041522492,2025,9,September,Q3,Profitable
ORD01648,2025-09-12,C015,Yash Kulkarni,Nagpur,West,Office Chair,Furniture,1,9500,0.0,9500.0,3021.46,9500,0.0,0.3180484210526316,2025,9,September,Q3,Profitable
ORD01649,2024-01-29,C006,Meera Joshi,Bengaluru,South,USB-C Cable,Accessories,2,750,0.1,1350.0,417.14,1500,150.0,0.3089925925925926,2024,1,January,Q1,Profitable
ORD01650,2025-05-11,C012,Myra Kapoor,Lucknow,North,Backpack,Accessories,4,2200,0.1,7920.0,1175.83,8800,880.0,0.14846338383838384,2025,5,May,Q2,Profitable
ORD01651,2025-10-30,C002,Isha Patel,Pune,West,Bluetooth Headphones,Electronics,3,3200,0.0,9600.0,2874.21,9600,0.0,0.299396875,2025,10,October,Q4,Profitable
ORD01652,2025-07-03,C003,Rohan Deshmukh,Nashik,West,Office Chair,Furniture,2,9500,0.15,16150.0,1330.98,19000,2850.0,0.08241362229102167,2025,7,July,Q3,Profitable
ORD01653,2025-11-13,C007,Arjun Nair,Chennai,South,Bluetooth Headphones,Electronics,5,3200,0.05,15200.0,2777.9,16000,800.0,0.18275657894736844,2025,11,November,Q4,Profitable
ORD01654,2025-10-01,C012,Myra Kapoor,Lucknow,North,Smartphone X,Electronics,5,42000,0.1,189000.0,41826.51,210000,21000.0,0.22130428571428573,2025,10,October,Q4,Profitable
ORD01655,2024-07-29,C005,Kabir Verma,Jaipur,North,Premium Pen Set,Stationery,3,650,0.05,1852.5,714.12,1950,97.5,0.3854898785425101,2024,7,July,Q3,Profitable
ORD01656,2024-05-01,C011,Aditya Mehta,Ahmedabad,West,Study Desk,Furniture,5,7200,0.05,34200.0,10362.18,36000,1800.0,0.30298771929824564,2024,5,May,Q2,Profitable
ORD01657,2024-10-23,C010,Diya Das,Bhubaneswar,East,Backpack,Accessories,5,2200,0.0,11000.0,3105.76,11000,0.0,0.2823418181818182,2024,10,October,Q4,Profitable
ORD01658,2024-01-08,C020,Sara Khan,Bhopal,Central,Notebook Pack,Stationery,5,450,0.1,2025.0,516.03,2250,225.0,0.25482962962962963,2024,1,January,Q1,Profitable
ORD01659,2025-03-13,C008,Sanya Rao,Hyderabad,South,Backpack,Accessories,1,2200,0.1,1980.0,302.15,2200,220.0,0.1526010101010101,2025,3,March,Q1,Profitable
ORD01660,2025-05-28,C018,Aanya Iyer,Coimbatore,South,LED Table Lamp,Furniture,2,1800,0.05,3420.0,1181.15,3600,180.0,0.34536549707602343,2025,5,May,Q2,Profitable
ORD01661,2024-07-14,C018,Aanya Iyer,Coimbatore,South,Bluetooth Headphones,Electronics,1,3200,0.1,2880.0,584.14,3200,320.0,0.20282638888888888,2024,7,July,Q3,Profitable
ORD01662,2024-08-08,C017,Dev Malhotra,Chandigarh,North,Notebook Pack,Stationery,1,450,0.05,427.5,160.88,450,22.5,0.37632748538011696,2024,8,August,Q3,Profitable
ORD01663,2024-10-02,C013,Reyansh Shah,Surat,West,Wireless Mouse,Electronics,3,1200,0.0,3600.0,1027.54,3600,0.0,0.2854277777777778,2024,10,October,Q4,Profitable
ORD01664,2024-08-28,C013,Reyansh Shah,Surat,West,Bluetooth Headphones,Electronics,3,3200,0.1,8640.0,2301.04,9600,960.0,0.26632407407407405,2024,8,August,Q3,Profitable
ORD01665,2024-07-18,C002,Isha Patel,Pune,West,Office Chair,Furniture,2,9500,0.1,17100.0,5296.45,19000,1900.0,0.309733918128655,2024,7,July,Q3,Profitable
ORD01666,2025-10-04,C020,Sara Khan,Bhopal,Central,Notebook Pack,Stationery,5,450,0.05,2137.5,497.18,2250,112.5,0.23259883040935672,2025,10,October,Q4,Profitable
ORD01667,2024-06-10,C005,Kabir Verma,Jaipur,North,Bluetooth Headphones,Electronics,5,3200,0.1,14400.0,2490.72,16000,1600.0,0.17296666666666666,2024,6,June,Q2,Profitable
ORD01668,2025-04-10,C019,Neil Bhat,Indore,West,Notebook Pack,Stationery,1,450,0.0,450.0,117.51,450,0.0,0.26113333333333333,2025,4,April,Q2,Profitable
ORD01669,2025-05-08,C003,Rohan Deshmukh,Nashik,West,Wireless Mouse,Electronics,2,1200,0.1,2160.0,742.68,2400,240.0,0.3438333333333333,2025,5,May,Q2,Profitable
ORD01670,2025-03-24,C018,Aanya Iyer,Coimbatore,South,Notebook Pack,Stationery,3,450,0.05,1282.5,472.3,1350,67.5,0.36826510721247563,2025,3,March,Q1,Profitable
ORD01671,2025-08-29,C003,Rohan Deshmukh,Nashik,West,Laptop Pro 14,Electronics,4,85000,0.0,340000.0,134142.79,340000,0.0,0.39453761764705886,2025,8,August,Q3,Profitable
ORD01672,2024-01-25,C012,Myra Kapoor,Lucknow,North,USB-C Cable,Accessories,5,750,0.1,3375.0,931.23,3750,375.0,0.27592,2024,1,January,Q1,Profitable
ORD01673,2024-05-15,C004,Ananya Singh,Delhi,North,Smartphone X,Electronics,1,42000,0.05,39900.0,8315.38,42000,2100.0,0.20840551378446112,2024,5,May,Q2,Profitable
ORD01674,2024-11-19,C020,Sara Khan,Bhopal,Central,Bluetooth Headphones,Electronics,3,3200,0.15,8160.0,2297.98,9600,1440.0,0.2816151960784314,2024,11,November,Q4,Profitable
ORD01675,2025-07-31,C007,Arjun Nair,Chennai,South,Laptop Pro 14,Electronics,1,85000,0.0,85000.0,31605.07,85000,0.0,0.3718243529411765,2025,7,July,Q3,Profitable
ORD01676,2024-03-15,C002,Isha Patel,Pune,West,Laptop Pro 14,Electronics,2,85000,0.0,170000.0,60138.92,170000,0.0,0.35375835294117647,2024,3,March,Q1,Profitable
ORD01677,2025-07-06,C002,Isha Patel,Pune,West,File Organizer,Stationery,2,380,0.05,722.0,207.32,760,38.0,0.2871468144044321,2025,7,July,Q3,Profitable
ORD01678,2025-12-27,C017,Dev Malhotra,Chandigarh,North,File Organizer,Stationery,1,380,0.1,342.0,53.73,380,38.0,0.15710526315789472,2025,12,December,Q4,Profitable
ORD01679,2025-07-13,C019,Neil Bhat,Indore,West,Laptop Pro 14,Electronics,2,85000,0.0,170000.0,63249.89,170000,0.0,0.37205817647058825,2025,7,July,Q3,Profitable
ORD01680,2024-03-17,C016,Tara Menon,Kochi,South,Bluetooth Headphones,Electronics,5,3200,0.2,12800.0,1816.63,16000,3200.0,0.14192421875,2024,3,March,Q1,Profitable
ORD01681,2024-03-14,C001,Aarav Sharma,Mumbai,West,Bluetooth Headphones,Electronics,3,3200,0.15,8160.0,1127.05,9600,1440.0,0.1381188725490196,2024,3,March,Q1,Profitable
ORD01682,2024-12-10,C008,Sanya Rao,Hyderabad,South,Premium Pen Set,Stationery,4,650,0.15,2210.0,201.6,2600,390.0,0.09122171945701357,2024,12,December,Q4,Profitable
ORD01683,2024-11-08,C004,Ananya Singh,Delhi,North,Wireless Mouse,Electronics,2,1200,0.1,2160.0,528.18,2400,240.0,0.24452777777777776,2024,11,November,Q4,Profitable
ORD01684,2025-06-11,C011,Aditya Mehta,Ahmedabad,West,Notebook Pack,Stationery,1,450,0.05,427.5,136.71,450,22.5,0.31978947368421057,2025,6,June,Q2,Profitable
ORD01685,2024-03-06,C007,Arjun Nair,Chennai,South,LED Table Lamp,Furniture,4,1800,0.15,6120.0,1087.27,7200,1080.0,0.17765849673202613,2024,3,March,Q1,Profitable
ORD01686,2024-04-21,C018,Aanya Iyer,Coimbatore,South,Study Desk,Furniture,5,7200,0.1,32400.0,4428.36,36000,3600.0,0.13667777777777776,2024,4,April,Q2,Profitable
ORD01687,2024-11-19,C013,Reyansh Shah,Surat,West,Premium Pen Set,Stationery,2,650,0.15,1105.0,342.6,1300,195.0,0.3100452488687783,2024,11,November,Q4,Profitable
ORD01688,2024-12-19,C009,Vivaan Gupta,Kolkata,East,File Organizer,Stationery,2,380,0.1,684.0,170.95,760,76.0,0.2499269005847953,2024,12,December,Q4,Profitable
ORD01689,2024-06-28,C005,Kabir Verma,Jaipur,North,Premium Pen Set,Stationery,4,650,0.1,2340.0,472.71,2600,260.0,0.20201282051282052,2024,6,June,Q2,Profitable
ORD01690,2025-02-14,C010,Diya Das,Bhubaneswar,East,Notebook Pack,Stationery,5,450,0.1,2025.0,429.81,2250,225.0,0.21225185185185186,2025,2,February,Q1,Profitable
ORD01691,2025-10-07,C017,Dev Malhotra,Chandigarh,North,Smartphone X,Electronics,2,42000,0.0,84000.0,30148.73,84000,0.0,0.3589134523809524,2025,10,October,Q4,Profitable
ORD01692,2024-07-05,C015,Yash Kulkarni,Nagpur,West,LED Table Lamp,Furniture,3,1800,0.1,4860.0,838.29,5400,540.0,0.17248765432098764,2024,7,July,Q3,Profitable
ORD01693,2025-09-26,C016,Tara Menon,Kochi,South,Bookshelf,Furniture,3,5800,0.0,17400.0,4830.21,17400,0.0,0.277598275862069,2025,9,September,Q3,Profitable
ORD01694,2025-08-04,C011,Aditya Mehta,Ahmedabad,West,Travel Bottle,Accessories,3,900,0.2,2160.0,525.61,2700,540.0,0.24333796296296298,2025,8,August,Q3,Profitable
ORD01695,2024-04-04,C017,Dev Malhotra,Chandigarh,North,LED Table Lamp,Furniture,1,1800,0.05,1710.0,535.25,1800,90.0,0.31301169590643274,2024,4,April,Q2,Profitable
ORD01696,2025-11-25,C019,Neil Bhat,Indore,West,Travel Bottle,Accessories,3,900,0.2,2160.0,259.55,2700,540.0,0.12016203703703704,2025,11,November,Q4,Profitable
ORD01697,2025-06-23,C018,Aanya Iyer,Coimbatore,South,Notebook Pack,Stationery,3,450,0.05,1282.5,327.21,1350,67.5,0.2551345029239766,2025,6,June,Q2,Profitable
ORD01698,2025-10-07,C001,Aarav Sharma,Mumbai,West,Bookshelf,Furniture,1,5800,0.1,5220.0,1809.22,5800,580.0,0.3465938697318008,2025,10,October,Q4,Profitable
ORD01699,2025-11-17,C011,Aditya Mehta,Ahmedabad,West,Mechanical Keyboard,Electronics,5,4500,0.2,18000.0,3650.36,22500,4500.0,0.20279777777777777,2025,11,November,Q4,Profitable
ORD01700,2025-02-20,C007,Arjun Nair,Chennai,South,Laptop Pro 14,Electronics,5,85000,0.05,403750.0,129173.85,425000,21250.0,0.3199352321981424,2025,2,February,Q1,Profitable
ORD01701,2024-11-11,C006,Meera Joshi,Bengaluru,South,Laptop Pro 14,Electronics,2,85000,0.05,161500.0,55852.39,170000,8500.0,0.3458352321981424,2024,11,November,Q4,Profitable
ORD01702,2025-04-08,C008,Sanya Rao,Hyderabad,South,Bookshelf,Furniture,5,5800,0.05,27550.0,7382.24,29000,1450.0,0.2679578947368421,2025,4,April,Q2,Profitable
ORD01703,2025-04-24,C006,Meera Joshi,Bengaluru,South,Premium Pen Set,Stationery,3,650,0.15,1657.5,483.24,1950,292.5,0.2915475113122172,2025,4,April,Q2,Profitable
ORD01704,2024-07-20,C005,Kabir Verma,Jaipur,North,Notebook Pack,Stationery,1,450,0.0,450.0,183.73,450,0.0,0.40828888888888887,2024,7,July,Q3,Profitable
ORD01705,2024-02-03,C007,Arjun Nair,Chennai,South,Notebook Pack,Stationery,4,450,0.2,1440.0,62.44,1800,360.0,0.04336111111111111,2024,2,February,Q1,Profitable
ORD01706,2025-02-16,C012,Myra Kapoor,Lucknow,North,Laptop Pro 14,Electronics,4,85000,0.0,340000.0,95972.14,340000,0.0,0.282271,2025,2,February,Q1,Profitable
ORD01707,2024-09-24,C010,Diya Das,Bhubaneswar,East,Backpack,Accessories,2,2200,0.15,3740.0,1044.46,4400,660.0,0.2792673796791444,2024,9,September,Q3,Profitable
ORD01708,2024-12-30,C003,Rohan Deshmukh,Nashik,West,USB-C Cable,Accessories,1,750,0.0,750.0,227.75,750,0.0,0.30366666666666664,2024,12,December,Q4,Profitable
ORD01709,2024-02-28,C015,Yash Kulkarni,Nagpur,West,Office Chair,Furniture,3,9500,0.1,25650.0,7962.94,28500,2850.0,0.31044600389863547,2024,2,February,Q1,Profitable
ORD01710,2024-05-28,C007,Arjun Nair,Chennai,South,LED Table Lamp,Furniture,5,1800,0.1,8100.0,2705.55,9000,900.0,0.33401851851851855,2024,5,May,Q2,Profitable
ORD01711,2024-11-04,C005,Kabir Verma,Jaipur,North,Travel Bottle,Accessories,4,900,0.0,3600.0,1508.17,3600,0.0,0.4189361111111111,2024,11,November,Q4,Profitable
ORD01712,2025-09-17,C002,Isha Patel,Pune,West,Backpack,Accessories,5,2200,0.05,10450.0,2600.83,11000,550.0,0.24888325358851673,2025,9,September,Q3,Profitable
ORD01713,2025-03-22,C003,Rohan Deshmukh,Nashik,West,Bluetooth Headphones,Electronics,4,3200,0.15,10880.0,1622.66,12800,1920.0,0.14914154411764707,2025,3,March,Q1,Profitable
ORD01714,2024-08-31,C004,Ananya Singh,Delhi,North,Laptop Pro 14,Electronics,2,85000,0.0,170000.0,65257.47,170000,0.0,0.3838674705882353,2024,8,August,Q3,Profitable
ORD01715,2025-10-08,C008,Sanya Rao,Hyderabad,South,Smartphone X,Electronics,3,42000,0.1,113400.0,39765.94,126000,12600.0,0.3506696649029983,2025,10,October,Q4,Profitable
ORD01716,2025-09-11,C019,Neil Bhat,Indore,West,USB-C Cable,Accessories,2,750,0.1,1350.0,370.47,1500,150.0,0.27442222222222223,2025,9,September,Q3,Profitable
ORD01717,2024-10-30,C009,Vivaan Gupta,Kolkata,East,Study Desk,Furniture,4,7200,0.05,27360.0,10034.14,28800,1440.0,0.36674488304093567,2024,10,October,Q4,Profitable
ORD01718,2024-01-29,C010,Diya Das,Bhubaneswar,East,Backpack,Accessories,1,2200,0.1,1980.0,632.04,2200,220.0,0.31921212121212117,2024,1,January,Q1,Profitable
ORD01719,2024-07-02,C017,Dev Malhotra,Chandigarh,North,LED Table Lamp,Furniture,5,1800,0.0,9000.0,3176.0,9000,0.0,0.35288888888888886,2024,7,July,Q3,Profitable
ORD01720,2024-09-21,C007,Arjun Nair,Chennai,South,Mechanical Keyboard,Electronics,2,4500,0.1,8100.0,2650.38,9000,900.0,0.32720740740740745,2024,9,September,Q3,Profitable
ORD01721,2025-07-26,C010,Diya Das,Bhubaneswar,East,Backpack,Accessories,4,2200,0.1,7920.0,1109.79,8800,880.0,0.140125,2025,7,July,Q3,Profitable
ORD01722,2025-07-15,C004,Ananya Singh,Delhi,North,File Organizer,Stationery,5,380,0.1,1710.0,290.17,1900,190.0,0.16969005847953217,2025,7,July,Q3,Profitable
ORD01723,2025-11-10,C002,Isha Patel,Pune,West,Wireless Mouse,Electronics,1,1200,0.0,1200.0,388.94,1200,0.0,0.32411666666666666,2025,11,November,Q4,Profitable
ORD01724,2024-07-08,C015,Yash Kulkarni,Nagpur,West,Smartphone X,Electronics,4,42000,0.1,151200.0,28081.01,168000,16800.0,0.1857209656084656,2024,7,July,Q3,Profitable
ORD01725,2024-08-30,C019,Neil Bhat,Indore,West,USB-C Cable,Accessories,3,750,0.1,2025.0,505.46,2250,225.0,0.24960987654320987,2024,8,August,Q3,Profitable
ORD01726,2025-08-16,C013,Reyansh Shah,Surat,West,Notebook Pack,Stationery,2,450,0.15,765.0,75.63,900,135.0,0.0988627450980392,2025,8,August,Q3,Profitable
ORD01727,2024-11-06,C012,Myra Kapoor,Lucknow,North,USB-C Cable,Accessories,3,750,0.0,2250.0,861.91,2250,0.0,0.3830711111111111,2024,11,November,Q4,Profitable
ORD01728,2024-10-06,C008,Sanya Rao,Hyderabad,South,LED Table Lamp,Furniture,5,1800,0.0,9000.0,2294.44,9000,0.0,0.25493777777777776,2024,10,October,Q4,Profitable
ORD01729,2024-12-01,C012,Myra Kapoor,Lucknow,North,Smartphone X,Electronics,4,42000,0.15,142800.0,41630.57,168000,25200.0,0.29153060224089633,2024,12,December,Q4,Profitable
ORD01730,2024-09-10,C006,Meera Joshi,Bengaluru,South,Smartphone X,Electronics,5,42000,0.05,199500.0,44696.04,210000,10500.0,0.2240403007518797,2024,9,September,Q3,Profitable
ORD01731,2025-05-25,C004,Ananya Singh,Delhi,North,Bookshelf,Furniture,3,5800,0.05,16530.0,4322.3,17400,870.0,0.2614821536600121,2025,5,May,Q2,Profitable
ORD01732,2024-08-05,C011,Aditya Mehta,Ahmedabad,West,File Organizer,Stationery,5,380,0.0,1900.0,620.25,1900,0.0,0.32644736842105265,2024,8,August,Q3,Profitable
ORD01733,2025-01-07,C001,Aarav Sharma,Mumbai,West,USB-C Cable,Accessories,4,750,0.15,2550.0,751.17,3000,450.0,0.2945764705882353,2025,1,January,Q1,Profitable
ORD01734,2025-02-01,C016,Tara Menon,Kochi,South,Premium Pen Set,Stationery,4,650,0.15,2210.0,416.83,2600,390.0,0.18861085972850677,2025,2,February,Q1,Profitable
ORD01735,2024-05-07,C006,Meera Joshi,Bengaluru,South,Mechanical Keyboard,Electronics,3,4500,0.15,11475.0,2374.72,13500,2025.0,0.20694727668845314,2024,5,May,Q2,Profitable
ORD01736,2025-07-24,C016,Tara Menon,Kochi,South,Bluetooth Headphones,Electronics,5,3200,0.1,14400.0,2676.45,16000,1600.0,0.18586458333333333,2025,7,July,Q3,Profitable
ORD01737,2024-06-14,C009,Vivaan Gupta,Kolkata,East,File Organizer,Stationery,1,380,0.1,342.0,113.0,380,38.0,0.3304093567251462,2024,6,June,Q2,Profitable
ORD01738,2025-07-30,C020,Sara Khan,Bhopal,Central,USB-C Cable,Accessories,1,750,0.1,675.0,152.89,750,75.0,0.22650370370370368,2025,7,July,Q3,Profitable
ORD01739,2024-06-06,C002,Isha Patel,Pune,West,Notebook Pack,Stationery,3,450,0.0,1350.0,411.61,1350,0.0,0.30489629629629633,2024,6,June,Q2,Profitable
ORD01740,2024-03-12,C019,Neil Bhat,Indore,West,Wireless Mouse,Electronics,5,1200,0.0,6000.0,1724.51,6000,0.0,0.28741833333333333,2024,3,March,Q1,Profitable
ORD01741,2025-10-13,C017,Dev Malhotra,Chandigarh,North,Travel Bottle,Accessories,4,900,0.1,3240.0,645.77,3600,360.0,0.19931172839506173,2025,10,October,Q4,Profitable
ORD01742,2024-03-17,C012,Myra Kapoor,Lucknow,North,Mechanical Keyboard,Electronics,5,4500,0.0,22500.0,5133.44,22500,0.0,0.22815288888888888,2024,3,March,Q1,Profitable
ORD01743,2025-01-05,C009,Vivaan Gupta,Kolkata,East,Premium Pen Set,Stationery,4,650,0.1,2340.0,598.05,2600,260.0,0.25557692307692303,2025,1,January,Q1,Profitable
ORD01744,2024-10-30,C005,Kabir Verma,Jaipur,North,Smartphone X,Electronics,2,42000,0.15,71400.0,8462.37,84000,12600.0,0.11852058823529413,2024,10,October,Q4,Profitable
ORD01745,2024-01-14,C007,Arjun Nair,Chennai,South,Backpack,Accessories,4,2200,0.15,7480.0,1629.88,8800,1320.0,0.21789839572192515,2024,1,January,Q1,Profitable
ORD01746,2025-06-13,C012,Myra Kapoor,Lucknow,North,Office Chair,Furniture,3,9500,0.05,27075.0,4955.31,28500,1425.0,0.18302160664819947,2025,6,June,Q2,Profitable
ORD01747,2025-06-30,C020,Sara Khan,Bhopal,Central,USB-C Cable,Accessories,4,750,0.05,2850.0,1010.41,3000,150.0,0.3545298245614035,2025,6,June,Q2,Profitable
ORD01748,2024-05-10,C005,Kabir Verma,Jaipur,North,Bluetooth Headphones,Electronics,4,3200,0.0,12800.0,5346.49,12800,0.0,0.41769453125,2024,5,May,Q2,Profitable
ORD01749,2025-09-26,C004,Ananya Singh,Delhi,North,Bookshelf,Furniture,3,5800,0.1,15660.0,5562.5,17400,1740.0,0.35520434227330777,2025,9,September,Q3,Profitable
ORD01750,2024-07-26,C001,Aarav Sharma,Mumbai,West,Backpack,Accessories,3,2200,0.0,6600.0,2420.56,6600,0.0,0.36675151515151516,2024,7,July,Q3,Profitable
ORD01751,2024-02-01,C014,Kiara Roy,Patna,East,Backpack,Accessories,3,2200,0.05,6270.0,1481.43,6600,330.0,0.23627272727272727,2024,2,February,Q1,Profitable
ORD01752,2025-12-24,C015,Yash Kulkarni,Nagpur,West,USB-C Cable,Accessories,3,750,0.0,2250.0,650.69,2250,0.0,0.2891955555555556,2025,12,December,Q4,Profitable
ORD01753,2024-08-21,C012,Myra Kapoor,Lucknow,North,Travel Bottle,Accessories,1,900,0.1,810.0,133.44,900,90.0,0.16474074074074074,2024,8,August,Q3,Profitable
ORD01754,2025-10-15,C001,Aarav Sharma,Unknown,West,Wireless Mouse,Electronics,1,1200,0.1,1080.0,278.03,1200,120.0,0.25743518518518516,2025,10,October,Q4,Profitable
ORD01755,2025-04-01,C015,Yash Kulkarni,Nagpur,West,LED Table Lamp,Furniture,2,1800,0.05,3420.0,643.09,3600,180.0,0.18803801169590645,2025,4,April,Q2,Profitable
ORD01756,2024-01-08,C013,Reyansh Shah,Surat,West,USB-C Cable,Accessories,1,750,0.1,675.0,144.19,750,75.0,0.2136148148148148,2024,1,January,Q1,Profitable
ORD01757,2024-09-01,C007,Arjun Nair,Chennai,South,USB-C Cable,Accessories,3,750,0.1,2025.0,286.18,2250,225.0,0.14132345679012345,2024,9,September,Q3,Profitable
ORD01758,2024-11-06,C001,Aarav Sharma,Mumbai,West,File Organizer,Stationery,2,380,0.0,760.0,311.23,760,0.0,0.40951315789473686,2024,11,November,Q4,Profitable
ORD01759,2025-12-04,C008,Sanya Rao,Hyderabad,South,Premium Pen Set,Stationery,5,650,0.1,2925.0,700.33,3250,325.0,0.23942905982905985,2025,12,December,Q4,Profitable
ORD01760,2024-10-29,C013,Reyansh Shah,Surat,West,Backpack,Accessories,4,2200,0.15,7480.0,735.44,8800,1320.0,0.09832085561497327,2024,10,October,Q4,Profitable
ORD01761,2025-06-08,C012,Myra Kapoor,Lucknow,North,Smartphone X,Electronics,5,42000,0.0,210000.0,48961.36,210000,0.0,0.23314933333333335,2025,6,June,Q2,Profitable
ORD01762,2024-06-12,C020,Sara Khan,Bhopal,Central,Backpack,Accessories,1,2200,0.05,2090.0,401.03,2200,110.0,0.1918803827751196,2024,6,June,Q2,Profitable
ORD01763,2024-06-03,C001,Aarav Sharma,Mumbai,West,Bluetooth Headphones,Electronics,2,3200,0.2,5120.0,696.81,6400,1280.0,0.136095703125,2024,6,June,Q2,Profitable
ORD01764,2025-01-25,C001,Aarav Sharma,Mumbai,West,LED Table Lamp,Furniture,3,1800,0.05,5130.0,1663.93,5400,270.0,0.3243528265107213,2025,1,January,Q1,Profitable
ORD01765,2025-04-08,C010,Diya Das,Bhubaneswar,East,Office Chair,Furniture,5,9500,0.1,42750.0,7723.8,47500,4750.0,0.18067368421052632,2025,4,April,Q2,Profitable
ORD01766,2025-01-07,C017,Dev Malhotra,Chandigarh,North,Smartphone X,Electronics,3,42000,0.1,113400.0,22362.44,126000,12600.0,0.19719964726631392,2025,1,January,Q1,Profitable
ORD01767,2024-06-18,C007,Arjun Nair,Chennai,South,Smartphone X,Electronics,4,42000,0.05,159600.0,30041.13,168000,8400.0,0.18822763157894737,2024,6,June,Q2,Profitable
ORD01768,2024-04-08,C020,Sara Khan,Bhopal,Central,USB-C Cable,Accessories,5,750,0.0,3750.0,1208.15,3750,0.0,0.32217333333333337,2024,4,April,Q2,Profitable
ORD01769,2024-04-28,C005,Kabir Verma,Jaipur,North,Office Chair,Furniture,2,9500,0.05,18050.0,4378.94,19000,950.0,0.24260055401662048,2024,4,April,Q2,Profitable
ORD01770,2025-05-30,C008,Sanya Rao,Hyderabad,South,LED Table Lamp,Furniture,5,1800,0.05,8550.0,2598.11,9000,450.0,0.30387251461988307,2025,5,May,Q2,Profitable
ORD01771,2024-10-19,C010,Diya Das,Bhubaneswar,East,USB-C Cable,Accessories,4,750,0.0,3000.0,727.46,3000,0.0,0.24248666666666668,2024,10,October,Q4,Profitable
ORD01772,2025-08-18,C002,Isha Patel,Pune,West,File Organizer,Stationery,1,380,0.1,342.0,70.36,380,38.0,0.2057309941520468,2025,8,August,Q3,Profitable
ORD01773,2024-03-28,C011,Aditya Mehta,Ahmedabad,West,Bookshelf,Furniture,4,5800,0.1,20880.0,3697.87,23200,2320.0,0.17710105363984674,2024,3,March,Q1,Profitable
ORD01774,2025-01-30,C012,Myra Kapoor,Lucknow,North,USB-C Cable,Accessories,5,750,0.0,3750.0,1088.84,3750,0.0,0.2903573333333333,2025,1,January,Q1,Profitable
ORD01775,2024-10-03,C015,Yash Kulkarni,Nagpur,West,Travel Bottle,Accessories,2,900,0.1,1620.0,551.85,1800,180.0,0.34064814814814814,2024,10,October,Q4,Profitable
ORD01776,2025-07-28,C004,Ananya Singh,Delhi,North,Premium Pen Set,Stationery,5,650,0.1,2925.0,767.4,3250,325.0,0.2623589743589744,2025,7,July,Q3,Profitable
ORD01777,2024-06-29,C020,Sara Khan,Bhopal,Central,Premium Pen Set,Stationery,3,650,0.1,1755.0,265.58,1950,195.0,0.15132763532763532,2024,6,June,Q2,Profitable
ORD01778,2024-07-15,C005,Kabir Verma,Jaipur,North,Premium Pen Set,Stationery,1,650,0.2,520.0,85.28,650,130.0,0.164,2024,7,July,Q3,Profitable
ORD01779,2024-09-11,C002,Isha Patel,Pune,West,Travel Bottle,Accessories,3,900,0.2,2160.0,449.27,2700,540.0,0.20799537037037036,2024,9,September,Q3,Profitable
ORD01780,2025-09-11,C005,Kabir Verma,Jaipur,North,LED Table Lamp,Furniture,4,1800,0.0,7200.0,2795.56,7200,0.0,0.38827222222222224,2025,9,September,Q3,Profitable
ORD01781,2024-05-10,C009,Vivaan Gupta,Kolkata,East,Bluetooth Headphones,Electronics,1,3200,0.15,2720.0,775.75,3200,480.0,0.28520220588235295,2024,5,May,Q2,Profitable
ORD01782,2024-04-14,C009,Vivaan Gupta,Kolkata,East,Smartphone X,Electronics,3,42000,0.15,107100.0,33779.62,126000,18900.0,0.315402614379085,2024,4,April,Q2,Profitable
ORD01783,2024-09-16,C013,Reyansh Shah,Surat,West,Premium Pen Set,Stationery,5,650,0.1,2925.0,695.73,3250,325.0,0.23785641025641027,2024,9,September,Q3,Profitable
ORD01784,2025-06-04,C017,Dev Malhotra,Chandigarh,North,Office Chair,Furniture,1,9500,0.1,8550.0,2245.11,9500,950.0,0.2625859649122807,2025,6,June,Q2,Profitable
ORD01785,2025-02-18,C010,Diya Das,Bhubaneswar,East,Bookshelf,Furniture,4,5800,0.05,22040.0,5657.85,23200,1160.0,0.2567082577132487,2025,2,February,Q1,Profitable
ORD01786,2024-04-14,C010,Diya Das,Bhubaneswar,East,Bluetooth Headphones,Electronics,1,3200,0.05,3040.0,600.95,3200,160.0,0.1976809210526316,2024,4,April,Q2,Profitable
ORD01787,2025-10-02,C002,Isha Patel,Pune,West,Notebook Pack,Stationery,3,450,0.0,1350.0,310.4,1350,0.0,0.22992592592592592,2025,10,October,Q4,Profitable
ORD01788,2025-10-13,C015,Yash Kulkarni,Nagpur,West,Travel Bottle,Accessories,5,900,0.0,4500.0,1129.93,4500,0.0,0.25109555555555557,2025,10,October,Q4,Profitable
ORD01789,2024-08-07,C003,Rohan Deshmukh,Nashik,West,Mechanical Keyboard,Electronics,2,4500,0.0,9000.0,2691.92,9000,0.0,0.2991022222222222,2024,8,August,Q3,Profitable
ORD01790,2024-03-29,C007,Arjun Nair,Chennai,South,Bookshelf,Furniture,3,5800,0.05,16530.0,5602.51,17400,870.0,0.3389298245614035,2024,3,March,Q1,Profitable
ORD01791,2025-04-21,C001,Aarav Sharma,Mumbai,West,Office Chair,Furniture,5,9500,0.05,45125.0,9889.71,47500,2375.0,0.21916254847645428,2025,4,April,Q2,Profitable
ORD01792,2025-12-07,C019,Neil Bhat,Indore,West,Notebook Pack,Stationery,3,450,0.1,1215.0,268.85,1350,135.0,0.22127572016460909,2025,12,December,Q4,Profitable
ORD01793,2024-10-06,C013,Reyansh Shah,Surat,West,Smartphone X,Electronics,4,42000,0.05,159600.0,44143.94,168000,8400.0,0.27659110275689225,2024,10,October,Q4,Profitable
ORD01794,2024-04-07,C005,Kabir Verma,Jaipur,North,Study Desk,Furniture,1,7200,0.1,6480.0,1996.22,7200,720.0,0.30805864197530863,2024,4,April,Q2,Profitable
ORD01795,2025-01-29,C012,Myra Kapoor,Lucknow,North,Mechanical Keyboard,Electronics,2,4500,0.0,9000.0,2729.06,9000,0.0,0.3032288888888889,2025,1,January,Q1,Profitable
ORD01796,2024-06-10,C004,Ananya Singh,Delhi,North,Bluetooth Headphones,Electronics,2,3200,0.0,6400.0,1561.06,6400,0.0,0.243915625,2024,6,June,Q2,Profitable
ORD01797,2024-02-04,C019,Neil Bhat,Indore,West,Office Chair,Furniture,3,9500,0.0,28500.0,9131.54,28500,0.0,0.3204049122807018,2024,2,February,Q1,Profitable
ORD01798,2024-09-20,C014,Kiara Roy,Patna,East,Notebook Pack,Stationery,3,450,0.1,1215.0,384.08,1350,135.0,0.31611522633744854,2024,9,September,Q3,Profitable
ORD01799,2025-06-18,C018,Aanya Iyer,Coimbatore,South,Travel Bottle,Accessories,3,900,0.15,2295.0,655.6,2700,405.0,0.2856644880174292,2025,6,June,Q2,Profitable
ORD01800,2025-05-30,C002,Isha Patel,Pune,West,Mechanical Keyboard,Electronics,2,4500,0.1,8100.0,2612.88,9000,900.0,0.3225777777777778,2025,5,May,Q2,Profitable
ORD01801,2024-05-26,C005,Kabir Verma,Jaipur,North,Study Desk,Furniture,4,7200,0.2,23040.0,649.64,28800,5760.0,0.028196180555555554,2024,5,May,Q2,Profitable
ORD01802,2025-02-04,C018,Aanya Iyer,Coimbatore,South,File Organizer,Stationery,3,380,0.05,1083.0,401.98,1140,57.0,0.37117266851338876,2025,2,February,Q1,Profitable
ORD01803,2024-04-10,C007,Arjun Nair,Chennai,South,Wireless Mouse,Electronics,1,1200,0.05,1140.0,286.01,1200,60.0,0.2508859649122807,2024,4,April,Q2,Profitable
ORD01804,2024-05-09,C010,Diya Das,Bhubaneswar,East,Office Chair,Furniture,1,9500,0.05,9025.0,3394.99,9500,475.0,0.37617617728531855,2024,5,May,Q2,Profitable
ORD01805,2025-12-12,C020,Sara Khan,Bhopal,Central,File Organizer,Stationery,3,380,0.05,1083.0,342.03,1140,57.0,0.31581717451523544,2025,12,December,Q4,Profitable
ORD01806,2025-08-20,C006,Meera Joshi,Bengaluru,South,LED Table Lamp,Furniture,1,1800,0.05,1710.0,484.41,1800,90.0,0.28328070175438597,2025,8,August,Q3,Profitable
ORD01807,2025-08-25,C015,Yash Kulkarni,Nagpur,West,Office Chair,Furniture,3,9500,0.1,25650.0,4525.97,28500,2850.0,0.17645107212475636,2025,8,August,Q3,Profitable
ORD01808,2024-02-29,C002,Isha Patel,Pune,West,Notebook Pack,Stationery,5,450,0.1,2025.0,339.05,2250,225.0,0.1674320987654321,2024,2,February,Q1,Profitable
ORD01809,2025-06-28,C012,Myra Kapoor,Lucknow,North,Backpack,Accessories,4,2200,0.15,7480.0,1503.54,8800,1320.0,0.20100802139037433,2025,6,June,Q2,Profitable
ORD01810,2024-10-12,C012,Myra Kapoor,Lucknow,North,File Organizer,Stationery,4,380,0.1,1368.0,284.02,1520,152.0,0.20761695906432748,2024,10,October,Q4,Profitable
ORD01811,2025-10-25,C011,Aditya Mehta,Ahmedabad,West,Backpack,Accessories,3,2200,0.1,5940.0,1779.27,6600,660.0,0.29954040404040405,2025,10,October,Q4,Profitable
ORD01812,2025-03-23,C020,Sara Khan,Bhopal,Central,Bookshelf,Furniture,1,5800,0.2,4640.0,822.33,5800,1160.0,0.17722629310344828,2025,3,March,Q1,Profitable
ORD01813,2024-02-12,C008,Sanya Rao,Hyderabad,South,Backpack,Accessories,5,2200,0.05,10450.0,3717.29,11000,550.0,0.35572153110047844,2024,2,February,Q1,Profitable
ORD01814,2024-10-28,C015,Yash Kulkarni,Nagpur,West,Wireless Mouse,Electronics,5,1200,0.1,5400.0,1314.31,6000,600.0,0.24339074074074074,2024,10,October,Q4,Profitable
ORD01815,2024-11-03,C004,Ananya Singh,Delhi,North,Mechanical Keyboard,Electronics,5,4500,0.0,22500.0,8995.37,22500,0.0,0.3997942222222223,2024,11,November,Q4,Profitable
ORD01816,2025-05-28,C012,Myra Kapoor,Lucknow,North,Smartphone X,Electronics,1,42000,0.0,42000.0,9594.18,42000,0.0,0.22843285714285716,2025,5,May,Q2,Profitable
ORD01817,2025-04-02,C003,Rohan Deshmukh,Nashik,West,Bluetooth Headphones,Electronics,1,3200,0.05,3040.0,712.54,3200,160.0,0.23438815789473683,2025,4,April,Q2,Profitable
ORD01818,2024-08-09,C020,Sara Khan,Bhopal,Central,Notebook Pack,Stationery,3,450,0.15,1147.5,150.67,1350,202.5,0.1313028322440087,2024,8,August,Q3,Profitable
ORD01819,2025-08-11,C014,Kiara Roy,Patna,East,LED Table Lamp,Furniture,1,1800,0.15,1530.0,181.28,1800,270.0,0.11848366013071895,2025,8,August,Q3,Profitable
ORD01820,2025-07-24,C012,Myra Kapoor,Lucknow,North,Study Desk,Furniture,5,7200,0.05,34200.0,12520.34,36000,1800.0,0.3660918128654971,2025,7,July,Q3,Profitable
ORD01821,2025-11-16,C008,Sanya Rao,Hyderabad,South,Travel Bottle,Accessories,4,900,0.05,3420.0,747.37,3600,180.0,0.21852923976608188,2025,11,November,Q4,Profitable
ORD01822,2024-04-25,C013,Reyansh Shah,Surat,West,Backpack,Accessories,3,2200,0.05,6270.0,2420.74,6600,330.0,0.38608293460925036,2024,4,April,Q2,Profitable
ORD01823,2025-09-09,C003,Rohan Deshmukh,Nashik,West,USB-C Cable,Accessories,5,750,0.0,3750.0,1318.86,3750,0.0,0.35169599999999995,2025,9,September,Q3,Profitable
ORD01824,2025-06-11,C017,Dev Malhotra,Chandigarh,North,Office Chair,Furniture,2,9500,0.1,17100.0,4418.33,19000,1900.0,0.2583818713450292,2025,6,June,Q2,Profitable
ORD01825,2025-09-15,C002,Isha Patel,Pune,West,Bluetooth Headphones,Electronics,2,3200,0.0,6400.0,2077.93,6400,0.0,0.3246765625,2025,9,September,Q3,Profitable
ORD01826,2025-12-23,C012,Myra Kapoor,Lucknow,North,Bookshelf,Furniture,4,5800,0.0,23200.0,7181.97,23200,0.0,0.3095676724137931,2025,12,December,Q4,Profitable
ORD01827,2025-03-31,C020,Sara Khan,Bhopal,Central,Office Chair,Furniture,5,9500,0.1,42750.0,13724.24,47500,4750.0,0.3210348538011696,2025,3,March,Q1,Profitable
ORD01828,2024-07-26,C013,Reyansh Shah,Surat,West,Study Desk,Furniture,3,7200,0.0,21600.0,6392.35,21600,0.0,0.2959421296296296,2024,7,July,Q3,Profitable
ORD01829,2025-06-28,C012,Myra Kapoor,Lucknow,North,Bluetooth Headphones,Electronics,5,3200,0.1,14400.0,4115.06,16000,1600.0,0.28576805555555557,2025,6,June,Q2,Profitable
ORD01830,2024-08-27,C003,Rohan Deshmukh,Nashik,West,Study Desk,Furniture,5,7200,0.1,32400.0,9349.28,36000,3600.0,0.28855802469135805,2024,8,August,Q3,Profitable
ORD01831,2024-08-03,C008,Sanya Rao,Hyderabad,South,Study Desk,Furniture,2,7200,0.05,13680.0,4217.99,14400,720.0,0.30833260233918125,2024,8,August,Q3,Profitable
ORD01832,2024-07-16,C001,Aarav Sharma,Mumbai,West,Smartphone X,Electronics,3,42000,0.05,119700.0,28465.52,126000,6300.0,0.23780718462823727,2024,7,July,Q3,Profitable
ORD01833,2024-11-13,C018,Aanya Iyer,Coimbatore,South,USB-C Cable,Accessories,5,750,0.0,3750.0,1197.7,3750,0.0,0.31938666666666665,2024,11,November,Q4,Profitable
ORD01834,2025-01-07,C008,Sanya Rao,Hyderabad,South,Travel Bottle,Accessories,5,900,0.0,4500.0,1373.85,4500,0.0,0.30529999999999996,2025,1,January,Q1,Profitable
ORD01835,2025-02-21,C004,Ananya Singh,Delhi,North,Travel Bottle,Accessories,5,900,0.15,3825.0,1197.86,4500,675.0,0.3131660130718954,2025,2,February,Q1,Profitable
ORD01836,2025-02-05,C005,Kabir Verma,Jaipur,North,Mechanical Keyboard,Electronics,2,4500,0.1,8100.0,2089.75,9000,900.0,0.25799382716049385,2025,2,February,Q1,Profitable
ORD01837,2025-10-22,C010,Diya Das,Bhubaneswar,East,Smartphone X,Electronics,1,42000,0.05,39900.0,15296.43,42000,2100.0,0.38336917293233086,2025,10,October,Q4,Profitable
ORD01838,2024-09-21,C012,Myra Kapoor,Lucknow,North,Travel Bottle,Accessories,5,900,0.0,4500.0,1373.14,4500,0.0,0.30514222222222226,2024,9,September,Q3,Profitable
ORD01839,2025-08-28,C007,Arjun Nair,Chennai,South,Premium Pen Set,Stationery,2,650,0.15,1105.0,147.18,1300,195.0,0.13319457013574662,2025,8,August,Q3,Profitable
ORD01840,2025-05-22,C014,Kiara Roy,Patna,East,Premium Pen Set,Stationery,5,650,0.05,3087.5,834.89,3250,162.5,0.2704097165991903,2025,5,May,Q2,Profitable
ORD01841,2025-01-15,C018,Aanya Iyer,Coimbatore,South,Mechanical Keyboard,Electronics,5,4500,0.0,22500.0,9007.04,22500,0.0,0.40031288888888894,2025,1,January,Q1,Profitable
ORD01842,2025-05-01,C011,Aditya Mehta,Ahmedabad,West,Notebook Pack,Stationery,3,450,0.0,1350.0,352.77,1350,0.0,0.2613111111111111,2025,5,May,Q2,Profitable
ORD01843,2024-10-29,C013,Reyansh Shah,Surat,West,Travel Bottle,Accessories,1,900,0.15,765.0,74.09,900,135.0,0.09684967320261438,2024,10,October,Q4,Profitable
ORD01844,2024-04-06,C015,Yash Kulkarni,Nagpur,West,File Organizer,Stationery,2,380,0.0,760.0,309.94,760,0.0,0.4078157894736842,2024,4,April,Q2,Profitable
ORD01845,2024-08-04,C015,Yash Kulkarni,Nagpur,West,Bluetooth Headphones,Electronics,4,3200,0.05,12160.0,4288.9,12800,640.0,0.35270559210526314,2024,8,August,Q3,Profitable
ORD01846,2025-07-21,C012,Myra Kapoor,Lucknow,North,Study Desk,Furniture,4,7200,0.0,28800.0,10240.82,28800,0.0,0.35558402777777776,2025,7,July,Q3,Profitable
ORD01847,2025-11-03,C012,Myra Kapoor,Lucknow,North,LED Table Lamp,Furniture,2,1800,0.15,3060.0,410.02,3600,540.0,0.13399346405228757,2025,11,November,Q4,Profitable
ORD01848,2025-08-18,C018,Aanya Iyer,Coimbatore,South,Mechanical Keyboard,Electronics,3,4500,0.15,11475.0,1789.09,13500,2025.0,0.1559119825708061,2025,8,August,Q3,Profitable
ORD01849,2024-05-19,C009,Vivaan Gupta,Kolkata,East,Office Chair,Furniture,2,9500,0.05,18050.0,6286.31,19000,950.0,0.34827202216066483,2024,5,May,Q2,Profitable
ORD01850,2025-03-15,C014,Kiara Roy,Patna,East,Office Chair,Furniture,2,9500,0.0,19000.0,4823.38,19000,0.0,0.2538621052631579,2025,3,March,Q1,Profitable
ORD01851,2025-12-29,C012,Myra Kapoor,Lucknow,North,Laptop Pro 14,Electronics,5,85000,0.1,382500.0,91198.97,425000,42500.0,0.2384286797385621,2025,12,December,Q4,Profitable
ORD01852,2024-04-04,C005,Kabir Verma,Jaipur,North,LED Table Lamp,Furniture,1,1800,0.0,1800.0,542.04,1800,0.0,0.3011333333333333,2024,4,April,Q2,Profitable
ORD01853,2024-03-27,C014,Kiara Roy,Patna,East,Office Chair,Furniture,1,9500,0.0,9500.0,2127.9,9500,0.0,0.22398947368421054,2024,3,March,Q1,Profitable
ORD01854,2024-05-20,C004,Ananya Singh,Delhi,North,Study Desk,Furniture,2,7200,0.0,14400.0,5454.58,14400,0.0,0.3787902777777778,2024,5,May,Q2,Profitable
ORD01855,2024-11-01,C020,Sara Khan,Bhopal,Central,Bookshelf,Furniture,5,5800,0.1,26100.0,7154.55,29000,2900.0,0.27412068965517244,2024,11,November,Q4,Profitable
ORD01856,2024-08-23,C015,Yash Kulkarni,Nagpur,West,Bluetooth Headphones,Electronics,4,3200,0.0,12800.0,4571.17,12800,0.0,0.35712265625,2024,8,August,Q3,Profitable
ORD01857,2024-12-08,C008,Sanya Rao,Hyderabad,South,Backpack,Accessories,3,2200,0.1,5940.0,883.33,6600,660.0,0.1487087542087542,2024,12,December,Q4,Profitable
ORD01858,2025-06-23,C020,Sara Khan,Bhopal,Central,Laptop Pro 14,Electronics,5,85000,0.0,425000.0,113739.58,425000,0.0,0.2676225411764706,2025,6,June,Q2,Profitable
ORD01859,2024-06-14,C005,Kabir Verma,Jaipur,North,Backpack,Accessories,4,2200,0.0,8800.0,2706.91,8800,0.0,0.30760340909090905,2024,6,June,Q2,Profitable
ORD01860,2025-03-23,C018,Aanya Iyer,Coimbatore,South,Notebook Pack,Stationery,4,450,0.0,1800.0,526.2,1800,0.0,0.29233333333333333,2025,3,March,Q1,Profitable
ORD01861,2025-09-10,C017,Dev Malhotra,Chandigarh,North,Smartphone X,Electronics,1,42000,0.1,37800.0,8640.75,42000,4200.0,0.22859126984126985,2025,9,September,Q3,Profitable
ORD01862,2024-12-08,C017,Dev Malhotra,Chandigarh,North,Bluetooth Headphones,Electronics,5,3200,0.1,14400.0,3859.27,16000,1600.0,0.2680048611111111,2024,12,December,Q4,Profitable
ORD01863,2025-06-15,C001,Aarav Sharma,Mumbai,West,LED Table Lamp,Furniture,4,1800,0.05,6840.0,1626.58,7200,360.0,0.23780409356725146,2025,6,June,Q2,Profitable
ORD01864,2025-10-08,C008,Sanya Rao,Hyderabad,South,File Organizer,Stationery,5,380,0.1,1710.0,361.5,1900,190.0,0.21140350877192982,2025,10,October,Q4,Profitable
ORD01865,2025-12-20,C010,Diya Das,Bhubaneswar,East,Premium Pen Set,Stationery,4,650,0.1,2340.0,636.46,2600,260.0,0.271991452991453,2025,12,December,Q4,Profitable
ORD01866,2025-11-14,C018,Aanya Iyer,Coimbatore,South,Smartphone X,Electronics,1,42000,0.05,39900.0,10144.51,42000,2100.0,0.2542483709273183,2025,11,November,Q4,Profitable
ORD01867,2025-07-29,C004,Ananya Singh,Delhi,North,Study Desk,Furniture,4,7200,0.05,27360.0,7690.01,28800,1440.0,0.28106761695906435,2025,7,July,Q3,Profitable
ORD01868,2025-09-12,C017,Dev Malhotra,Chandigarh,North,Bookshelf,Furniture,5,5800,0.1,26100.0,9005.52,29000,2900.0,0.3450390804597701,2025,9,September,Q3,Profitable
ORD01869,2025-08-13,C012,Myra Kapoor,Lucknow,North,Backpack,Accessories,1,2200,0.05,2090.0,536.78,2200,110.0,0.25683253588516747,2025,8,August,Q3,Profitable
ORD01870,2024-01-17,C016,Tara Menon,Kochi,South,Laptop Pro 14,Electronics,1,85000,0.1,76500.0,18731.8,85000,8500.0,0.24486013071895424,2024,1,January,Q1,Profitable
ORD01871,2025-12-27,C001,Aarav Sharma,Mumbai,West,Office Chair,Furniture,1,9500,0.0,9500.0,3890.67,9500,0.0,0.4095442105263158,2025,12,December,Q4,Profitable
ORD01872,2024-09-25,C014,Kiara Roy,Patna,East,Premium Pen Set,Stationery,3,650,0.1,1755.0,390.53,1950,195.0,0.2225242165242165,2024,9,September,Q3,Profitable
ORD01873,2025-04-27,C010,Diya Das,Bhubaneswar,East,Mechanical Keyboard,Electronics,3,4500,0.15,11475.0,2335.52,13500,2025.0,0.20353115468409586,2025,4,April,Q2,Profitable
ORD01874,2025-08-18,C019,Neil Bhat,Indore,West,Notebook Pack,Stationery,3,450,0.05,1282.5,347.14,1350,67.5,0.27067446393762185,2025,8,August,Q3,Profitable
ORD01875,2025-11-08,C007,Arjun Nair,Chennai,South,Backpack,Accessories,2,2200,0.05,4180.0,1413.07,4400,220.0,0.33805502392344494,2025,11,November,Q4,Profitable
ORD01876,2025-06-14,C009,Vivaan Gupta,Kolkata,East,Backpack,Accessories,4,2200,0.1,7920.0,2126.48,8800,880.0,0.2684949494949495,2025,6,June,Q2,Profitable
ORD01877,2024-09-02,C017,Dev Malhotra,Chandigarh,North,Office Chair,Furniture,5,9500,0.1,42750.0,5845.88,47500,4750.0,0.13674573099415205,2024,9,September,Q3,Profitable
ORD01878,2024-09-20,C018,Aanya Iyer,Coimbatore,South,Wireless Mouse,Electronics,4,1200,0.1,4320.0,1065.77,4800,480.0,0.2467060185185185,2024,9,September,Q3,Profitable
ORD01879,2025-04-13,C004,Ananya Singh,Delhi,North,Notebook Pack,Stationery,2,450,0.15,765.0,187.61,900,135.0,0.2452418300653595,2025,4,April,Q2,Profitable
ORD01880,2025-07-19,C014,Kiara Roy,Patna,East,Bookshelf,Furniture,1,5800,0.05,5510.0,1053.71,5800,290.0,0.19123593466424682,2025,7,July,Q3,Profitable
ORD01881,2025-02-10,C014,Kiara Roy,Patna,East,Study Desk,Furniture,3,7200,0.15,18360.0,2148.48,21600,3240.0,0.11701960784313725,2025,2,February,Q1,Profitable
ORD01882,2025-12-04,C016,Tara Menon,Kochi,South,Bookshelf,Furniture,2,5800,0.05,11020.0,2133.55,11600,580.0,0.1936070780399274,2025,12,December,Q4,Profitable
ORD01883,2025-03-22,C002,Isha Patel,Pune,West,Laptop Pro 14,Electronics,3,85000,0.1,229500.0,76148.85,255000,25500.0,0.33180326797385623,2025,3,March,Q1,Profitable
ORD01884,2025-01-05,C007,Arjun Nair,Chennai,South,Wireless Mouse,Electronics,4,1200,0.1,4320.0,842.29,4800,480.0,0.19497453703703702,2025,1,January,Q1,Profitable
ORD01885,2025-01-11,C013,Reyansh Shah,Surat,West,Study Desk,Furniture,5,7200,0.05,34200.0,7884.43,36000,1800.0,0.2305388888888889,2025,1,January,Q1,Profitable
ORD01886,2025-01-23,C013,Reyansh Shah,Surat,West,Office Chair,Furniture,5,9500,0.15,40375.0,12431.94,47500,7125.0,0.307911826625387,2025,1,January,Q1,Profitable
ORD01887,2025-10-25,C018,Aanya Iyer,Coimbatore,South,Smartphone X,Electronics,2,42000,0.1,75600.0,18257.9,84000,8400.0,0.24150661375661378,2025,10,October,Q4,Profitable
ORD01888,2025-09-19,C004,Ananya Singh,Delhi,North,Wireless Mouse,Electronics,4,1200,0.0,4800.0,1896.25,4800,0.0,0.39505208333333336,2025,9,September,Q3,Profitable
ORD01889,2025-10-24,C006,Meera Joshi,Bengaluru,South,Wireless Mouse,Electronics,1,1200,0.1,1080.0,280.13,1200,120.0,0.2593796296296296,2025,10,October,Q4,Profitable
ORD01890,2025-09-24,C013,Reyansh Shah,Surat,West,File Organizer,Stationery,2,380,0.1,684.0,161.12,760,76.0,0.23555555555555557,2025,9,September,Q3,Profitable
ORD01891,2025-09-15,C001,Aarav Sharma,Mumbai,West,Premium Pen Set,Stationery,4,650,0.2,2080.0,84.36,2600,520.0,0.04055769230769231,2025,9,September,Q3,Profitable
ORD01892,2025-09-11,C015,Yash Kulkarni,Nagpur,West,Wireless Mouse,Electronics,5,1200,0.05,5700.0,1431.07,6000,300.0,0.25106491228070177,2025,9,September,Q3,Profitable
ORD01893,2024-06-08,C001,Aarav Sharma,Mumbai,West,Office Chair,Furniture,5,9500,0.1,42750.0,9642.57,47500,4750.0,0.22555719298245613,2024,6,June,Q2,Profitable
ORD01894,2025-07-20,C020,Sara Khan,Bhopal,Central,Laptop Pro 14,Electronics,1,85000,0.1,76500.0,15476.66,85000,8500.0,0.20230928104575163,2025,7,July,Q3,Profitable
ORD01895,2025-03-05,C020,Sara Khan,Bhopal,Central,Notebook Pack,Stationery,4,450,0.1,1620.0,338.05,1800,180.0,0.20867283950617285,2025,3,March,Q1,Profitable
ORD01896,2024-08-29,C016,Tara Menon,Kochi,South,Backpack,Accessories,3,2200,0.1,5940.0,1577.52,6600,660.0,0.2655757575757576,2024,8,August,Q3,Profitable
ORD01897,2025-08-03,C010,Diya Das,Bhubaneswar,East,Wireless Mouse,Electronics,5,1200,0.1,5400.0,1426.74,6000,600.0,0.2642111111111111,2025,8,August,Q3,Profitable
ORD01898,2025-08-29,C009,Vivaan Gupta,Kolkata,East,Smartphone X,Electronics,5,42000,0.15,178500.0,23750.76,210000,31500.0,0.13305747899159662,2025,8,August,Q3,Profitable
ORD01899,2024-08-23,C002,Isha Patel,Pune,West,Notebook Pack,Stationery,4,450,0.05,1710.0,605.12,1800,90.0,0.3538713450292398,2024,8,August,Q3,Profitable
ORD01900,2025-09-28,C010,Diya Das,Bhubaneswar,East,USB-C Cable,Accessories,5,750,0.05,3562.5,1207.45,3750,187.5,0.33893333333333336,2025,9,September,Q3,Profitable
ORD01901,2024-06-10,C009,Vivaan Gupta,Kolkata,East,Office Chair,Furniture,2,9500,0.15,16150.0,3862.65,19000,2850.0,0.23917337461300311,2024,6,June,Q2,Profitable
ORD01902,2024-09-29,C003,Rohan Deshmukh,Nashik,West,Backpack,Accessories,2,2200,0.15,3740.0,1036.47,4400,660.0,0.27713101604278073,2024,9,September,Q3,Profitable
ORD01903,2024-03-05,C013,Reyansh Shah,Surat,West,Smartphone X,Electronics,4,42000,0.05,159600.0,33418.29,168000,8400.0,0.20938778195488722,2024,3,March,Q1,Profitable
ORD01904,2025-06-23,C011,Aditya Mehta,Ahmedabad,West,Laptop Pro 14,Electronics,5,85000,0.1,382500.0,89585.76,425000,42500.0,0.23421113725490195,2025,6,June,Q2,Profitable
ORD01905,2024-11-02,C016,Tara Menon,Kochi,South,Bookshelf,Furniture,5,5800,0.0,29000.0,9689.93,29000,0.0,0.3341355172413793,2024,11,November,Q4,Profitable
ORD01906,2025-02-18,C009,Vivaan Gupta,Kolkata,East,Office Chair,Furniture,2,9500,0.1,17100.0,3412.03,19000,1900.0,0.19953391812865498,2025,2,February,Q1,Profitable
ORD01907,2024-11-13,C019,Neil Bhat,Indore,West,Backpack,Accessories,5,2200,0.05,10450.0,1904.67,11000,550.0,0.18226507177033494,2024,11,November,Q4,Profitable
ORD01908,2025-05-26,C015,Yash Kulkarni,Nagpur,West,Bluetooth Headphones,Electronics,4,3200,0.1,11520.0,1937.46,12800,1280.0,0.16818229166666668,2025,5,May,Q2,Profitable
ORD01909,2025-01-11,C006,Meera Joshi,Bengaluru,South,Premium Pen Set,Stationery,4,650,0.1,2340.0,752.42,2600,260.0,0.3215470085470085,2025,1,January,Q1,Profitable
ORD01910,2025-11-16,C001,Aarav Sharma,Mumbai,West,Notebook Pack,Stationery,4,450,0.1,1620.0,404.52,1800,180.0,0.2497037037037037,2025,11,November,Q4,Profitable
ORD01911,2025-10-04,C017,Dev Malhotra,Chandigarh,North,Smartphone X,Electronics,2,42000,0.1,75600.0,11309.65,84000,8400.0,0.14959854497354497,2025,10,October,Q4,Profitable
ORD01912,2025-04-04,C005,Kabir Verma,Jaipur,North,Notebook Pack,Stationery,1,450,0.1,405.0,143.66,450,45.0,0.35471604938271606,2025,4,April,Q2,Profitable
ORD01913,2024-10-14,C011,Aditya Mehta,Ahmedabad,West,Office Chair,Furniture,3,9500,0.15,24225.0,2869.64,28500,4275.0,0.1184577915376677,2024,10,October,Q4,Profitable
ORD01914,2025-09-12,C012,Myra Kapoor,Lucknow,North,Travel Bottle,Accessories,2,900,0.1,1620.0,384.44,1800,180.0,0.23730864197530865,2025,9,September,Q3,Profitable
ORD01915,2025-11-24,C011,Aditya Mehta,Ahmedabad,West,Mechanical Keyboard,Electronics,3,4500,0.05,12825.0,2591.18,13500,675.0,0.20204132553606236,2025,11,November,Q4,Profitable
ORD01916,2025-01-30,C009,Vivaan Gupta,Kolkata,East,LED Table Lamp,Furniture,2,1800,0.0,3600.0,966.63,3600,0.0,0.26850833333333335,2025,1,January,Q1,Profitable
ORD01917,2025-10-24,C016,Tara Menon,Kochi,South,Mechanical Keyboard,Electronics,2,4500,0.1,8100.0,2602.69,9000,900.0,0.32131975308641975,2025,10,October,Q4,Profitable
ORD01918,2025-01-14,C012,Myra Kapoor,Lucknow,North,Wireless Mouse,Electronics,5,1200,0.15,5100.0,1003.8,6000,900.0,0.1968235294117647,2025,1,January,Q1,Profitable
ORD01919,2025-02-15,C014,Kiara Roy,Patna,East,Wireless Mouse,Electronics,4,1200,0.0,4800.0,1758.14,4800,0.0,0.3662791666666667,2025,2,February,Q1,Profitable
ORD01920,2025-06-09,C008,Sanya Rao,Hyderabad,South,File Organizer,Stationery,4,380,0.1,1368.0,219.89,1520,152.0,0.16073830409356724,2025,6,June,Q2,Profitable
ORD01921,2025-03-06,C019,Neil Bhat,Indore,West,Notebook Pack,Stationery,4,450,0.05,1710.0,309.77,1800,90.0,0.18115204678362573,2025,3,March,Q1,Profitable
ORD01922,2024-12-25,C006,Meera Joshi,Bengaluru,South,Bluetooth Headphones,Electronics,5,3200,0.1,14400.0,2920.35,16000,1600.0,0.20280208333333333,2024,12,December,Q4,Profitable
ORD01923,2025-04-07,C016,Tara Menon,Kochi,South,Laptop Pro 14,Electronics,3,85000,0.05,242250.0,80063.16,255000,12750.0,0.33049808049535606,2025,4,April,Q2,Profitable
ORD01924,2024-11-15,C014,Kiara Roy,Patna,East,Wireless Mouse,Electronics,2,1200,0.1,2160.0,403.96,2400,240.0,0.1870185185185185,2024,11,November,Q4,Profitable
ORD01925,2024-01-16,C014,Kiara Roy,Patna,East,Smartphone X,Electronics,1,42000,0.2,33600.0,3824.75,42000,8400.0,0.11383184523809524,2024,1,January,Q1,Profitable
ORD01926,2024-09-29,C015,Yash Kulkarni,Nagpur,West,Bluetooth Headphones,Electronics,5,3200,0.1,14400.0,2478.97,16000,1600.0,0.17215069444444442,2024,9,September,Q3,Profitable
ORD01927,2024-11-13,C016,Tara Menon,Kochi,South,Notebook Pack,Stationery,1,450,0.1,405.0,89.01,450,45.0,0.2197777777777778,2024,11,November,Q4,Profitable
ORD01928,2024-02-13,C010,Diya Das,Bhubaneswar,East,USB-C Cable,Accessories,4,750,0.1,2700.0,378.58,3000,300.0,0.14021481481481482,2024,2,February,Q1,Profitable
ORD01929,2024-09-11,C018,Aanya Iyer,Coimbatore,South,Laptop Pro 14,Electronics,5,85000,0.05,403750.0,100428.47,425000,21250.0,0.24873924458204336,2024,9,September,Q3,Profitable
ORD01930,2024-03-09,C006,Meera Joshi,Bengaluru,South,Office Chair,Furniture,3,9500,0.15,24225.0,7133.58,28500,4275.0,0.294471826625387,2024,3,March,Q1,Profitable
ORD01931,2025-07-01,C001,Aarav Sharma,Mumbai,West,USB-C Cable,Accessories,5,750,0.15,3187.5,633.63,3750,562.5,0.19878588235294117,2025,7,July,Q3,Profitable
ORD01932,2024-04-10,C002,Isha Patel,Pune,West,File Organizer,Stationery,1,380,0.05,361.0,120.18,380,19.0,0.33290858725761774,2024,4,April,Q2,Profitable
ORD01933,2024-10-19,C006,Meera Joshi,Bengaluru,South,Premium Pen Set,Stationery,1,650,0.05,617.5,168.32,650,32.5,0.272582995951417,2024,10,October,Q4,Profitable
ORD01934,2025-11-23,C011,Aditya Mehta,Ahmedabad,West,Bookshelf,Furniture,1,5800,0.15,4930.0,1153.22,5800,870.0,0.2339188640973631,2025,11,November,Q4,Profitable
ORD01935,2025-10-19,C016,Tara Menon,Kochi,South,Wireless Mouse,Electronics,5,1200,0.05,5700.0,2001.2,6000,300.0,0.3510877192982456,2025,10,October,Q4,Profitable
ORD01936,2025-08-15,C016,Tara Menon,Kochi,South,Office Chair,Furniture,3,9500,0.0,28500.0,10045.05,28500,0.0,0.3524578947368421,2025,8,August,Q3,Profitable
ORD01937,2024-07-25,C015,Yash Kulkarni,Nagpur,West,USB-C Cable,Accessories,1,750,0.05,712.5,170.03,750,37.5,0.23863859649122807,2024,7,July,Q3,Profitable
ORD01938,2024-07-03,C005,Kabir Verma,Jaipur,North,Smartphone X,Electronics,5,42000,0.1,189000.0,26207.42,210000,21000.0,0.13866359788359786,2024,7,July,Q3,Profitable
ORD01939,2024-03-10,C014,Kiara Roy,Patna,East,Premium Pen Set,Stationery,4,650,0.1,2340.0,372.21,2600,260.0,0.15906410256410256,2024,3,March,Q1,Profitable
ORD01940,2024-05-16,C003,Rohan Deshmukh,Nashik,West,Notebook Pack,Stationery,3,450,0.1,1215.0,194.44,1350,135.0,0.16003292181069959,2024,5,May,Q2,Profitable
ORD01941,2024-02-26,C016,Tara Menon,Kochi,South,Mechanical Keyboard,Electronics,3,4500,0.05,12825.0,2628.66,13500,675.0,0.20496374269005846,2024,2,February,Q1,Profitable
ORD01942,2024-09-13,C009,Vivaan Gupta,Unknown,East,File Organizer,Stationery,3,380,0.0,1140.0,284.01,1140,0.0,0.24913157894736843,2024,9,September,Q3,Profitable
ORD01943,2025-12-23,C006,Meera Joshi,Bengaluru,South,Smartphone X,Electronics,4,42000,0.0,168000.0,43589.98,168000,0.0,0.25946416666666666,2025,12,December,Q4,Profitable
ORD01944,2024-03-06,C014,Kiara Roy,Patna,East,Smartphone X,Electronics,2,42000,0.1,75600.0,13762.8,84000,8400.0,0.18204761904761904,2024,3,March,Q1,Profitable
ORD01945,2024-06-16,C010,Diya Das,Bhubaneswar,East,USB-C Cable,Accessories,5,750,0.1,3375.0,830.23,3750,375.0,0.2459940740740741,2024,6,June,Q2,Profitable
ORD01946,2024-02-12,C019,Neil Bhat,Indore,West,Travel Bottle,Accessories,3,900,0.15,2295.0,568.09,2700,405.0,0.24753376906318084,2024,2,February,Q1,Profitable
ORD01947,2024-02-18,C019,Neil Bhat,Indore,West,Premium Pen Set,Stationery,1,650,0.1,585.0,159.13,650,65.0,0.272017094017094,2024,2,February,Q1,Profitable
ORD01948,2024-03-11,C020,Sara Khan,Bhopal,Central,Study Desk,Furniture,3,7200,0.1,19440.0,5446.95,21600,2160.0,0.2801929012345679,2024,3,March,Q1,Profitable
ORD01949,2024-07-31,C005,Kabir Verma,Jaipur,North,USB-C Cable,Accessories,1,750,0.1,675.0,183.3,750,75.0,0.27155555555555555,2024,7,July,Q3,Profitable
ORD01950,2024-09-05,C017,Dev Malhotra,Chandigarh,North,Bluetooth Headphones,Electronics,3,3200,0.1,8640.0,2507.51,9600,960.0,0.29022106481481486,2024,9,September,Q3,Profitable
ORD01951,2025-12-03,C017,Dev Malhotra,Chandigarh,North,USB-C Cable,Accessories,2,750,0.0,1500.0,601.2,1500,0.0,0.40080000000000005,2025,12,December,Q4,Profitable
ORD01952,2024-11-04,C006,Meera Joshi,Bengaluru,South,File Organizer,Stationery,1,380,0.1,342.0,117.6,380,38.0,0.343859649122807,2024,11,November,Q4,Profitable
ORD01953,2025-07-14,C010,Diya Das,Bhubaneswar,East,Study Desk,Furniture,5,7200,0.15,30600.0,5101.97,36000,5400.0,0.166731045751634,2025,7,July,Q3,Profitable
ORD01954,2024-01-16,C006,Meera Joshi,Bengaluru,South,Office Chair,Furniture,5,9500,0.0,47500.0,17925.96,47500,0.0,0.37738863157894736,2024,1,January,Q1,Profitable
ORD01955,2025-04-26,C017,Dev Malhotra,Chandigarh,North,Backpack,Accessories,1,2200,0.1,1980.0,578.42,2200,220.0,0.29213131313131313,2025,4,April,Q2,Profitable
ORD01956,2025-10-29,C016,Tara Menon,Kochi,South,Notebook Pack,Stationery,4,450,0.15,1530.0,189.76,1800,270.0,0.12402614379084967,2025,10,October,Q4,Profitable
ORD01957,2025-03-02,C011,Aditya Mehta,Ahmedabad,West,Office Chair,Furniture,1,9500,0.05,9025.0,2420.45,9500,475.0,0.2681939058171745,2025,3,March,Q1,Profitable
ORD01958,2024-10-30,C016,Tara Menon,Kochi,South,Travel Bottle,Accessories,2,900,0.1,1620.0,550.98,1800,180.0,0.34011111111111114,2024,10,October,Q4,Profitable
ORD01959,2025-01-16,C020,Sara Khan,Bhopal,Central,Backpack,Accessories,4,2200,0.2,7040.0,675.73,8800,1760.0,0.095984375,2025,1,January,Q1,Profitable
ORD01960,2024-06-29,C014,Kiara Roy,Patna,East,Bluetooth Headphones,Electronics,1,3200,0.05,3040.0,783.2,3200,160.0,0.25763157894736843,2024,6,June,Q2,Profitable
ORD01961,2024-05-29,C016,Tara Menon,Kochi,South,Premium Pen Set,Stationery,4,650,0.0,2600.0,741.93,2600,0.0,0.2853576923076923,2024,5,May,Q2,Profitable
ORD01962,2024-01-31,C017,Dev Malhotra,Chandigarh,North,Laptop Pro 14,Electronics,2,85000,0.1,153000.0,53730.77,170000,17000.0,0.3511815032679738,2024,1,January,Q1,Profitable
ORD01963,2024-05-11,C004,Ananya Singh,Delhi,North,Notebook Pack,Stationery,4,450,0.05,1710.0,408.4,1800,90.0,0.23883040935672514,2024,5,May,Q2,Profitable
ORD01964,2024-10-27,C004,Ananya Singh,Delhi,North,Smartphone X,Electronics,5,42000,0.15,178500.0,43392.51,210000,31500.0,0.24309529411764708,2024,10,October,Q4,Profitable
ORD01965,2025-08-06,C016,Tara Menon,Kochi,South,Travel Bottle,Accessories,1,900,0.0,900.0,212.73,900,0.0,0.23636666666666664,2025,8,August,Q3,Profitable
ORD01966,2025-12-20,C005,Kabir Verma,Jaipur,North,Study Desk,Furniture,3,7200,0.0,21600.0,7457.9,21600,0.0,0.34527314814814813,2025,12,December,Q4,Profitable
ORD01967,2025-01-12,C015,Yash Kulkarni,Nagpur,West,Mechanical Keyboard,Electronics,4,4500,0.1,16200.0,2864.45,18000,1800.0,0.1768179012345679,2025,1,January,Q1,Profitable
ORD01968,2024-06-11,C015,Yash Kulkarni,Nagpur,West,Laptop Pro 14,Electronics,4,85000,0.0,340000.0,118093.94,340000,0.0,0.3473351176470588,2024,6,June,Q2,Profitable
ORD01969,2025-05-25,C020,Sara Khan,Bhopal,Central,Bookshelf,Furniture,5,5800,0.0,29000.0,7354.46,29000,0.0,0.25360206896551724,2025,5,May,Q2,Profitable
ORD01970,2025-03-28,C017,Dev Malhotra,Chandigarh,North,Study Desk,Furniture,2,7200,0.0,14400.0,4709.59,14400,0.0,0.3270548611111111,2025,3,March,Q1,Profitable
ORD01971,2025-11-10,C005,Kabir Verma,Jaipur,North,Premium Pen Set,Stationery,2,650,0.2,1040.0,31.09,1300,260.0,0.02989423076923077,2025,11,November,Q4,Profitable
ORD01972,2024-07-27,C005,Kabir Verma,Jaipur,North,Travel Bottle,Accessories,2,900,0.0,1800.0,544.5,1800,0.0,0.3025,2024,7,July,Q3,Profitable
ORD01973,2025-11-13,C013,Reyansh Shah,Surat,West,USB-C Cable,Accessories,2,750,0.1,1350.0,292.87,1500,150.0,0.21694074074074074,2025,11,November,Q4,Profitable
ORD01974,2025-08-18,C010,Diya Das,Bhubaneswar,East,Backpack,Accessories,2,2200,0.1,3960.0,1059.97,4400,440.0,0.2676691919191919,2025,8,August,Q3,Profitable
ORD01975,2025-05-04,C013,Reyansh Shah,Surat,West,File Organizer,Stationery,3,380,0.05,1083.0,338.95,1140,57.0,0.3129732225300092,2025,5,May,Q2,Profitable
ORD01976,2025-08-11,C012,Myra Kapoor,Lucknow,North,File Organizer,Stationery,4,380,0.0,1520.0,529.73,1520,0.0,0.3485065789473684,2025,8,August,Q3,Profitable
ORD01977,2024-02-27,C020,Sara Khan,Bhopal,Central,Backpack,Accessories,5,2200,0.15,9350.0,2049.56,11000,1650.0,0.2192042780748663,2024,2,February,Q1,Profitable
ORD01978,2025-01-05,C011,Aditya Mehta,Ahmedabad,West,LED Table Lamp,Furniture,1,1800,0.0,1800.0,542.46,1800,0.0,0.30136666666666667,2025,1,January,Q1,Profitable
ORD01979,2024-06-12,C007,Arjun Nair,Chennai,South,Study Desk,Furniture,4,7200,0.05,27360.0,8731.37,28800,1440.0,0.3191290204678363,2024,6,June,Q2,Profitable
ORD01980,2024-07-09,C005,Kabir Verma,Jaipur,North,Study Desk,Furniture,2,7200,0.05,13680.0,2579.19,14400,720.0,0.18853728070175438,2024,7,July,Q3,Profitable
ORD01981,2024-02-16,C001,Aarav Sharma,Mumbai,West,Mechanical Keyboard,Electronics,3,4500,0.1,12150.0,2598.75,13500,1350.0,0.21388888888888888,2024,2,February,Q1,Profitable
ORD01982,2024-03-06,C005,Kabir Verma,Jaipur,North,Backpack,Accessories,1,2200,0.0,2200.0,701.91,2200,0.0,0.31905,2024,3,March,Q1,Profitable
ORD01983,2024-05-12,C018,Aanya Iyer,Coimbatore,South,Smartphone X,Electronics,2,42000,0.15,71400.0,21465.84,84000,12600.0,0.3006420168067227,2024,5,May,Q2,Profitable
ORD01984,2024-06-07,C012,Myra Kapoor,Lucknow,North,Smartphone X,Electronics,3,42000,0.05,119700.0,30975.02,126000,6300.0,0.25877209690893904,2024,6,June,Q2,Profitable
ORD01985,2025-04-18,C004,Ananya Singh,Delhi,North,Bookshelf,Furniture,1,5800,0.15,4930.0,1099.5,5800,870.0,0.22302231237322515,2025,4,April,Q2,Profitable
ORD01986,2025-06-06,C002,Isha Patel,Pune,West,Laptop Pro 14,Electronics,4,85000,0.05,323000.0,102867.83,340000,17000.0,0.31847625386996903,2025,6,June,Q2,Profitable
ORD01987,2024-05-25,C015,Yash Kulkarni,Nagpur,West,Laptop Pro 14,Electronics,2,85000,0.0,170000.0,39001.05,170000,0.0,0.2294179411764706,2024,5,May,Q2,Profitable
ORD01988,2025-04-08,C006,Meera Joshi,Bengaluru,South,Mechanical Keyboard,Electronics,1,4500,0.0,4500.0,1751.92,4500,0.0,0.3893155555555556,2025,4,April,Q2,Profitable
ORD01989,2025-05-16,C004,Ananya Singh,Delhi,North,Office Chair,Furniture,5,9500,0.1,42750.0,13985.43,47500,4750.0,0.3271445614035088,2025,5,May,Q2,Profitable
ORD01990,2025-01-02,C018,Aanya Iyer,Coimbatore,South,Laptop Pro 14,Electronics,5,85000,0.0,425000.0,100746.09,425000,0.0,0.23704962352941175,2025,1,January,Q1,Profitable
ORD01991,2025-10-22,C010,Diya Das,Bhubaneswar,East,Bookshelf,Furniture,3,5800,0.05,16530.0,6371.28,17400,870.0,0.3854373865698729,2025,10,October,Q4,Profitable
ORD01992,2025-09-21,C002,Isha Patel,Pune,West,Study Desk,Furniture,5,7200,0.05,34200.0,7359.63,36000,1800.0,0.2151938596491228,2025,9,September,Q3,Profitable
ORD01993,2025-07-16,C020,Sara Khan,Bhopal,Central,Notebook Pack,Stationery,2,450,0.15,765.0,158.84,900,135.0,0.20763398692810459,2025,7,July,Q3,Profitable
ORD01994,2025-01-09,C011,Aditya Mehta,Ahmedabad,West,Premium Pen Set,Stationery,1,650,0.15,552.5,83.67,650,97.5,0.15143891402714932,2025,1,January,Q1,Profitable
ORD01995,2024-03-02,C006,Meera Joshi,Bengaluru,South,Notebook Pack,Stationery,1,450,0.15,382.5,83.42,450,67.5,0.21809150326797386,2024,3,March,Q1,Profitable
ORD01996,2025-08-28,C015,Yash Kulkarni,Nagpur,West,Mechanical Keyboard,Electronics,1,4500,0.1,4050.0,1092.2,4500,450.0,0.26967901234567904,2025,8,August,Q3,Profitable
ORD01997,2024-06-11,C019,Neil Bhat,Indore,West,Travel Bottle,Accessories,1,900,0.0,900.0,308.62,900,0.0,0.3429111111111111,2024,6,June,Q2,Profitable
ORD01998,2024-03-04,C005,Kabir Verma,Jaipur,North,Wireless Mouse,Electronics,2,1200,0.1,2160.0,630.63,2400,240.0,0.2919583333333333,2024,3,March,Q1,Profitable
ORD01999,2025-08-01,C005,Kabir Verma,Jaipur,North,Mechanical Keyboard,Electronics,5,4500,0.1,20250.0,3586.25,22500,2250.0,0.17709876543209876,2025,8,August,Q3,Profitable
ORD02000,2024-10-06,C017,Dev Malhotra,Chandigarh,North,Bookshelf,Furniture,2,5800,0.0,11600.0,3693.79,11600,0.0,0.3184301724137931,2024,10,October,Q4,Profitable
ORD02001,2024-07-12,C003,Rohan Deshmukh,Nashik,West,Laptop Pro 14,Electronics,5,85000,0.1,382500.0,118947.61,425000,42500.0,0.3109741437908497,2024,7,July,Q3,Profitable
ORD02002,2024-12-18,C008,Sanya Rao,Hyderabad,South,File Organizer,Stationery,2,380,0.1,684.0,103.09,760,76.0,0.15071637426900586,2024,12,December,Q4,Profitable
ORD02003,2024-06-23,C010,Diya Das,Bhubaneswar,East,Smartphone X,Electronics,4,42000,0.15,142800.0,14089.74,168000,25200.0,0.09866764705882353,2024,6,June,Q2,Profitable
ORD02004,2025-06-01,C009,Vivaan Gupta,Kolkata,East,Notebook Pack,Stationery,4,450,0.05,1710.0,651.87,1800,90.0,0.3812105263157895,2025,6,June,Q2,Profitable
ORD02005,2025-05-11,C014,Kiara Roy,Patna,East,Notebook Pack,Stationery,5,450,0.05,2137.5,571.99,2250,112.5,0.26759766081871345,2025,5,May,Q2,Profitable
ORD02006,2025-04-14,C019,Neil Bhat,Indore,West,Mechanical Keyboard,Electronics,5,4500,0.1,20250.0,4277.1,22500,2250.0,0.21121481481481483,2025,4,April,Q2,Profitable
ORD02007,2025-04-14,C004,Ananya Singh,Delhi,North,Bookshelf,Furniture,2,5800,0.15,9860.0,2972.5,11600,1740.0,0.3014705882352941,2025,4,April,Q2,Profitable
ORD02008,2024-03-11,C020,Sara Khan,Bhopal,Central,Wireless Mouse,Electronics,5,1200,0.0,6000.0,2144.37,6000,0.0,0.35739499999999996,2024,3,March,Q1,Profitable
ORD02009,2024-10-02,C013,Reyansh Shah,Surat,West,Mechanical Keyboard,Electronics,2,4500,0.05,8550.0,2587.19,9000,450.0,0.3025953216374269,2024,10,October,Q4,Profitable
ORD02010,2024-06-23,C003,Rohan Deshmukh,Nashik,West,Laptop Pro 14,Electronics,2,85000,0.05,161500.0,59180.4,170000,8500.0,0.3664421052631579,2024,6,June,Q2,Profitable
ORD02011,2024-07-13,C013,Reyansh Shah,Surat,West,USB-C Cable,Accessories,2,750,0.1,1350.0,417.93,1500,150.0,0.3095777777777778,2024,7,July,Q3,Profitable
ORD02012,2025-11-21,C008,Sanya Rao,Hyderabad,South,Bluetooth Headphones,Electronics,4,3200,0.0,12800.0,4349.84,12800,0.0,0.33983125000000003,2025,11,November,Q4,Profitable
ORD02013,2025-05-09,C001,Aarav Sharma,Mumbai,West,Study Desk,Furniture,5,7200,0.1,32400.0,6682.38,36000,3600.0,0.2062462962962963,2025,5,May,Q2,Profitable
ORD02014,2024-05-21,C016,Tara Menon,Kochi,South,Travel Bottle,Accessories,4,900,0.05,3420.0,1078.25,3600,180.0,0.31527777777777777,2024,5,May,Q2,Profitable
ORD02015,2025-07-26,C014,Kiara Roy,Patna,East,Wireless Mouse,Electronics,1,1200,0.1,1080.0,282.78,1200,120.0,0.2618333333333333,2025,7,July,Q3,Profitable
ORD02016,2025-11-28,C013,Reyansh Shah,Surat,West,Wireless Mouse,Electronics,5,1200,0.0,6000.0,1639.33,6000,0.0,0.27322166666666664,2025,11,November,Q4,Profitable
ORD02017,2024-11-22,C004,Ananya Singh,Delhi,North,LED Table Lamp,Furniture,3,1800,0.1,4860.0,1584.74,5400,540.0,0.32607818930041155,2024,11,November,Q4,Profitable
ORD02018,2024-11-25,C018,Aanya Iyer,Coimbatore,South,Smartphone X,Electronics,5,42000,0.2,168000.0,11716.66,210000,42000.0,0.06974202380952381,2024,11,November,Q4,Profitable
ORD02019,2025-06-21,C006,Meera Joshi,Bengaluru,South,File Organizer,Stationery,4,380,0.0,1520.0,410.96,1520,0.0,0.2703684210526316,2025,6,June,Q2,Profitable
ORD02020,2025-03-23,C005,Kabir Verma,Jaipur,North,Office Chair,Furniture,3,9500,0.1,25650.0,5207.71,28500,2850.0,0.20302962962962964,2025,3,March,Q1,Profitable
ORD02021,2025-04-29,C009,Vivaan Gupta,Kolkata,East,USB-C Cable,Accessories,3,750,0.1,2025.0,715.79,2250,225.0,0.35347654320987654,2025,4,April,Q2,Profitable
ORD02022,2024-11-19,C012,Myra Kapoor,Lucknow,North,File Organizer,Stationery,1,380,0.15,323.0,52.49,380,57.0,0.16250773993808051,2024,11,November,Q4,Profitable
ORD02023,2024-06-30,C014,Kiara Roy,Patna,East,USB-C Cable,Accessories,5,750,0.15,3187.5,381.44,3750,562.5,0.11966745098039215,2024,6,June,Q2,Profitable
ORD02024,2024-08-29,C004,Ananya Singh,Delhi,North,Wireless Mouse,Electronics,3,1200,0.1,3240.0,737.85,3600,360.0,0.22773148148148148,2024,8,August,Q3,Profitable
ORD02025,2024-07-22,C019,Neil Bhat,Indore,West,Notebook Pack,Stationery,1,450,0.0,450.0,131.4,450,0.0,0.29200000000000004,2024,7,July,Q3,Profitable
ORD02026,2024-07-19,C009,Vivaan Gupta,Kolkata,East,File Organizer,Stationery,1,380,0.1,342.0,94.59,380,38.0,0.27657894736842104,2024,7,July,Q3,Profitable
ORD02027,2025-06-03,C006,Meera Joshi,Bengaluru,South,Smartphone X,Electronics,4,42000,0.05,159600.0,46138.25,168000,8400.0,0.28908677944862154,2025,6,June,Q2,Profitable
ORD02028,2025-09-16,C011,Aditya Mehta,Ahmedabad,West,Wireless Mouse,Electronics,1,1200,0.0,1200.0,340.48,1200,0.0,0.28373333333333334,2025,9,September,Q3,Profitable
ORD02029,2024-11-22,C018,Aanya Iyer,Coimbatore,South,Bookshelf,Furniture,4,5800,0.05,22040.0,5728.54,23200,1160.0,0.25991560798548097,2024,11,November,Q4,Profitable
ORD02030,2024-07-27,C005,Kabir Verma,Jaipur,North,File Organizer,Stationery,1,380,0.1,342.0,50.32,380,38.0,0.14713450292397662,2024,7,July,Q3,Profitable
ORD02031,2024-12-13,C018,Aanya Iyer,Coimbatore,South,Bluetooth Headphones,Electronics,1,3200,0.0,3200.0,1208.86,3200,0.0,0.37776875,2024,12,December,Q4,Profitable
ORD02032,2024-09-29,C009,Vivaan Gupta,Kolkata,East,Bluetooth Headphones,Electronics,5,3200,0.1,14400.0,4998.02,16000,1600.0,0.34708472222222225,2024,9,September,Q3,Profitable
ORD02033,2024-09-21,C020,Sara Khan,Bhopal,Central,Office Chair,Furniture,4,9500,0.15,32300.0,5355.37,38000,5700.0,0.16580092879256966,2024,9,September,Q3,Profitable
ORD02034,2024-03-03,C003,Rohan Deshmukh,Nashik,West,Bluetooth Headphones,Electronics,1,3200,0.1,2880.0,895.99,3200,320.0,0.31110763888888887,2024,3,March,Q1,Profitable
ORD02035,2025-10-05,C018,Aanya Iyer,Coimbatore,South,Travel Bottle,Accessories,1,900,0.1,810.0,145.86,900,90.0,0.18007407407407408,2025,10,October,Q4,Profitable
ORD02036,2025-10-08,C010,Diya Das,Bhubaneswar,East,Backpack,Accessories,4,2200,0.0,8800.0,3239.19,8800,0.0,0.3680897727272727,2025,10,October,Q4,Profitable
ORD02037,2025-05-18,C014,Kiara Roy,Patna,East,Wireless Mouse,Electronics,3,1200,0.05,3420.0,699.98,3600,180.0,0.20467251461988303,2025,5,May,Q2,Profitable
ORD02038,2024-03-11,C012,Myra Kapoor,Lucknow,North,LED Table Lamp,Furniture,3,1800,0.1,4860.0,1431.34,5400,540.0,0.29451440329218104,2024,3,March,Q1,Profitable
ORD02039,2024-03-19,C010,Diya Das,Bhubaneswar,East,Smartphone X,Electronics,3,42000,0.2,100800.0,5489.4,126000,25200.0,0.05445833333333333,2024,3,March,Q1,Profitable
ORD02040,2025-03-17,C012,Myra Kapoor,Lucknow,North,LED Table Lamp,Furniture,1,1800,0.1,1620.0,428.64,1800,180.0,0.2645925925925926,2025,3,March,Q1,Profitable
ORD02041,2024-04-12,C001,Aarav Sharma,Mumbai,West,Smartphone X,Electronics,2,42000,0.15,71400.0,21839.63,84000,12600.0,0.30587717086834737,2024,4,April,Q2,Profitable
ORD02042,2024-09-25,C001,Aarav Sharma,Mumbai,West,Study Desk,Furniture,1,7200,0.1,6480.0,1136.14,7200,720.0,0.17533024691358026,2024,9,September,Q3,Profitable
ORD02043,2024-02-20,C015,Yash Kulkarni,Nagpur,West,Notebook Pack,Stationery,4,450,0.15,1530.0,240.98,1800,270.0,0.1575032679738562,2024,2,February,Q1,Profitable
ORD02044,2024-11-11,C001,Aarav Sharma,Mumbai,West,Smartphone X,Electronics,1,42000,0.0,42000.0,12407.03,42000,0.0,0.2954054761904762,2024,11,November,Q4,Profitable
ORD02045,2025-11-27,C018,Aanya Iyer,Coimbatore,South,File Organizer,Stationery,1,380,0.2,304.0,79.36,380,76.0,0.26105263157894737,2025,11,November,Q4,Profitable
ORD02046,2024-03-11,C014,Kiara Roy,Patna,East,USB-C Cable,Accessories,5,750,0.0,3750.0,1154.6,3750,0.0,0.3078933333333333,2024,3,March,Q1,Profitable
ORD02047,2025-09-22,C006,Meera Joshi,Bengaluru,South,Smartphone X,Electronics,5,42000,0.05,199500.0,54197.86,210000,10500.0,0.27166847117794485,2025,9,September,Q3,Profitable
ORD02048,2024-08-31,C007,Arjun Nair,Chennai,South,LED Table Lamp,Furniture,5,1800,0.05,8550.0,2974.52,9000,450.0,0.3478970760233918,2024,8,August,Q3,Profitable
ORD02049,2024-11-28,C013,Reyansh Shah,Surat,West,Bookshelf,Furniture,3,5800,0.05,16530.0,4639.41,17400,870.0,0.2806660617059891,2024,11,November,Q4,Profitable
ORD02050,2024-03-23,C006,Meera Joshi,Bengaluru,South,Office Chair,Furniture,2,9500,0.05,18050.0,5144.05,19000,950.0,0.28498891966759005,2024,3,March,Q1,Profitable
ORD02051,2025-04-03,C001,Aarav Sharma,Mumbai,West,Bookshelf,Furniture,2,5800,0.1,10440.0,1804.32,11600,1160.0,0.17282758620689653,2025,4,April,Q2,Profitable
ORD02052,2024-04-11,C005,Kabir Verma,Jaipur,North,Bookshelf,Furniture,3,5800,0.1,15660.0,2466.34,17400,1740.0,0.15749297573435506,2024,4,April,Q2,Profitable
ORD02053,2024-03-03,C016,Tara Menon,Kochi,South,Study Desk,Furniture,5,7200,0.0,36000.0,7988.17,36000,0.0,0.2218936111111111,2024,3,March,Q1,Profitable
ORD02054,2025-02-14,C018,Aanya Iyer,Coimbatore,South,Bluetooth Headphones,Electronics,5,3200,0.1,14400.0,2944.58,16000,1600.0,0.20448472222222222,2025,2,February,Q1,Profitable
ORD02055,2025-06-23,C009,Vivaan Gupta,Kolkata,East,Backpack,Accessories,5,2200,0.0,11000.0,3799.38,11000,0.0,0.3453981818181818,2025,6,June,Q2,Profitable
ORD02056,2024-11-02,C012,Myra Kapoor,Lucknow,North,Smartphone X,Electronics,2,42000,0.15,71400.0,16103.14,84000,12600.0,0.2255341736694678,2024,11,November,Q4,Profitable
ORD02057,2025-07-22,C020,Sara Khan,Bhopal,Central,Travel Bottle,Accessories,4,900,0.05,3420.0,1318.8,3600,180.0,0.3856140350877193,2025,7,July,Q3,Profitable
ORD02058,2025-04-08,C006,Meera Joshi,Bengaluru,South,Bookshelf,Furniture,3,5800,0.05,16530.0,5916.56,17400,870.0,0.35792861464004844,2025,4,April,Q2,Profitable
ORD02059,2024-03-18,C012,Myra Kapoor,Lucknow,North,Laptop Pro 14,Electronics,4,85000,0.0,340000.0,113292.4,340000,0.0,0.33321294117647055,2024,3,March,Q1,Profitable
ORD02060,2025-11-02,C013,Reyansh Shah,Surat,West,Smartphone X,Electronics,1,42000,0.1,37800.0,8281.64,42000,4200.0,0.21909100529100528,2025,11,November,Q4,Profitable
ORD02061,2024-07-04,C003,Rohan Deshmukh,Nashik,West,File Organizer,Stationery,2,380,0.2,608.0,40.25,760,152.0,0.06620065789473684,2024,7,July,Q3,Profitable
ORD02062,2025-02-23,C012,Myra Kapoor,Lucknow,North,Laptop Pro 14,Electronics,1,85000,0.2,68000.0,3431.55,85000,17000.0,0.0504639705882353,2025,2,February,Q1,Profitable
ORD02063,2025-03-19,C015,Yash Kulkarni,Nagpur,West,Notebook Pack,Stationery,1,450,0.1,405.0,65.29,450,45.0,0.1612098765432099,2025,3,March,Q1,Profitable
ORD02064,2025-07-10,C014,Kiara Roy,Patna,East,Laptop Pro 14,Electronics,4,85000,0.0,340000.0,141971.77,340000,0.0,0.4175640294117647,2025,7,July,Q3,Profitable
ORD02065,2024-04-25,C013,Reyansh Shah,Surat,West,Bookshelf,Furniture,4,5800,0.05,22040.0,7048.68,23200,1160.0,0.31981306715063523,2024,4,April,Q2,Profitable
ORD02066,2025-11-24,C002,Isha Patel,Pune,West,File Organizer,Stationery,2,380,0.05,722.0,203.31,760,38.0,0.28159279778393353,2025,11,November,Q4,Profitable
ORD02067,2025-02-13,C019,Neil Bhat,Indore,West,USB-C Cable,Accessories,2,750,0.05,1425.0,505.14,1500,75.0,0.3544842105263158,2025,2,February,Q1,Profitable
ORD02068,2025-12-24,C011,Aditya Mehta,Ahmedabad,West,Notebook Pack,Stationery,2,450,0.1,810.0,167.96,900,90.0,0.20735802469135803,2025,12,December,Q4,Profitable
ORD02069,2024-11-03,C019,Neil Bhat,Indore,West,Backpack,Accessories,2,2200,0.1,3960.0,981.85,4400,440.0,0.24794191919191919,2024,11,November,Q4,Profitable
ORD02070,2024-03-06,C006,Meera Joshi,Bengaluru,South,File Organizer,Stationery,4,380,0.1,1368.0,304.09,1520,152.0,0.22228801169590642,2024,3,March,Q1,Profitable
ORD02071,2024-11-12,C014,Kiara Roy,Patna,East,Smartphone X,Electronics,2,42000,0.0,84000.0,18881.86,84000,0.0,0.22478404761904763,2024,11,November,Q4,Profitable
ORD02072,2025-01-20,C015,Yash Kulkarni,Nagpur,West,Study Desk,Furniture,1,7200,0.05,6840.0,2395.81,7200,360.0,0.3502646198830409,2025,1,January,Q1,Profitable
ORD02073,2024-02-04,C002,Isha Patel,Pune,West,Smartphone X,Electronics,3,42000,0.05,119700.0,31416.2,126000,6300.0,0.2624578111946533,2024,2,February,Q1,Profitable
ORD02074,2024-12-13,C007,Arjun Nair,Chennai,South,Laptop Pro 14,Electronics,3,85000,0.1,229500.0,70380.03,255000,25500.0,0.3066667973856209,2024,12,December,Q4,Profitable
ORD02075,2025-11-17,C014,Kiara Roy,Patna,East,USB-C Cable,Accessories,1,750,0.1,675.0,97.82,750,75.0,0.1449185185185185,2025,11,November,Q4,Profitable
ORD02076,2025-01-01,C006,Meera Joshi,Bengaluru,South,File Organizer,Stationery,1,380,0.15,323.0,34.39,380,57.0,0.10647058823529412,2025,1,January,Q1,Profitable
ORD02077,2025-04-29,C008,Sanya Rao,Hyderabad,South,Study Desk,Furniture,4,7200,0.0,28800.0,6828.8,28800,0.0,0.2371111111111111,2025,4,April,Q2,Profitable
ORD02078,2025-09-26,C019,Neil Bhat,Indore,West,USB-C Cable,Accessories,1,750,0.15,637.5,147.22,750,112.5,0.23093333333333332,2025,9,September,Q3,Profitable
ORD02079,2025-08-02,C016,Tara Menon,Kochi,South,LED Table Lamp,Furniture,3,1800,0.1,4860.0,1082.26,5400,540.0,0.22268724279835392,2025,8,August,Q3,Profitable
ORD02080,2024-10-28,C002,Isha Patel,Pune,West,Premium Pen Set,Stationery,3,650,0.05,1852.5,503.02,1950,97.5,0.2715357624831309,2024,10,October,Q4,Profitable
ORD02081,2024-09-01,C014,Kiara Roy,Patna,East,Travel Bottle,Accessories,2,900,0.0,1800.0,745.73,1800,0.0,0.41429444444444447,2024,9,September,Q3,Profitable
ORD02082,2024-01-08,C008,Sanya Rao,Hyderabad,South,Study Desk,Furniture,2,7200,0.0,14400.0,4025.27,14400,0.0,0.2795326388888889,2024,1,January,Q1,Profitable
ORD02083,2025-08-21,C012,Myra Kapoor,Lucknow,North,Premium Pen Set,Stationery,1,650,0.1,585.0,81.18,650,65.0,0.13876923076923078,2025,8,August,Q3,Profitable
ORD02084,2025-09-12,C001,Aarav Sharma,Mumbai,West,Notebook Pack,Stationery,4,450,0.0,1800.0,643.97,1800,0.0,0.35776111111111114,2025,9,September,Q3,Profitable
ORD02085,2025-12-24,C013,Reyansh Shah,Surat,West,Bookshelf,Furniture,5,5800,0.2,23200.0,6312.88,29000,5800.0,0.27210689655172415,2025,12,December,Q4,Profitable
ORD02086,2025-11-16,C008,Sanya Rao,Hyderabad,South,Premium Pen Set,Stationery,3,650,0.0,1950.0,675.56,1950,0.0,0.34644102564102564,2025,11,November,Q4,Profitable
ORD02087,2024-02-08,C019,Neil Bhat,Indore,West,Bluetooth Headphones,Electronics,1,3200,0.15,2720.0,569.47,3200,480.0,0.2093639705882353,2024,2,February,Q1,Profitable
ORD02088,2025-10-06,C005,Kabir Verma,Jaipur,North,Bluetooth Headphones,Electronics,4,3200,0.05,12160.0,3590.08,12800,640.0,0.29523684210526313,2025,10,October,Q4,Profitable
ORD02089,2024-11-05,C002,Isha Patel,Pune,West,Mechanical Keyboard,Electronics,1,4500,0.1,4050.0,785.01,4500,450.0,0.19382962962962963,2024,11,November,Q4,Profitable
ORD02090,2024-07-01,C018,Aanya Iyer,Coimbatore,South,Bookshelf,Furniture,3,5800,0.0,17400.0,5032.67,17400,0.0,0.28923390804597704,2024,7,July,Q3,Profitable
ORD02091,2025-12-26,C020,Sara Khan,Bhopal,Central,Backpack,Accessories,4,2200,0.1,7920.0,1242.46,8800,880.0,0.15687626262626264,2025,12,December,Q4,Profitable
ORD02092,2024-05-26,C013,Reyansh Shah,Surat,West,Smartphone X,Electronics,2,42000,0.1,75600.0,21777.49,84000,8400.0,0.28806203703703703,2024,5,May,Q2,Profitable
ORD02093,2025-03-14,C007,Arjun Nair,Chennai,South,Bluetooth Headphones,Electronics,2,3200,0.05,6080.0,2295.24,6400,320.0,0.3775065789473684,2025,3,March,Q1,Profitable
ORD02094,2024-08-12,C002,Isha Patel,Pune,West,Notebook Pack,Stationery,1,450,0.05,427.5,101.79,450,22.5,0.23810526315789476,2024,8,August,Q3,Profitable
ORD02095,2024-04-04,C014,Kiara Roy,Patna,East,Office Chair,Furniture,1,9500,0.05,9025.0,2076.14,9500,475.0,0.23004321329639887,2024,4,April,Q2,Profitable
ORD02096,2025-04-09,C016,Tara Menon,Kochi,South,Bookshelf,Furniture,4,5800,0.05,22040.0,6325.22,23200,1160.0,0.28698820326678764,2025,4,April,Q2,Profitable
ORD02097,2024-10-09,C014,Kiara Roy,Patna,East,Bluetooth Headphones,Electronics,1,3200,0.05,3040.0,1014.08,3200,160.0,0.3335789473684211,2024,10,October,Q4,Profitable
ORD02098,2025-05-11,C017,Dev Malhotra,Chandigarh,North,Bluetooth Headphones,Electronics,1,3200,0.1,2880.0,635.61,3200,320.0,0.22069791666666666,2025,5,May,Q2,Profitable
ORD02099,2024-11-23,C013,Reyansh Shah,Surat,West,Study Desk,Furniture,1,7200,0.0,7200.0,2329.19,7200,0.0,0.3234986111111111,2024,11,November,Q4,Profitable
ORD02100,2025-05-09,C020,Sara Khan,Bhopal,Central,Study Desk,Furniture,1,7200,0.1,6480.0,1392.03,7200,720.0,0.21481944444444445,2025,5,May,Q2,Profitable
ORD02101,2025-07-11,C017,Dev Malhotra,Chandigarh,North,Backpack,Accessories,3,2200,0.05,6270.0,2410.0,6600,330.0,0.3843700159489633,2025,7,July,Q3,Profitable
ORD02102,2025-09-24,C014,Kiara Roy,Patna,East,Wireless Mouse,Electronics,1,1200,0.0,1200.0,356.98,1200,0.0,0.2974833333333333,2025,9,September,Q3,Profitable
ORD02103,2024-10-03,C008,Sanya Rao,Hyderabad,South,File Organizer,Stationery,3,380,0.2,912.0,95.07,1140,228.0,0.10424342105263157,2024,10,October,Q4,Profitable
ORD02104,2024-12-28,C015,Yash Kulkarni,Nagpur,West,Backpack,Accessories,2,2200,0.15,3740.0,659.35,4400,660.0,0.17629679144385027,2024,12,December,Q4,Profitable
ORD02105,2024-01-28,C007,Arjun Nair,Chennai,South,Wireless Mouse,Electronics,1,1200,0.05,1140.0,414.41,1200,60.0,0.36351754385964913,2024,1,January,Q1,Profitable
ORD02106,2024-09-16,C020,Sara Khan,Bhopal,Central,Travel Bottle,Accessories,2,900,0.05,1710.0,336.59,1800,90.0,0.1968362573099415,2024,9,September,Q3,Profitable
ORD02107,2025-12-09,C012,Myra Kapoor,Lucknow,North,Backpack,Accessories,5,2200,0.0,11000.0,2652.96,11000,0.0,0.24117818181818182,2025,12,December,Q4,Profitable
ORD02108,2025-11-20,C020,Sara Khan,Bhopal,Central,Bluetooth Headphones,Electronics,5,3200,0.15,13600.0,3551.27,16000,2400.0,0.26112279411764705,2025,11,November,Q4,Profitable
ORD02109,2025-03-07,C020,Sara Khan,Bhopal,Central,Bookshelf,Furniture,4,5800,0.0,22040.0,7520.9,23200,0.0,0.34123865698729583,2025,3,March,Q1,Profitable
ORD02110,2025-06-30,C017,Dev Malhotra,Chandigarh,North,LED Table Lamp,Furniture,1,1800,0.05,1710.0,374.23,1800,90.0,0.2188479532163743,2025,6,June,Q2,Profitable
ORD02111,2025-04-10,C012,Myra Kapoor,Lucknow,North,Mechanical Keyboard,Electronics,3,4500,0.0,13500.0,3849.03,13500,0.0,0.28511333333333333,2025,4,April,Q2,Profitable
ORD02112,2024-03-19,C001,Aarav Sharma,Mumbai,West,Wireless Mouse,Electronics,1,1200,0.1,1080.0,350.42,1200,120.0,0.32446296296296295,2024,3,March,Q1,Profitable
ORD02113,2025-04-01,C013,Reyansh Shah,Surat,West,Office Chair,Furniture,3,9500,0.0,28500.0,7622.88,28500,0.0,0.26746947368421053,2025,4,April,Q2,Profitable
ORD02114,2025-01-12,C011,Aditya Mehta,Ahmedabad,West,Bookshelf,Furniture,2,5800,0.1,10440.0,2620.44,11600,1160.0,0.251,2025,1,January,Q1,Profitable
ORD02115,2024-12-29,C017,Dev Malhotra,Chandigarh,North,Study Desk,Furniture,4,7200,0.0,28800.0,11539.87,28800,0.0,0.4006899305555556,2024,12,December,Q4,Profitable
ORD02116,2024-04-04,C009,Vivaan Gupta,Kolkata,East,Backpack,Accessories,2,2200,0.0,4400.0,1390.38,4400,0.0,0.3159954545454546,2024,4,April,Q2,Profitable
ORD02117,2025-06-03,C020,Sara Khan,Bhopal,Central,Smartphone X,Electronics,3,42000,0.1,113400.0,15477.67,126000,12600.0,0.1364873897707231,2025,6,June,Q2,Profitable
ORD02118,2024-06-03,C019,Neil Bhat,Indore,West,Study Desk,Furniture,3,7200,0.1,19440.0,4328.94,21600,2160.0,0.22268209876543207,2024,6,June,Q2,Profitable
ORD02119,2025-09-07,C020,Sara Khan,Bhopal,Central,Mechanical Keyboard,Electronics,2,4500,0.05,8550.0,1598.44,9000,450.0,0.18695204678362573,2025,9,September,Q3,Profitable
ORD02120,2025-08-06,C011,Aditya Mehta,Ahmedabad,West,Study Desk,Furniture,5,7200,0.1,32400.0,4492.92,36000,3600.0,0.13867037037037036,2025,8,August,Q3,Profitable
ORD02121,2025-02-25,C015,Yash Kulkarni,Nagpur,West,Bookshelf,Furniture,2,5800,0.15,9860.0,866.54,11600,1740.0,0.08788438133874239,2025,2,February,Q1,Profitable
ORD02122,2024-06-05,C006,Meera Joshi,Bengaluru,South,Backpack,Accessories,5,2200,0.0,11000.0,3068.16,11000,0.0,0.2789236363636364,2024,6,June,Q2,Profitable
ORD02123,2025-08-13,C010,Diya Das,Bhubaneswar,East,Mechanical Keyboard,Electronics,5,4500,0.2,18000.0,3778.21,22500,4500.0,0.20990055555555556,2025,8,August,Q3,Profitable
ORD02124,2024-01-02,C009,Vivaan Gupta,Kolkata,East,Laptop Pro 14,Electronics,3,85000,0.1,229500.0,60397.55,255000,25500.0,0.2631701525054466,2024,1,January,Q1,Profitable
ORD02125,2024-10-02,C020,Sara Khan,Bhopal,Central,Smartphone X,Electronics,5,42000,0.1,189000.0,39997.89,210000,21000.0,0.2116290476190476,2024,10,October,Q4,Profitable
ORD02126,2024-08-14,C006,Meera Joshi,Bengaluru,South,File Organizer,Stationery,5,380,0.0,1900.0,666.12,1900,0.0,0.3505894736842105,2024,8,August,Q3,Profitable
ORD02127,2025-09-23,C001,Aarav Sharma,Mumbai,West,LED Table Lamp,Furniture,3,1800,0.05,5130.0,1702.39,5400,270.0,0.33184990253411306,2025,9,September,Q3,Profitable
ORD02128,2024-04-16,C004,Ananya Singh,Delhi,North,Mechanical Keyboard,Electronics,1,4500,0.2,3600.0,845.93,4500,900.0,0.23498055555555555,2024,4,April,Q2,Profitable
ORD02129,2024-06-03,C013,Reyansh Shah,Surat,West,LED Table Lamp,Furniture,2,1800,0.1,3240.0,969.9,3600,360.0,0.29935185185185187,2024,6,June,Q2,Profitable
ORD02130,2024-09-01,C012,Myra Kapoor,Lucknow,North,Notebook Pack,Stationery,2,450,0.15,765.0,240.88,900,135.0,0.31487581699346406,2024,9,September,Q3,Profitable
ORD02131,2024-11-07,C014,Kiara Roy,Patna,East,Premium Pen Set,Stationery,3,650,0.05,1852.5,602.84,1950,97.5,0.32541970310391366,2024,11,November,Q4,Profitable
ORD02132,2024-01-16,C001,Aarav Sharma,Mumbai,West,Backpack,Accessories,1,2200,0.15,1870.0,555.09,2200,330.0,0.2968395721925134,2024,1,January,Q1,Profitable
ORD02133,2024-08-23,C005,Kabir Verma,Jaipur,North,LED Table Lamp,Furniture,2,1800,0.05,3420.0,1007.04,3600,180.0,0.2944561403508772,2024,8,August,Q3,Profitable
ORD02134,2024-08-07,C010,Diya Das,Bhubaneswar,East,Mechanical Keyboard,Electronics,5,4500,0.1,20250.0,4964.53,22500,2250.0,0.24516197530864195,2024,8,August,Q3,Profitable
ORD02135,2024-01-28,C020,Sara Khan,Bhopal,Central,Laptop Pro 14,Electronics,2,85000,0.1,153000.0,27186.03,170000,17000.0,0.17768647058823528,2024,1,January,Q1,Profitable
ORD02136,2024-08-27,C015,Yash Kulkarni,Nagpur,West,Study Desk,Furniture,1,7200,0.1,6480.0,1343.21,7200,720.0,0.2072854938271605,2024,8,August,Q3,Profitable
ORD02137,2024-08-04,C008,Sanya Rao,Hyderabad,South,Smartphone X,Electronics,4,42000,0.1,151200.0,48931.96,168000,16800.0,0.32362407407407406,2024,8,August,Q3,Profitable
ORD02138,2024-09-23,C006,Meera Joshi,Bengaluru,South,Premium Pen Set,Stationery,5,650,0.1,2925.0,809.89,3250,325.0,0.2768854700854701,2024,9,September,Q3,Profitable
ORD02139,2025-07-18,C003,Rohan Deshmukh,Nashik,West,Study Desk,Furniture,4,7200,0.1,25920.0,8326.88,28800,2880.0,0.32125308641975303,2025,7,July,Q3,Profitable
ORD02140,2025-09-05,C007,Arjun Nair,Chennai,South,USB-C Cable,Accessories,3,750,0.15,1912.5,549.92,2250,337.5,0.28753986928104575,2025,9,September,Q3,Profitable
ORD02141,2025-03-29,C002,Isha Patel,Pune,West,Backpack,Accessories,1,2200,0.15,1870.0,490.3,2200,330.0,0.26219251336898397,2025,3,March,Q1,Profitable
ORD02142,2025-05-25,C013,Reyansh Shah,Surat,West,Notebook Pack,Stationery,4,450,0.2,1440.0,294.75,1800,360.0,0.2046875,2025,5,May,Q2,Profitable
ORD02143,2025-12-25,C016,Tara Menon,Kochi,South,Laptop Pro 14,Electronics,5,85000,0.1,382500.0,90770.55,425000,42500.0,0.2373086274509804,2025,12,December,Q4,Profitable
ORD02144,2024-04-17,C001,Aarav Sharma,Mumbai,West,Study Desk,Furniture,5,7200,0.1,32400.0,9696.63,36000,3600.0,0.2992787037037037,2024,4,April,Q2,Profitable
ORD02145,2025-08-12,C016,Tara Menon,Kochi,South,Laptop Pro 14,Electronics,2,85000,0.2,136000.0,35372.73,170000,34000.0,0.2600936029411765,2025,8,August,Q3,Profitable
ORD02146,2024-07-11,C015,Yash Kulkarni,Nagpur,West,Bluetooth Headphones,Electronics,5,3200,0.05,15200.0,3956.97,16000,800.0,0.26032697368421054,2024,7,July,Q3,Profitable
ORD02147,2025-10-14,C002,Isha Patel,Pune,West,Mechanical Keyboard,Electronics,4,4500,0.1,16200.0,4859.8,18000,1800.0,0.2999876543209877,2025,10,October,Q4,Profitable
ORD02148,2024-05-13,C012,Myra Kapoor,Lucknow,North,Bluetooth Headphones,Electronics,2,3200,0.1,5760.0,1866.16,6400,640.0,0.32398611111111114,2024,5,May,Q2,Profitable
ORD02149,2024-06-12,C017,Dev Malhotra,Chandigarh,North,Wireless Mouse,Electronics,2,1200,0.0,2400.0,771.8,2400,0.0,0.32158333333333333,2024,6,June,Q2,Profitable
ORD02150,2024-03-08,C001,Aarav Sharma,Mumbai,West,Study Desk,Furniture,4,7200,0.0,28800.0,7366.4,28800,0.0,0.25577777777777777,2024,3,March,Q1,Profitable
ORD02151,2025-05-22,C003,Rohan Deshmukh,Nashik,West,Smartphone X,Electronics,2,42000,0.1,75600.0,24247.28,84000,8400.0,0.3207312169312169,2025,5,May,Q2,Profitable
ORD02152,2025-04-22,C019,Neil Bhat,Indore,West,Study Desk,Furniture,3,7200,0.15,18360.0,5822.75,21600,3240.0,0.31714324618736384,2025,4,April,Q2,Profitable
ORD02153,2024-02-07,C010,Diya Das,Bhubaneswar,East,LED Table Lamp,Furniture,4,1800,0.05,6840.0,1797.77,7200,360.0,0.2628318713450292,2024,2,February,Q1,Profitable
ORD02154,2025-09-27,C001,Aarav Sharma,Mumbai,West,Office Chair,Furniture,1,9500,0.0,9500.0,3740.69,9500,0.0,0.3937568421052632,2025,9,September,Q3,Profitable
ORD02155,2025-07-12,C003,Rohan Deshmukh,Nashik,West,Travel Bottle,Accessories,2,900,0.1,1620.0,282.95,1800,180.0,0.17466049382716048,2025,7,July,Q3,Profitable
ORD02156,2025-01-30,C002,Isha Patel,Pune,West,Laptop Pro 14,Electronics,3,85000,0.1,229500.0,68634.89,255000,25500.0,0.2990627015250545,2025,1,January,Q1,Profitable
ORD02157,2025-11-13,C015,Yash Kulkarni,Nagpur,West,Mechanical Keyboard,Electronics,5,4500,0.2,18000.0,1042.54,22500,4500.0,0.05791888888888889,2025,11,November,Q4,Profitable
ORD02158,2024-01-05,C007,Arjun Nair,Unknown,South,LED Table Lamp,Furniture,5,1800,0.1,8100.0,1898.35,9000,900.0,0.23436419753086418,2024,1,January,Q1,Profitable
ORD02159,2024-08-13,C010,Diya Das,Bhubaneswar,East,Mechanical Keyboard,Electronics,1,4500,0.05,4275.0,1284.01,4500,225.0,0.300353216374269,2024,8,August,Q3,Profitable
ORD02160,2024-08-11,C001,Aarav Sharma,Mumbai,West,Office Chair,Furniture,4,9500,0.1,34200.0,9124.55,38000,3800.0,0.2667997076023392,2024,8,August,Q3,Profitable
ORD02161,2024-08-28,C002,Isha Patel,Pune,West,Premium Pen Set,Stationery,2,650,0.05,1235.0,327.45,1300,65.0,0.2651417004048583,2024,8,August,Q3,Profitable
ORD02162,2025-04-10,C008,Sanya Rao,Hyderabad,South,USB-C Cable,Accessories,1,750,0.1,675.0,122.22,750,75.0,0.18106666666666665,2025,4,April,Q2,Profitable
ORD02163,2025-09-12,C001,Aarav Sharma,Mumbai,West,Bluetooth Headphones,Electronics,4,3200,0.15,10880.0,1342.28,12800,1920.0,0.12337132352941176,2025,9,September,Q3,Profitable
ORD02164,2025-06-23,C015,Yash Kulkarni,Nagpur,West,Bluetooth Headphones,Electronics,3,3200,0.1,8640.0,2544.51,9600,960.0,0.29450347222222223,2025,6,June,Q2,Profitable
ORD02165,2024-08-15,C010,Diya Das,Bhubaneswar,East,Travel Bottle,Accessories,5,900,0.1,4050.0,683.6,4500,450.0,0.16879012345679012,2024,8,August,Q3,Profitable
ORD02166,2025-05-14,C011,Aditya Mehta,Ahmedabad,West,Study Desk,Furniture,2,7200,0.05,13680.0,4473.73,14400,720.0,0.3270270467836257,2025,5,May,Q2,Profitable
ORD02167,2024-05-02,C013,Reyansh Shah,Surat,West,LED Table Lamp,Furniture,3,1800,0.2,4320.0,475.24,5400,1080.0,0.11000925925925926,2024,5,May,Q2,Profitable
ORD02168,2025-01-10,C007,Arjun Nair,Chennai,South,Notebook Pack,Stationery,3,450,0.0,1350.0,344.86,1350,0.0,0.2554518518518519,2025,1,January,Q1,Profitable
ORD02169,2025-09-25,C006,Meera Joshi,Bengaluru,South,Premium Pen Set,Stationery,2,650,0.0,1300.0,477.06,1300,0.0,0.36696923076923077,2025,9,September,Q3,Profitable
ORD02170,2025-04-17,C014,Kiara Roy,Patna,East,LED Table Lamp,Furniture,1,1800,0.0,1800.0,539.93,1800,0.0,0.29996111111111107,2025,4,April,Q2,Profitable
ORD02171,2024-04-18,C007,Arjun Nair,Chennai,South,LED Table Lamp,Furniture,2,1800,0.15,3060.0,641.41,3600,540.0,0.2096111111111111,2024,4,April,Q2,Profitable
ORD02172,2024-11-28,C006,Meera Joshi,Bengaluru,South,LED Table Lamp,Furniture,5,1800,0.1,8100.0,1970.9,9000,900.0,0.243320987654321,2024,11,November,Q4,Profitable
ORD02173,2024-05-21,C005,Kabir Verma,Jaipur,North,LED Table Lamp,Furniture,3,1800,0.05,5130.0,1540.13,5400,270.0,0.30022027290448344,2024,5,May,Q2,Profitable
ORD02174,2025-11-03,C007,Arjun Nair,Chennai,South,Mechanical Keyboard,Electronics,2,4500,0.05,8550.0,2208.33,9000,450.0,0.2582842105263158,2025,11,November,Q4,Profitable
ORD02175,2024-10-28,C019,Neil Bhat,Indore,West,Travel Bottle,Accessories,3,900,0.05,2565.0,507.41,2700,135.0,0.1978206627680312,2024,10,October,Q4,Profitable
ORD02176,2025-01-08,C019,Neil Bhat,Indore,West,Premium Pen Set,Stationery,4,650,0.1,2340.0,443.17,2600,260.0,0.18938888888888888,2025,1,January,Q1,Profitable
ORD02177,2025-06-02,C011,Aditya Mehta,Ahmedabad,West,Smartphone X,Electronics,1,42000,0.15,35700.0,11256.34,42000,6300.0,0.31530364145658263,2025,6,June,Q2,Profitable
ORD02178,2025-11-12,C012,Myra Kapoor,Lucknow,North,Notebook Pack,Stationery,5,450,0.05,2137.5,721.58,2250,112.5,0.33758128654970765,2025,11,November,Q4,Profitable
ORD02179,2025-05-14,C017,Dev Malhotra,Chandigarh,North,Bluetooth Headphones,Electronics,5,3200,0.1,14400.0,4147.82,16000,1600.0,0.28804305555555554,2025,5,May,Q2,Profitable
ORD02180,2025-05-20,C002,Isha Patel,Pune,West,Backpack,Accessories,3,2200,0.1,5940.0,1827.91,6600,660.0,0.30772895622895624,2025,5,May,Q2,Profitable
ORD02181,2025-07-22,C009,Vivaan Gupta,Kolkata,East,Study Desk,Furniture,4,7200,0.1,25920.0,5073.34,28800,2880.0,0.1957307098765432,2025,7,July,Q3,Profitable
ORD02182,2025-07-20,C016,Tara Menon,Kochi,South,USB-C Cable,Accessories,1,750,0.1,675.0,190.95,750,75.0,0.28288888888888886,2025,7,July,Q3,Profitable
ORD02183,2024-03-13,C015,Yash Kulkarni,Nagpur,West,Study Desk,Furniture,1,7200,0.05,6840.0,1770.8,7200,360.0,0.2588888888888889,2024,3,March,Q1,Profitable
ORD02184,2024-08-23,C006,Meera Joshi,Bengaluru,South,File Organizer,Stationery,5,380,0.1,1710.0,405.01,1900,190.0,0.23684795321637425,2024,8,August,Q3,Profitable
ORD02185,2025-10-07,C006,Meera Joshi,Bengaluru,South,Bluetooth Headphones,Electronics,3,3200,0.0,9600.0,2444.85,9600,0.0,0.254671875,2025,10,October,Q4,Profitable
ORD02186,2024-04-08,C003,Rohan Deshmukh,Nashik,West,Travel Bottle,Accessories,4,900,0.1,3240.0,527.36,3600,360.0,0.16276543209876543,2024,4,April,Q2,Profitable
ORD02187,2024-02-07,C006,Meera Joshi,Bengaluru,South,Bookshelf,Furniture,2,5800,0.0,11600.0,3487.29,11600,0.0,0.30062844827586205,2024,2,February,Q1,Profitable
ORD02188,2025-03-19,C017,Dev Malhotra,Chandigarh,North,LED Table Lamp,Furniture,3,1800,0.2,4320.0,548.51,5400,1080.0,0.1269699074074074,2025,3,March,Q1,Profitable
ORD02189,2024-11-11,C006,Meera Joshi,Bengaluru,South,File Organizer,Stationery,3,380,0.0,1140.0,439.84,1140,0.0,0.38582456140350874,2024,11,November,Q4,Profitable
ORD02190,2025-12-13,C001,Aarav Sharma,Mumbai,West,Notebook Pack,Stationery,3,450,0.1,1215.0,263.75,1350,135.0,0.21707818930041153,2025,12,December,Q4,Profitable
ORD02191,2024-12-04,C013,Reyansh Shah,Surat,West,Study Desk,Furniture,4,7200,0.05,27360.0,9922.8,28800,1440.0,0.3626754385964912,2024,12,December,Q4,Profitable
ORD02192,2025-04-19,C007,Arjun Nair,Chennai,South,Bluetooth Headphones,Electronics,4,3200,0.05,12160.0,2918.32,12800,640.0,0.2399934210526316,2025,4,April,Q2,Profitable
ORD02193,2024-08-10,C018,Aanya Iyer,Coimbatore,South,Bluetooth Headphones,Electronics,3,3200,0.0,9600.0,2225.38,9600,0.0,0.23181041666666669,2024,8,August,Q3,Profitable
ORD02194,2025-03-04,C009,Vivaan Gupta,Kolkata,East,LED Table Lamp,Furniture,4,1800,0.15,6120.0,1318.94,7200,1080.0,0.21551307189542485,2025,3,March,Q1,Profitable
ORD02195,2025-06-27,C002,Isha Patel,Pune,West,Notebook Pack,Stationery,3,450,0.05,1282.5,403.85,1350,67.5,0.3148927875243665,2025,6,June,Q2,Profitable
ORD02196,2024-11-07,C014,Kiara Roy,Patna,East,Premium Pen Set,Stationery,4,650,0.15,2210.0,635.77,2600,390.0,0.2876787330316742,2024,11,November,Q4,Profitable
ORD02197,2024-03-24,C001,Aarav Sharma,Mumbai,West,File Organizer,Stationery,1,380,0.0,380.0,108.08,380,0.0,0.28442105263157896,2024,3,March,Q1,Profitable
ORD02198,2024-10-19,C010,Diya Das,Bhubaneswar,East,File Organizer,Stationery,1,380,0.05,361.0,123.5,380,19.0,0.34210526315789475,2024,10,October,Q4,Profitable
ORD02199,2025-04-22,C006,Meera Joshi,Bengaluru,South,Bluetooth Headphones,Electronics,3,3200,0.1,8640.0,1843.94,9600,960.0,0.2134189814814815,2025,4,April,Q2,Profitable
ORD02200,2024-07-19,C006,Meera Joshi,Bengaluru,South,Backpack,Accessories,3,2200,0.05,6270.0,2199.29,6600,330.0,0.3507639553429027,2024,7,July,Q3,Profitable
ORD02201,2024-09-14,C004,Ananya Singh,Delhi,North,Bookshelf,Furniture,5,5800,0.0,29000.0,6676.69,29000,0.0,0.2302306896551724,2024,9,September,Q3,Profitable
ORD02202,2025-12-05,C013,Reyansh Shah,Surat,West,Wireless Mouse,Electronics,2,1200,0.05,2280.0,425.83,2400,120.0,0.1867675438596491,2025,12,December,Q4,Profitable
ORD02203,2025-07-12,C014,Kiara Roy,Patna,East,Study Desk,Furniture,5,7200,0.15,30600.0,7873.88,36000,5400.0,0.25731633986928104,2025,7,July,Q3,Profitable
ORD02204,2025-09-04,C005,Kabir Verma,Jaipur,North,Premium Pen Set,Stationery,4,650,0.1,2340.0,348.88,2600,260.0,0.1490940170940171,2025,9,September,Q3,Profitable
ORD02205,2025-07-01,C020,Sara Khan,Bhopal,Central,Wireless Mouse,Electronics,1,1200,0.05,1140.0,442.44,1200,60.0,0.38810526315789473,2025,7,July,Q3,Profitable
ORD02206,2024-03-30,C008,Sanya Rao,Hyderabad,South,Bookshelf,Furniture,4,5800,0.2,18560.0,2071.28,23200,4640.0,0.11159913793103449,2024,3,March,Q1,Profitable
ORD02207,2025-05-26,C012,Myra Kapoor,Lucknow,North,Wireless Mouse,Electronics,5,1200,0.05,5700.0,1401.01,6000,300.0,0.24579122807017545,2025,5,May,Q2,Profitable
ORD02208,2024-08-31,C009,Vivaan Gupta,Kolkata,East,Office Chair,Furniture,3,9500,0.1,25650.0,4761.67,28500,2850.0,0.1856401559454191,2024,8,August,Q3,Profitable
ORD02209,2024-02-12,C001,Aarav Sharma,Mumbai,West,Wireless Mouse,Electronics,5,1200,0.05,5700.0,1912.45,6000,300.0,0.3355175438596491,2024,2,February,Q1,Profitable
ORD02210,2024-01-28,C018,Aanya Iyer,Coimbatore,South,Office Chair,Furniture,1,9500,0.05,9025.0,2643.27,9500,475.0,0.2928831024930748,2024,1,January,Q1,Profitable
ORD02211,2024-06-15,C010,Diya Das,Bhubaneswar,East,USB-C Cable,Accessories,1,750,0.1,675.0,182.65,750,75.0,0.2705925925925926,2024,6,June,Q2,Profitable
ORD02212,2025-11-22,C020,Sara Khan,Bhopal,Central,USB-C Cable,Accessories,2,750,0.05,1425.0,335.81,1500,75.0,0.2356561403508772,2025,11,November,Q4,Profitable
ORD02213,2024-12-11,C010,Diya Das,Bhubaneswar,East,Laptop Pro 14,Electronics,5,85000,0.1,382500.0,75469.97,425000,42500.0,0.19730711111111113,2024,12,December,Q4,Profitable
ORD02214,2025-06-22,C009,Vivaan Gupta,Kolkata,East,Study Desk,Furniture,2,7200,0.0,14400.0,4018.79,14400,0.0,0.2790826388888889,2025,6,June,Q2,Profitable
ORD02215,2024-01-23,C007,Arjun Nair,Chennai,South,LED Table Lamp,Furniture,3,1800,0.1,4860.0,1648.57,5400,540.0,0.33921193415637857,2024,1,January,Q1,Profitable
ORD02216,2024-07-17,C011,Aditya Mehta,Ahmedabad,West,Bookshelf,Furniture,4,5800,0.15,19720.0,3414.29,23200,3480.0,0.17313843813387425,2024,7,July,Q3,Profitable
ORD02217,2024-10-22,C007,Arjun Nair,Chennai,South,Office Chair,Furniture,1,9500,0.0,9500.0,3319.53,9500,0.0,0.34942421052631584,2024,10,October,Q4,Profitable
ORD02218,2024-12-07,C017,Dev Malhotra,Chandigarh,North,Laptop Pro 14,Electronics,2,85000,0.05,161500.0,60478.97,170000,8500.0,0.374482786377709,2024,12,December,Q4,Profitable
ORD02219,2025-10-19,C010,Diya Das,Bhubaneswar,East,Wireless Mouse,Electronics,2,1200,0.0,2400.0,618.67,2400,0.0,0.25777916666666667,2025,10,October,Q4,Profitable
ORD02220,2024-09-01,C012,Myra Kapoor,Lucknow,North,File Organizer,Stationery,4,380,0.0,1520.0,597.97,1520,0.0,0.3934013157894737,2024,9,September,Q3,Profitable
ORD02221,2024-02-05,C018,Aanya Iyer,Coimbatore,South,Mechanical Keyboard,Electronics,1,4500,0.05,4275.0,1606.5,4500,225.0,0.3757894736842105,2024,2,February,Q1,Profitable
ORD02222,2024-03-02,C005,Kabir Verma,Jaipur,North,Mechanical Keyboard,Electronics,2,4500,0.1,8100.0,2710.96,9000,900.0,0.33468641975308644,2024,3,March,Q1,Profitable
ORD02223,2025-03-06,C007,Arjun Nair,Chennai,South,Premium Pen Set,Stationery,1,650,0.15,552.5,76.43,650,97.5,0.1383348416289593,2025,3,March,Q1,Profitable
ORD02224,2025-02-13,C014,Kiara Roy,Patna,East,Travel Bottle,Accessories,1,900,0.0,900.0,375.99,900,0.0,0.4177666666666667,2025,2,February,Q1,Profitable
ORD02225,2024-03-22,C014,Kiara Roy,Patna,East,Notebook Pack,Stationery,1,450,0.0,450.0,99.28,450,0.0,0.22062222222222222,2024,3,March,Q1,Profitable
ORD02226,2024-01-10,C002,Isha Patel,Pune,West,Backpack,Accessories,4,2200,0.1,7920.0,1892.97,8800,880.0,0.23901136363636363,2024,1,January,Q1,Profitable
ORD02227,2024-10-15,C004,Ananya Singh,Delhi,North,Study Desk,Furniture,1,7200,0.0,7200.0,2154.42,7200,0.0,0.299225,2024,10,October,Q4,Profitable
ORD02228,2025-02-10,C011,Aditya Mehta,Ahmedabad,West,Wireless Mouse,Electronics,1,1200,0.15,1020.0,208.3,1200,180.0,0.2042156862745098,2025,2,February,Q1,Profitable
ORD02229,2025-10-12,C020,Sara Khan,Bhopal,Central,Mechanical Keyboard,Electronics,1,4500,0.0,4500.0,1741.14,4500,0.0,0.38692000000000004,2025,10,October,Q4,Profitable
ORD02230,2024-12-05,C001,Aarav Sharma,Mumbai,West,Notebook Pack,Stationery,5,450,0.1,2025.0,711.69,2250,225.0,0.3514518518518519,2024,12,December,Q4,Profitable
ORD02231,2025-03-19,C007,Arjun Nair,Chennai,South,LED Table Lamp,Furniture,5,1800,0.0,9000.0,3012.4,9000,0.0,0.3347111111111111,2025,3,March,Q1,Profitable
ORD02232,2024-07-20,C010,Diya Das,Bhubaneswar,East,Bluetooth Headphones,Electronics,5,3200,0.05,15200.0,3512.09,16000,800.0,0.23105855263157896,2024,7,July,Q3,Profitable
ORD02233,2025-03-12,C014,Kiara Roy,Patna,East,Mechanical Keyboard,Furniture,5,4500,0.0,22500.0,8612.85,22500,0.0,0.3827933333333334,2025,3,March,Q1,Profitable
ORD02234,2024-07-31,C009,Vivaan Gupta,Kolkata,East,Bookshelf,Furniture,5,5800,0.05,27550.0,9219.0,29000,1450.0,0.3346279491833031,2024,7,July,Q3,Profitable
ORD02235,2024-03-21,C001,Aarav Sharma,Mumbai,West,Smartphone X,Electronics,1,42000,0.15,35700.0,9451.57,42000,6300.0,0.2647498599439776,2024,3,March,Q1,Profitable
ORD02236,2024-08-27,C005,Kabir Verma,Jaipur,North,Smartphone X,Electronics,4,42000,0.15,142800.0,36287.93,168000,25200.0,0.2541171568627451,2024,8,August,Q3,Profitable
ORD02237,2024-05-22,C016,Tara Menon,Kochi,South,Bluetooth Headphones,Electronics,5,3200,0.05,15200.0,4339.72,16000,800.0,0.2855078947368421,2024,5,May,Q2,Profitable
ORD02238,2024-03-04,C003,Rohan Deshmukh,Nashik,West,LED Table Lamp,Furniture,3,1800,0.05,5130.0,1275.12,5400,270.0,0.2485614035087719,2024,3,March,Q1,Profitable
ORD02239,2025-05-20,C014,Kiara Roy,Patna,East,LED Table Lamp,Furniture,4,1800,0.15,6120.0,701.58,7200,1080.0,0.11463725490196079,2025,5,May,Q2,Profitable
ORD02240,2024-06-05,C009,Vivaan Gupta,Kolkata,East,Backpack,Accessories,5,2200,0.1,9900.0,2042.33,11000,1100.0,0.2062959595959596,2024,6,June,Q2,Profitable
ORD02241,2024-04-15,C001,Aarav Sharma,Mumbai,West,Notebook Pack,Stationery,4,450,0.1,1620.0,541.1,1800,180.0,0.33401234567901233,2024,4,April,Q2,Profitable
ORD02242,2024-03-10,C016,Tara Menon,Kochi,South,Premium Pen Set,Stationery,2,650,0.1,1170.0,244.95,1300,130.0,0.20935897435897435,2024,3,March,Q1,Profitable
ORD02243,2025-06-26,C012,Myra Kapoor,Lucknow,North,Mechanical Keyboard,Electronics,4,4500,0.05,17100.0,4718.23,18000,900.0,0.2759198830409356,2025,6,June,Q2,Profitable
ORD02244,2024-11-03,C005,Kabir Verma,Jaipur,North,Premium Pen Set,Stationery,2,650,0.05,1235.0,414.4,1300,65.0,0.33554655870445343,2024,11,November,Q4,Profitable
ORD02245,2025-03-14,C011,Aditya Mehta,Ahmedabad,West,Mechanical Keyboard,Electronics,5,4500,0.1,20250.0,3950.9,22500,2250.0,0.19510617283950618,2025,3,March,Q1,Profitable
ORD02246,2025-09-09,C002,Isha Patel,Pune,West,Bluetooth Headphones,Electronics,2,3200,0.05,6080.0,2231.35,6400,320.0,0.3669983552631579,2025,9,September,Q3,Profitable
ORD02247,2025-10-10,C016,Tara Menon,Kochi,South,Notebook Pack,Stationery,1,450,0.0,450.0,105.77,450,0.0,0.23504444444444444,2025,10,October,Q4,Profitable
ORD02248,2025-07-06,C006,Meera Joshi,Bengaluru,South,Smartphone X,Electronics,3,42000,0.0,126000.0,49855.1,126000,0.0,0.3956753968253968,2025,7,July,Q3,Profitable
ORD02249,2025-05-29,C005,Kabir Verma,Jaipur,North,Smartphone X,Electronics,2,42000,0.1,75600.0,10644.32,84000,8400.0,0.1407978835978836,2025,5,May,Q2,Profitable
ORD02250,2024-09-19,C014,Kiara Roy,Patna,East,Office Chair,Furniture,5,9500,0.1,42750.0,14834.96,47500,4750.0,0.3470166081871345,2024,9,September,Q3,Profitable
ORD02251,2024-12-25,C001,Aarav Sharma,Mumbai,West,Notebook Pack,Stationery,1,450,0.05,427.5,154.91,450,22.5,0.3623625730994152,2024,12,December,Q4,Profitable
ORD02252,2025-08-14,C007,Arjun Nair,Chennai,South,Study Desk,Furniture,2,7200,0.1,12960.0,1788.18,14400,1440.0,0.13797685185185185,2025,8,August,Q3,Profitable
ORD02253,2024-10-13,C018,Aanya Iyer,Coimbatore,South,Backpack,Accessories,1,2200,0.15,1870.0,548.03,2200,330.0,0.29306417112299465,2024,10,October,Q4,Profitable
ORD02254,2024-09-17,C011,Aditya Mehta,Ahmedabad,West,Smartphone X,Electronics,1,42000,0.1,37800.0,9149.35,42000,4200.0,0.24204629629629631,2024,9,September,Q3,Profitable
ORD02255,2024-10-01,C002,Isha Patel,Pune,West,Bookshelf,Furniture,1,5800,0.0,5800.0,1655.42,5800,0.0,0.28541724137931035,2024,10,October,Q4,Profitable
ORD02256,2025-12-14,C018,Aanya Iyer,Coimbatore,South,Mechanical Keyboard,Electronics,2,4500,0.1,8100.0,1934.82,9000,900.0,0.23886666666666667,2025,12,December,Q4,Profitable
ORD02257,2024-03-20,C018,Aanya Iyer,Coimbatore,South,Notebook Pack,Stationery,2,450,0.1,810.0,182.66,900,90.0,0.22550617283950616,2024,3,March,Q1,Profitable
ORD02258,2025-06-05,C005,Kabir Verma,Jaipur,North,Smartphone X,Electronics,3,42000,0.05,119700.0,32917.19,126000,6300.0,0.2749974101921471,2025,6,June,Q2,Profitable
ORD02259,2025-10-05,C013,Reyansh Shah,Surat,West,Mechanical Keyboard,Electronics,2,4500,0.0,9000.0,3082.88,9000,0.0,0.34254222222222225,2025,10,October,Q4,Profitable
ORD02260,2024-05-27,C003,Rohan Deshmukh,Nashik,West,File Organizer,Stationery,3,380,0.0,1140.0,413.92,1140,0.0,0.3630877192982456,2024,5,May,Q2,Profitable
ORD02261,2024-03-06,C013,Reyansh Shah,Surat,West,Travel Bottle,Accessories,2,900,0.15,1530.0,452.92,1800,270.0,0.2960261437908497,2024,3,March,Q1,Profitable
ORD02262,2025-10-31,C019,Neil Bhat,Indore,West,Office Chair,Furniture,4,9500,0.0,38000.0,15457.12,38000,0.0,0.4067663157894737,2025,10,October,Q4,Profitable
ORD02263,2025-05-26,C018,Aanya Iyer,Coimbatore,South,Mechanical Keyboard,Electronics,1,4500,0.15,3825.0,613.82,4500,675.0,0.16047581699346405,2025,5,May,Q2,Profitable
ORD02264,2024-06-28,C020,Sara Khan,Bhopal,Central,Bluetooth Headphones,Electronics,4,3200,0.05,12160.0,3523.05,12800,640.0,0.2897245065789474,2024,6,June,Q2,Profitable
ORD02265,2024-12-25,C005,Kabir Verma,Jaipur,North,Backpack,Accessories,3,2200,0.0,6600.0,2199.64,6600,0.0,0.33327878787878784,2024,12,December,Q4,Profitable
ORD02266,2024-07-06,C008,Sanya Rao,Hyderabad,South,LED Table Lamp,Furniture,2,1800,0.1,3240.0,766.36,3600,360.0,0.23653086419753086,2024,7,July,Q3,Profitable
ORD02267,2025-06-05,C007,Arjun Nair,Chennai,South,File Organizer,Stationery,2,380,0.1,684.0,172.5,760,76.0,0.25219298245614036,2025,6,June,Q2,Profitable
ORD02268,2025-05-28,C018,Aanya Iyer,Coimbatore,South,USB-C Cable,Accessories,4,750,0.05,2850.0,861.33,3000,150.0,0.30222105263157895,2025,5,May,Q2,Profitable
ORD02269,2025-01-04,C003,Rohan Deshmukh,Nashik,West,Study Desk,Furniture,2,7200,0.15,12240.0,3225.35,14400,2160.0,0.2635089869281046,2025,1,January,Q1,Profitable
ORD02270,2024-04-09,C020,Sara Khan,Bhopal,Central,Study Desk,Furniture,3,7200,0.0,21600.0,5723.37,21600,0.0,0.2649708333333333,2024,4,April,Q2,Profitable
ORD02271,2024-02-01,C007,Arjun Nair,Chennai,South,Wireless Mouse,Electronics,5,1200,0.1,5400.0,890.03,6000,600.0,0.16482037037037037,2024,2,February,Q1,Profitable
ORD02272,2025-07-01,C013,Reyansh Shah,Surat,West,Notebook Pack,Stationery,5,450,0.1,2025.0,580.03,2250,225.0,0.28643456790123456,2025,7,July,Q3,Profitable
ORD02273,2025-01-04,C011,Aditya Mehta,Ahmedabad,West,Laptop Pro 14,Electronics,2,85000,0.1,153000.0,52423.45,170000,17000.0,0.34263692810457513,2025,1,January,Q1,Profitable
ORD02274,2025-02-22,C015,Yash Kulkarni,Nagpur,West,Premium Pen Set,Stationery,3,650,0.05,1852.5,619.88,1950,97.5,0.33461808367071527,2025,2,February,Q1,Profitable
ORD02275,2024-08-11,C020,Sara Khan,Bhopal,Central,File Organizer,Stationery,1,380,0.15,323.0,37.33,380,57.0,0.11557275541795665,2024,8,August,Q3,Profitable
ORD02276,2025-12-09,C010,Diya Das,Bhubaneswar,East,Notebook Pack,Stationery,2,450,0.15,765.0,186.29,900,135.0,0.24351633986928103,2025,12,December,Q4,Profitable
ORD02277,2024-08-30,C005,Kabir Verma,Jaipur,North,Bluetooth Headphones,Electronics,2,3200,0.05,6080.0,1226.94,6400,320.0,0.20179934210526318,2024,8,August,Q3,Profitable
ORD02278,2025-04-24,C018,Aanya Iyer,Coimbatore,South,Travel Bottle,Accessories,4,900,0.0,3600.0,1230.68,3600,0.0,0.3418555555555556,2025,4,April,Q2,Profitable
ORD02279,2025-06-17,C011,Aditya Mehta,Ahmedabad,West,Mechanical Keyboard,Electronics,1,4500,0.1,4050.0,773.87,4500,450.0,0.191079012345679,2025,6,June,Q2,Profitable
ORD02280,2024-11-03,C004,Ananya Singh,Delhi,North,File Organizer,Stationery,2,380,0.05,722.0,165.87,760,38.0,0.22973684210526316,2024,11,November,Q4,Profitable
ORD02281,2025-07-26,C008,Sanya Rao,Hyderabad,South,Bookshelf,Furniture,4,5800,0.0,23200.0,7092.87,23200,0.0,0.3057271551724138,2025,7,July,Q3,Profitable
ORD02282,2025-02-12,C005,Kabir Verma,Jaipur,North,Office Chair,Furniture,5,9500,0.0,47500.0,13404.92,47500,0.0,0.28220884210526315,2025,2,February,Q1,Profitable
ORD02283,2025-04-28,C009,Vivaan Gupta,Kolkata,East,Study Desk,Furniture,3,7200,0.1,19440.0,5800.99,21600,2160.0,0.2984048353909465,2025,4,April,Q2,Profitable
ORD02284,2025-10-07,C019,Neil Bhat,Indore,West,LED Table Lamp,Furniture,4,1800,0.1,6480.0,1575.41,7200,720.0,0.24311882716049385,2025,10,October,Q4,Profitable
ORD02285,2024-07-09,C011,Aditya Mehta,Ahmedabad,West,USB-C Cable,Accessories,2,750,0.1,1350.0,216.92,1500,150.0,0.16068148148148148,2024,7,July,Q3,Profitable
ORD02286,2025-01-21,C018,Aanya Iyer,Coimbatore,South,LED Table Lamp,Furniture,3,1800,0.1,4860.0,998.19,5400,540.0,0.2053888888888889,2025,1,January,Q1,Profitable
ORD02287,2024-06-26,C015,Yash Kulkarni,Nagpur,West,Study Desk,Furniture,2,7200,0.15,12240.0,2385.15,14400,2160.0,0.1948651960784314,2024,6,June,Q2,Profitable
ORD02288,2025-06-24,C010,Diya Das,Bhubaneswar,East,Backpack,Accessories,2,2200,0.0,4400.0,1262.05,4400,0.0,0.2868295454545454,2025,6,June,Q2,Profitable
ORD02289,2024-04-22,C003,Rohan Deshmukh,Nashik,West,Smartphone X,Electronics,5,42000,0.1,189000.0,60925.85,210000,21000.0,0.3223589947089947,2024,4,April,Q2,Profitable
ORD02290,2024-02-26,C001,Aarav Sharma,Mumbai,West,Office Chair,Furniture,3,9500,0.05,27075.0,9456.59,28500,1425.0,0.34927386888273315,2024,2,February,Q1,Profitable
ORD02291,2025-12-23,C013,Reyansh Shah,Surat,West,Notebook Pack,Stationery,4,450,0.0,1800.0,722.1,1800,0.0,0.40116666666666667,2025,12,December,Q4,Profitable
ORD02292,2025-02-01,C012,Myra Kapoor,Lucknow,North,Bluetooth Headphones,Electronics,4,3200,0.1,11520.0,2625.46,12800,1280.0,0.22790451388888888,2025,2,February,Q1,Profitable
ORD02293,2025-07-17,C009,Vivaan Gupta,Kolkata,East,Wireless Mouse,Electronics,1,1200,0.05,1140.0,326.31,1200,60.0,0.2862368421052632,2025,7,July,Q3,Profitable
ORD02294,2024-11-30,C008,Sanya Rao,Hyderabad,South,Laptop Pro 14,Electronics,2,85000,0.1,153000.0,36062.16,170000,17000.0,0.23570039215686278,2024,11,November,Q4,Profitable
ORD02295,2024-07-28,C016,Tara Menon,Kochi,South,USB-C Cable,Accessories,2,750,0.05,1425.0,375.19,1500,75.0,0.2632912280701754,2024,7,July,Q3,Profitable
ORD02296,2024-01-05,C002,Isha Patel,Pune,West,Bookshelf,Furniture,1,5800,0.1,5220.0,1752.79,5800,580.0,0.33578352490421454,2024,1,January,Q1,Profitable
ORD02297,2024-05-04,C015,Yash Kulkarni,Nagpur,West,Smartphone X,Electronics,2,42000,0.0,84000.0,33904.73,84000,0.0,0.4036277380952381,2024,5,May,Q2,Profitable
ORD02298,2025-05-17,C006,Meera Joshi,Bengaluru,South,Wireless Mouse,Electronics,3,1200,0.1,3240.0,894.69,3600,360.0,0.2761388888888889,2025,5,May,Q2,Profitable
ORD02299,2025-03-03,C019,Neil Bhat,Indore,West,Wireless Mouse,Electronics,2,1200,0.05,2280.0,506.36,2400,120.0,0.2220877192982456,2025,3,March,Q1,Profitable
ORD02300,2024-10-16,C004,Ananya Singh,Delhi,North,Mechanical Keyboard,Electronics,1,4500,0.1,4050.0,1244.75,4500,450.0,0.30734567901234566,2024,10,October,Q4,Profitable
ORD02301,2025-02-22,C013,Reyansh Shah,Surat,West,USB-C Cable,Accessories,1,750,0.05,712.5,211.5,750,37.5,0.2968421052631579,2025,2,February,Q1,Profitable
ORD02302,2025-01-07,C008,Sanya Rao,Hyderabad,South,Mechanical Keyboard,Electronics,2,4500,0.0,9000.0,2395.89,9000,0.0,0.26621,2025,1,January,Q1,Profitable
ORD02303,2024-08-28,C013,Reyansh Shah,Surat,West,Study Desk,Furniture,1,7200,0.1,6480.0,1626.35,7200,720.0,0.2509799382716049,2024,8,August,Q3,Profitable
ORD02304,2025-10-16,C003,Rohan Deshmukh,Nashik,West,USB-C Cable,Accessories,3,750,0.2,1800.0,230.16,2250,450.0,0.12786666666666666,2025,10,October,Q4,Profitable
ORD02305,2024-03-09,C019,Neil Bhat,Indore,West,USB-C Cable,Accessories,4,750,0.05,2850.0,585.01,3000,150.0,0.20526666666666665,2024,3,March,Q1,Profitable
ORD02306,2025-06-01,C006,Meera Joshi,Bengaluru,South,Mechanical Keyboard,Electronics,5,4500,0.1,20250.0,4804.51,22500,2250.0,0.23725975308641975,2025,6,June,Q2,Profitable
ORD02307,2025-01-04,C001,Aarav Sharma,Mumbai,West,Premium Pen Set,Stationery,2,650,0.15,1105.0,103.2,1300,195.0,0.09339366515837104,2025,1,January,Q1,Profitable
ORD02308,2024-05-19,C012,Myra Kapoor,Lucknow,North,Backpack,Accessories,4,2200,0.05,8360.0,1609.44,8800,440.0,0.19251674641148325,2024,5,May,Q2,Profitable
ORD02309,2024-04-18,C005,Kabir Verma,Jaipur,North,Bookshelf,Furniture,4,5800,0.2,18560.0,3395.23,23200,4640.0,0.18293265086206897,2024,4,April,Q2,Profitable
ORD02310,2025-06-16,C019,Neil Bhat,Indore,West,Smartphone X,Electronics,3,42000,0.1,113400.0,19264.51,126000,12600.0,0.1698810405643739,2025,6,June,Q2,Profitable
ORD02311,2025-03-24,C012,Myra Kapoor,Lucknow,North,Notebook Pack,Stationery,1,450,0.1,405.0,118.07,450,45.0,0.2915308641975308,2025,3,March,Q1,Profitable
ORD02312,2024-09-15,C010,Diya Das,Bhubaneswar,East,Travel Bottle,Accessories,4,900,0.05,3420.0,1147.69,3600,180.0,0.33558187134502926,2024,9,September,Q3,Profitable
ORD02313,2024-03-30,C010,Diya Das,Bhubaneswar,East,Study Desk,Furniture,2,7200,0.0,14400.0,5712.76,14400,0.0,0.39671944444444446,2024,3,March,Q1,Profitable
ORD02314,2024-01-30,C014,Kiara Roy,Patna,East,Smartphone X,Electronics,1,42000,0.05,39900.0,12627.22,42000,2100.0,0.31647167919799496,2024,1,January,Q1,Profitable
ORD02315,2024-01-22,C007,Arjun Nair,Chennai,South,LED Table Lamp,Furniture,5,1800,0.0,9000.0,2448.86,9000,0.0,0.2720955555555556,2024,1,January,Q1,Profitable
ORD02316,2024-02-16,C018,Aanya Iyer,Coimbatore,South,Mechanical Keyboard,Electronics,5,4500,0.15,19125.0,5266.65,22500,3375.0,0.2753803921568627,2024,2,February,Q1,Profitable
ORD02317,2024-10-27,C004,Ananya Singh,Delhi,North,Laptop Pro 14,Electronics,4,85000,0.05,323000.0,103716.96,340000,17000.0,0.32110513931888546,2024,10,October,Q4,Profitable
ORD02318,2025-11-14,C003,Rohan Deshmukh,Nashik,West,Notebook Pack,Stationery,1,450,0.0,450.0,145.28,450,0.0,0.32284444444444443,2025,11,November,Q4,Profitable
ORD02319,2025-03-17,C015,Yash Kulkarni,Nagpur,West,Laptop Pro 14,Electronics,4,85000,0.1,306000.0,44852.71,340000,34000.0,0.1465774836601307,2025,3,March,Q1,Profitable
ORD02320,2024-08-31,C011,Aditya Mehta,Ahmedabad,West,Office Chair,Furniture,5,9500,0.0,47500.0,16858.65,47500,0.0,0.35491894736842106,2024,8,August,Q3,Profitable
ORD02321,2025-02-18,C009,Vivaan Gupta,Kolkata,East,Bluetooth Headphones,Electronics,5,3200,0.1,14400.0,3895.72,16000,1600.0,0.2705361111111111,2025,2,February,Q1,Profitable
ORD02322,2024-05-31,C008,Sanya Rao,Hyderabad,South,Mechanical Keyboard,Electronics,2,4500,0.05,8550.0,2177.84,9000,450.0,0.2547181286549708,2024,5,May,Q2,Profitable
ORD02323,2025-03-21,C012,Myra Kapoor,Lucknow,North,USB-C Cable,Accessories,4,750,0.1,2700.0,883.06,3000,300.0,0.3270592592592592,2025,3,March,Q1,Profitable
ORD02324,2024-07-16,C015,Yash Kulkarni,Nagpur,West,Bluetooth Headphones,Electronics,5,3200,0.05,15200.0,4358.21,16000,800.0,0.28672434210526315,2024,7,July,Q3,Profitable
ORD02325,2025-11-17,C018,Aanya Iyer,Coimbatore,South,Bluetooth Headphones,Electronics,4,3200,0.05,12160.0,3183.47,12800,640.0,0.2617985197368421,2025,11,November,Q4,Profitable
ORD02326,2024-03-26,C018,Aanya Iyer,Coimbatore,South,Travel Bottle,Accessories,5,900,0.15,3825.0,516.02,4500,675.0,0.13490718954248365,2024,3,March,Q1,Profitable
ORD02327,2024-12-14,C016,Tara Menon,Kochi,South,Office Chair,Furniture,5,9500,0.0,47500.0,19584.88,47500,0.0,0.41231326315789474,2024,12,December,Q4,Profitable
ORD02328,2025-03-12,C013,Reyansh Shah,Surat,West,Premium Pen Set,Stationery,1,650,0.05,617.5,153.67,650,32.5,0.2488582995951417,2025,3,March,Q1,Profitable
ORD02329,2025-01-16,C003,Rohan Deshmukh,Nashik,West,Laptop Pro 14,Electronics,5,85000,0.05,403750.0,92237.93,425000,21250.0,0.22845307739938078,2025,1,January,Q1,Profitable
ORD02330,2024-06-04,C008,Sanya Rao,Hyderabad,South,Study Desk,Furniture,2,7200,0.1,12960.0,1892.82,14400,1440.0,0.14605092592592592,2024,6,June,Q2,Profitable
ORD02331,2025-10-24,C015,Yash Kulkarni,Nagpur,West,Notebook Pack,Stationery,3,450,0.1,1215.0,402.14,1350,135.0,0.33097942386831275,2025,10,October,Q4,Profitable
ORD02332,2024-10-27,C003,Rohan Deshmukh,Nashik,West,Mechanical Keyboard,Electronics,5,4500,0.1,20250.0,3257.08,22500,2250.0,0.16084345679012346,2024,10,October,Q4,Profitable
ORD02333,2025-08-16,C003,Rohan Deshmukh,Nashik,West,Office Chair,Furniture,3,9500,0.1,25650.0,5766.65,28500,2850.0,0.22482066276803117,2025,8,August,Q3,Profitable
ORD02334,2025-05-26,C019,Neil Bhat,Indore,West,File Organizer,Stationery,3,380,0.0,1140.0,406.44,1140,0.0,0.3565263157894737,2025,5,May,Q2,Profitable
ORD02335,2025-09-20,C014,Kiara Roy,Patna,East,Office Chair,Furniture,1,9500,0.2,7600.0,222.15,9500,1900.0,0.02923026315789474,2025,9,September,Q3,Profitable
ORD02336,2025-12-21,C007,Arjun Nair,Chennai,South,Study Desk,Furniture,5,7200,0.0,36000.0,12406.78,36000,0.0,0.3446327777777778,2025,12,December,Q4,Profitable
ORD02337,2025-08-03,C019,Neil Bhat,Indore,West,Bookshelf,Furniture,1,5800,0.1,5220.0,1463.75,5800,580.0,0.280411877394636,2025,8,August,Q3,Profitable
ORD02338,2024-02-05,C012,Myra Kapoor,Lucknow,North,Premium Pen Set,Stationery,5,650,0.0,3250.0,758.76,3250,0.0,0.23346461538461538,2024,2,February,Q1,Profitable
ORD02339,2025-06-25,C007,Arjun Nair,Chennai,South,USB-C Cable,Accessories,5,750,0.0,3750.0,1152.46,3750,0.0,0.3073226666666667,2025,6,June,Q2,Profitable
ORD02340,2025-01-02,C013,Reyansh Shah,Surat,West,Backpack,Accessories,3,2200,0.1,5940.0,1033.9,6600,660.0,0.17405723905723908,2025,1,January,Q1,Profitable
ORD02341,2024-08-29,C014,Kiara Roy,Patna,East,Wireless Mouse,Electronics,3,1200,0.1,3240.0,509.33,3600,360.0,0.1572006172839506,2024,8,August,Q3,Profitable
ORD02342,2025-12-01,C008,Sanya Rao,Hyderabad,South,Notebook Pack,Stationery,2,450,0.15,765.0,181.38,900,135.0,0.23709803921568626,2025,12,December,Q4,Profitable
ORD02343,2024-07-25,C020,Sara Khan,Bhopal,Central,Office Chair,Furniture,3,9500,0.1,25650.0,7307.75,28500,2850.0,0.28490253411306043,2024,7,July,Q3,Profitable
ORD02344,2024-08-19,C011,Aditya Mehta,Ahmedabad,West,Wireless Mouse,Electronics,5,1200,0.0,6000.0,1970.32,6000,0.0,0.32838666666666666,2024,8,August,Q3,Profitable
ORD02345,2025-10-08,C009,Vivaan Gupta,Kolkata,East,Office Chair,Furniture,1,9500,0.05,9025.0,3293.84,9500,475.0,0.3649684210526316,2025,10,October,Q4,Profitable
ORD02346,2025-05-12,C019,Neil Bhat,Indore,West,Travel Bottle,Accessories,4,900,0.05,3420.0,651.6,3600,180.0,0.19052631578947368,2025,5,May,Q2,Profitable
ORD02347,2024-07-09,C014,Kiara Roy,Patna,East,Smartphone X,Electronics,5,42000,0.05,199500.0,37733.63,210000,10500.0,0.18914100250626564,2024,7,July,Q3,Profitable
ORD02348,2024-04-13,C009,Vivaan Gupta,Kolkata,East,Wireless Mouse,Electronics,3,1200,0.1,3240.0,824.43,3600,360.0,0.2544537037037037,2024,4,April,Q2,Profitable
ORD02349,2024-02-22,C017,Dev Malhotra,Chandigarh,North,Bookshelf,Furniture,2,5800,0.15,9860.0,3101.3,11600,1740.0,0.31453346855983777,2024,2,February,Q1,Profitable
ORD02350,2025-12-04,C005,Kabir Verma,Jaipur,North,LED Table Lamp,Furniture,1,1800,0.1,1620.0,347.18,1800,180.0,0.21430864197530863,2025,12,December,Q4,Profitable
ORD02351,2024-02-28,C003,Rohan Deshmukh,Nashik,West,Laptop Pro 14,Electronics,3,85000,0.05,242250.0,59218.56,255000,12750.0,0.2444522600619195,2024,2,February,Q1,Profitable
ORD02352,2024-11-12,C001,Aarav Sharma,Mumbai,West,Laptop Pro 14,Electronics,4,85000,0.1,306000.0,87539.37,340000,34000.0,0.2860763725490196,2024,11,November,Q4,Profitable
ORD02353,2024-01-18,C016,Tara Menon,Kochi,South,Notebook Pack,Stationery,2,450,0.0,900.0,309.05,900,0.0,0.3433888888888889,2024,1,January,Q1,Profitable
ORD02354,2024-01-12,C011,Aditya Mehta,Ahmedabad,West,Bluetooth Headphones,Electronics,3,3200,0.2,7680.0,295.09,9600,1920.0,0.03842317708333333,2024,1,January,Q1,Profitable
ORD02355,2024-01-30,C009,Vivaan Gupta,Kolkata,East,Smartphone X,Electronics,5,42000,0.15,178500.0,40204.04,210000,31500.0,0.22523271708683473,2024,1,January,Q1,Profitable
ORD02356,2025-12-04,C015,Yash Kulkarni,Nagpur,West,Mechanical Keyboard,Electronics,3,4500,0.1,12150.0,3959.85,13500,1350.0,0.3259135802469136,2025,12,December,Q4,Profitable
ORD02357,2024-03-19,C007,Arjun Nair,Chennai,South,USB-C Cable,Accessories,2,750,0.1,1350.0,351.34,1500,150.0,0.26025185185185185,2024,3,March,Q1,Profitable
ORD02358,2024-08-22,C003,Rohan Deshmukh,Nashik,West,USB-C Cable,Accessories,3,750,0.1,2025.0,531.15,2250,225.0,0.2622962962962963,2024,8,August,Q3,Profitable
ORD02359,2025-03-24,C017,Dev Malhotra,Chandigarh,North,Notebook Pack,Stationery,2,450,0.1,810.0,276.28,900,90.0,0.3410864197530864,2025,3,March,Q1,Profitable
ORD02360,2024-06-02,C012,Myra Kapoor,Lucknow,North,Bluetooth Headphones,Electronics,1,3200,0.0,3200.0,778.9,3200,0.0,0.24340625,2024,6,June,Q2,Profitable
ORD02361,2025-09-19,C018,Aanya Iyer,Coimbatore,South,File Organizer,Stationery,2,380,0.05,722.0,166.36,760,38.0,0.23041551246537398,2025,9,September,Q3,Profitable
ORD02362,2025-08-17,C001,Aarav Sharma,Mumbai,West,Bookshelf,Furniture,5,5800,0.0,29000.0,7438.31,29000,0.0,0.25649344827586207,2025,8,August,Q3,Profitable
ORD02363,2025-11-01,C002,Isha Patel,Pune,West,Mechanical Keyboard,Electronics,5,4500,0.0,22500.0,6513.63,22500,0.0,0.2894946666666667,2025,11,November,Q4,Profitable
ORD02364,2024-05-29,C020,Sara Khan,Bhopal,Central,Study Desk,Furniture,2,7200,0.1,12960.0,3678.29,14400,1440.0,0.2838186728395062,2024,5,May,Q2,Profitable
ORD02365,2024-04-18,C008,Sanya Rao,Hyderabad,South,LED Table Lamp,Furniture,2,1800,0.15,3060.0,933.59,3600,540.0,0.3050947712418301,2024,4,April,Q2,Profitable
ORD02366,2024-05-22,C005,Kabir Verma,Jaipur,North,Notebook Pack,Stationery,5,450,0.05,2137.5,432.02,2250,112.5,0.2021146198830409,2024,5,May,Q2,Profitable
ORD02367,2024-10-23,C020,Sara Khan,Bhopal,Central,Notebook Pack,Stationery,2,450,0.05,855.0,319.9,900,45.0,0.3741520467836257,2024,10,October,Q4,Profitable
ORD02368,2025-02-28,C001,Aarav Sharma,Mumbai,West,Laptop Pro 14,Electronics,5,85000,0.05,403750.0,78578.73,425000,21250.0,0.1946222414860681,2025,2,February,Q1,Profitable
ORD02369,2024-12-28,C003,Rohan Deshmukh,Nashik,West,Notebook Pack,Stationery,4,450,0.1,1620.0,322.53,1800,180.0,0.19909259259259257,2024,12,December,Q4,Profitable
ORD02370,2025-06-05,C001,Aarav Sharma,Mumbai,West,Travel Bottle,Accessories,3,900,0.1,2430.0,415.09,2700,270.0,0.17081893004115226,2025,6,June,Q2,Profitable
ORD02371,2025-09-22,C008,Sanya Rao,Hyderabad,South,Laptop Pro 14,Electronics,5,85000,0.1,382500.0,135340.43,425000,42500.0,0.35383118954248366,2025,9,September,Q3,Profitable
ORD02372,2024-08-16,C020,Sara Khan,Bhopal,Central,LED Table Lamp,Furniture,5,1800,0.05,8550.0,1858.5,9000,450.0,0.21736842105263157,2024,8,August,Q3,Profitable
ORD02373,2024-09-02,C015,Yash Kulkarni,Nagpur,West,USB-C Cable,Accessories,2,750,0.05,1425.0,284.78,1500,75.0,0.1998456140350877,2024,9,September,Q3,Profitable
ORD02374,2025-07-29,C019,Neil Bhat,Indore,West,Smartphone X,Electronics,2,42000,0.2,67200.0,7844.45,84000,16800.0,0.1167328869047619,2025,7,July,Q3,Profitable
ORD02375,2024-05-31,C003,Rohan Deshmukh,Nashik,West,Backpack,Accessories,1,2200,0.1,1980.0,530.98,2200,220.0,0.26817171717171717,2024,5,May,Q2,Profitable
ORD02376,2025-03-09,C010,Diya Das,Bhubaneswar,East,Study Desk,Furniture,1,7200,0.05,6840.0,1244.22,7200,360.0,0.18190350877192982,2025,3,March,Q1,Profitable
ORD02377,2025-08-02,C020,Sara Khan,Bhopal,Central,File Organizer,Stationery,4,380,0.15,1292.0,146.12,1520,228.0,0.11309597523219815,2025,8,August,Q3,Profitable
ORD02378,2024-06-15,C009,Vivaan Gupta,Kolkata,East,File Organizer,Stationery,2,380,0.15,646.0,101.33,760,114.0,0.15685758513931888,2024,6,June,Q2,Profitable
ORD02379,2024-11-28,C010,Diya Das,Bhubaneswar,East,Office Chair,Furniture,3,9500,0.0,28500.0,10741.75,28500,0.0,0.37690350877192985,2024,11,November,Q4,Profitable
ORD02380,2024-09-09,C009,Vivaan Gupta,Kolkata,East,USB-C Cable,Accessories,4,750,0.1,2700.0,850.4,3000,300.0,0.31496296296296294,2024,9,September,Q3,Profitable
ORD02381,2025-08-05,C006,Meera Joshi,Bengaluru,South,Backpack,Accessories,4,2200,0.0,8800.0,2960.65,8800,0.0,0.3364375,2025,8,August,Q3,Profitable
ORD02382,2024-01-15,C014,Kiara Roy,Patna,East,Smartphone X,Electronics,3,42000,0.1,113400.0,17912.52,126000,12600.0,0.15795873015873016,2024,1,January,Q1,Profitable
ORD02383,2024-08-13,C020,Sara Khan,Bhopal,Central,Premium Pen Set,Stationery,2,650,0.1,1170.0,170.76,1300,130.0,0.14594871794871794,2024,8,August,Q3,Profitable
ORD02384,2025-05-20,C018,Aanya Iyer,Coimbatore,South,Smartphone X,Electronics,3,42000,0.1,113400.0,26534.89,126000,12600.0,0.23399373897707232,2025,5,May,Q2,Profitable
ORD02385,2024-11-02,C001,Aarav Sharma,Mumbai,West,Wireless Mouse,Electronics,5,1200,0.05,5700.0,1158.6,6000,300.0,0.2032631578947368,2024,11,November,Q4,Profitable
ORD02386,2025-10-16,C004,Ananya Singh,Delhi,North,USB-C Cable,Accessories,2,750,0.15,1275.0,356.88,1500,225.0,0.27990588235294117,2025,10,October,Q4,Profitable
ORD02387,2024-10-05,C011,Aditya Mehta,Ahmedabad,West,Study Desk,Furniture,2,7200,0.15,12240.0,2847.02,14400,2160.0,0.23259967320261438,2024,10,October,Q4,Profitable
ORD02388,2024-04-19,C003,Rohan Deshmukh,Nashik,West,Study Desk,Furniture,4,7200,0.1,25920.0,3825.81,28800,2880.0,0.14760069444444443,2024,4,April,Q2,Profitable
ORD02389,2024-08-15,C013,Reyansh Shah,Surat,West,USB-C Cable,Accessories,2,750,0.1,1350.0,369.63,1500,150.0,0.2738,2024,8,August,Q3,Profitable
ORD02390,2025-03-21,C008,Sanya Rao,Hyderabad,South,Premium Pen Set,Stationery,1,650,0.0,650.0,260.62,650,0.0,0.40095384615384616,2025,3,March,Q1,Profitable
ORD02391,2025-08-04,C008,Sanya Rao,Hyderabad,South,Backpack,Accessories,2,2200,0.05,4180.0,1430.56,4400,220.0,0.34223923444976073,2025,8,August,Q3,Profitable
ORD02392,2025-05-04,C004,Ananya Singh,Delhi,North,File Organizer,Stationery,2,380,0.1,684.0,130.17,760,76.0,0.19030701754385962,2025,5,May,Q2,Profitable
ORD02393,2024-02-24,C004,Ananya Singh,Delhi,North,Study Desk,Furniture,2,7200,0.0,14400.0,4716.7,14400,0.0,0.3275486111111111,2024,2,February,Q1,Profitable
ORD02394,2025-03-09,C016,Tara Menon,Kochi,South,Smartphone X,Electronics,3,42000,0.0,126000.0,31117.19,126000,0.0,0.24696182539682537,2025,3,March,Q1,Profitable
ORD02395,2024-04-12,C007,Arjun Nair,Chennai,South,LED Table Lamp,Furniture,5,1800,0.05,8550.0,1960.09,9000,450.0,0.22925029239766082,2024,4,April,Q2,Profitable
ORD02396,2025-01-27,C015,Yash Kulkarni,Nagpur,West,Smartphone X,Electronics,2,42000,0.05,79800.0,22842.11,84000,4200.0,0.2862419799498747,2025,1,January,Q1,Profitable
ORD02397,2024-12-17,C015,Yash Kulkarni,Nagpur,West,Smartphone X,Electronics,1,42000,0.05,39900.0,14508.14,42000,2100.0,0.3636125313283208,2024,12,December,Q4,Profitable
ORD02398,2025-01-08,C006,Meera Joshi,Bengaluru,South,Bluetooth Headphones,Electronics,3,3200,0.05,9120.0,3544.46,9600,480.0,0.3886469298245614,2025,1,January,Q1,Profitable
ORD02399,2025-05-06,C015,Yash Kulkarni,Nagpur,West,USB-C Cable,Accessories,5,750,0.15,3187.5,622.1,3750,562.5,0.1951686274509804,2025,5,May,Q2,Profitable
ORD02400,2024-07-27,C019,Neil Bhat,Indore,West,Study Desk,Furniture,4,7200,0.1,25920.0,8342.85,28800,2880.0,0.321869212962963,2024,7,July,Q3,Profitable
ORD02401,2025-02-16,C018,Aanya Iyer,Coimbatore,South,Travel Bottle,Accessories,4,900,0.05,3420.0,975.22,3600,180.0,0.2851520467836257,2025,2,February,Q1,Profitable
ORD02402,2025-06-25,C007,Arjun Nair,Chennai,South,Study Desk,Furniture,5,7200,0.1,32400.0,6740.88,36000,3600.0,0.20805185185185185,2025,6,June,Q2,Profitable
ORD02403,2024-02-21,C014,Kiara Roy,Patna,East,USB-C Cable,Accessories,5,750,0.1,3375.0,690.97,3750,375.0,0.20473185185185186,2024,2,February,Q1,Profitable
ORD02404,2025-10-30,C013,Reyansh Shah,Surat,West,Office Chair,Furniture,1,9500,0.15,8075.0,1123.07,9500,1425.0,0.1390798761609907,2025,10,October,Q4,Profitable
ORD02405,2025-08-09,C018,Aanya Iyer,Coimbatore,South,Notebook Pack,Stationery,1,450,0.1,405.0,120.81,450,45.0,0.2982962962962963,2025,8,August,Q3,Profitable
ORD02406,2024-01-16,C015,Yash Kulkarni,Nagpur,West,Bookshelf,Furniture,1,5800,0.15,4930.0,631.46,5800,870.0,0.12808519269776877,2024,1,January,Q1,Profitable
ORD02407,2024-09-25,C004,Ananya Singh,Delhi,North,Premium Pen Set,Stationery,1,650,0.05,617.5,218.78,650,32.5,0.3542995951417004,2024,9,September,Q3,Profitable
ORD02408,2024-09-15,C003,Rohan Deshmukh,Nashik,West,Office Chair,Furniture,4,9500,0.0,38000.0,14390.5,38000,0.0,0.3786973684210526,2024,9,September,Q3,Profitable
ORD02409,2024-08-04,C003,Rohan Deshmukh,Nashik,West,Office Chair,Furniture,2,9500,0.1,17100.0,4965.25,19000,1900.0,0.2903654970760234,2024,8,August,Q3,Profitable
ORD02410,2024-06-09,C004,Ananya Singh,Delhi,North,Bookshelf,Furniture,2,5800,0.0,11600.0,4706.43,11600,0.0,0.40572672413793104,2024,6,June,Q2,Profitable
ORD02411,2025-04-10,C001,Aarav Sharma,Mumbai,West,Bluetooth Headphones,Electronics,4,3200,0.05,12160.0,2357.9,12800,640.0,0.19390625,2025,4,April,Q2,Profitable
ORD02412,2025-04-08,C011,Aditya Mehta,Ahmedabad,West,Office Chair,Furniture,1,9500,0.0,9500.0,2362.76,9500,0.0,0.24871157894736845,2025,4,April,Q2,Profitable
ORD02413,2025-05-19,C006,Meera Joshi,Bengaluru,South,File Organizer,Stationery,5,380,0.15,1615.0,466.37,1900,285.0,0.2887739938080495,2025,5,May,Q2,Profitable
ORD02414,2024-04-27,C008,Sanya Rao,Hyderabad,South,Bookshelf,Furniture,3,5800,0.15,14790.0,4613.86,17400,2610.0,0.3119580797836376,2024,4,April,Q2,Profitable
ORD02415,2024-04-12,C007,Arjun Nair,Chennai,South,Notebook Pack,Stationery,4,450,0.1,1620.0,472.97,1800,180.0,0.2919567901234568,2024,4,April,Q2,Profitable
ORD02416,2024-11-08,C010,Diya Das,Bhubaneswar,East,Mechanical Keyboard,Electronics,5,4500,0.0,22500.0,8662.51,22500,0.0,0.3850004444444445,2024,11,November,Q4,Profitable
ORD02417,2025-05-15,C018,Aanya Iyer,Coimbatore,South,Backpack,Accessories,1,2200,0.2,1760.0,320.38,2200,440.0,0.1820340909090909,2025,5,May,Q2,Profitable
ORD02418,2024-08-23,C009,Vivaan Gupta,Kolkata,East,Travel Bottle,Accessories,5,900,0.0,4500.0,1615.13,4500,0.0,0.3589177777777778,2024,8,August,Q3,Profitable
ORD02419,2025-02-23,C020,Sara Khan,Bhopal,Central,Laptop Pro 14,Electronics,3,85000,0.0,255000.0,105647.33,255000,0.0,0.4143032549019608,2025,2,February,Q1,Profitable
ORD02420,2024-07-23,C009,Vivaan Gupta,Kolkata,East,Premium Pen Set,Stationery,1,650,0.2,520.0,91.42,650,130.0,0.1758076923076923,2024,7,July,Q3,Profitable
ORD02421,2024-01-14,C017,Dev Malhotra,Chandigarh,North,Mechanical Keyboard,Electronics,2,4500,0.05,8550.0,3185.43,9000,450.0,0.3725649122807017,2024,1,January,Q1,Profitable
ORD02422,2025-02-21,C009,Vivaan Gupta,Kolkata,East,Travel Bottle,Accessories,4,900,0.05,3420.0,746.71,3600,180.0,0.21833625730994152,2025,2,February,Q1,Profitable
ORD02423,2024-12-23,C012,Myra Kapoor,Lucknow,North,LED Table Lamp,Furniture,1,1800,0.05,1710.0,430.74,1800,90.0,0.2518947368421053,2024,12,December,Q4,Profitable
ORD02424,2025-07-02,C016,Tara Menon,Kochi,South,Smartphone X,Electronics,4,42000,0.15,142800.0,15619.99,168000,25200.0,0.10938368347338935,2025,7,July,Q3,Profitable
ORD02425,2024-01-29,C019,Neil Bhat,Indore,West,Bluetooth Headphones,Electronics,3,3200,0.2,7680.0,1052.82,9600,1920.0,0.1370859375,2024,1,January,Q1,Profitable
ORD02426,2025-11-05,C017,Dev Malhotra,Chandigarh,North,Study Desk,Furniture,2,7200,0.05,13680.0,4900.65,14400,720.0,0.358234649122807,2025,11,November,Q4,Profitable
ORD02427,2025-09-01,C013,Reyansh Shah,Surat,West,File Organizer,Stationery,4,380,0.2,1216.0,220.33,1520,304.0,0.18119243421052633,2025,9,September,Q3,Profitable
ORD02428,2024-04-07,C002,Isha Patel,Pune,West,Bluetooth Headphones,Electronics,3,3200,0.0,9600.0,2708.04,9600,0.0,0.2820875,2024,4,April,Q2,Profitable
ORD02429,2025-09-15,C011,Aditya Mehta,Ahmedabad,West,LED Table Lamp,Furniture,5,1800,0.05,8550.0,3193.27,9000,450.0,0.37348187134502925,2025,9,September,Q3,Profitable
ORD02430,2024-04-26,C005,Kabir Verma,Jaipur,North,Bluetooth Headphones,Electronics,4,3200,0.0,12800.0,3162.47,12800,0.0,0.24706796874999998,2024,4,April,Q2,Profitable
ORD02431,2024-11-18,C020,Sara Khan,Bhopal,Central,Notebook Pack,Stationery,4,450,0.1,1620.0,428.22,1800,180.0,0.26433333333333336,2024,11,November,Q4,Profitable
ORD02432,2024-10-13,C010,Diya Das,Bhubaneswar,East,Laptop Pro 14,Electronics,3,85000,0.1,229500.0,70949.31,255000,25500.0,0.3091473202614379,2024,10,October,Q4,Profitable
ORD02433,2024-06-29,C018,Aanya Iyer,Coimbatore,South,Smartphone X,Electronics,3,42000,0.1,113400.0,24609.52,126000,12600.0,0.2170151675485009,2024,6,June,Q2,Profitable
ORD02434,2025-02-16,C013,Reyansh Shah,Surat,West,Travel Bottle,Accessories,3,900,0.1,2430.0,544.5,2700,270.0,0.22407407407407406,2025,2,February,Q1,Profitable
ORD02435,2024-09-13,C008,Sanya Rao,Hyderabad,South,Laptop Pro 14,Electronics,5,85000,0.0,425000.0,174863.42,425000,0.0,0.41144334117647063,2024,9,September,Q3,Profitable
ORD02436,2024-10-30,C007,Arjun Nair,Chennai,South,Laptop Pro 14,Electronics,4,85000,0.0,340000.0,113606.24,340000,0.0,0.334136,2024,10,October,Q4,Profitable
ORD02437,2025-03-30,C009,Vivaan Gupta,Kolkata,East,Laptop Pro 14,Electronics,2,85000,0.05,161500.0,60022.68,170000,8500.0,0.3716574613003096,2025,3,March,Q1,Profitable
ORD02438,2024-03-06,C009,Vivaan Gupta,Kolkata,East,Bluetooth Headphones,Electronics,5,3200,0.0,16000.0,4106.96,16000,0.0,0.256685,2024,3,March,Q1,Profitable
ORD02439,2024-06-19,C019,Neil Bhat,Indore,West,Bookshelf,Furniture,1,5800,0.1,5220.0,1557.9,5800,580.0,0.29844827586206896,2024,6,June,Q2,Profitable
ORD02440,2024-06-03,C015,Yash Kulkarni,Nagpur,West,File Organizer,Stationery,1,380,0.1,342.0,60.91,380,38.0,0.17809941520467834,2024,6,June,Q2,Profitable
ORD02441,2024-10-24,C014,Kiara Roy,Patna,East,Wireless Mouse,Electronics,3,1200,0.2,2880.0,571.68,3600,720.0,0.19849999999999998,2024,10,October,Q4,Profitable
ORD02442,2025-05-31,C020,Sara Khan,Bhopal,Central,Smartphone X,Electronics,2,42000,0.05,79800.0,27396.34,84000,4200.0,0.3433125313283208,2025,5,May,Q2,Profitable
ORD02443,2025-06-08,C009,Vivaan Gupta,Kolkata,East,Laptop Pro 14,Electronics,4,85000,0.1,306000.0,60370.96,340000,34000.0,0.19729071895424835,2025,6,June,Q2,Profitable
ORD02444,2024-08-16,C012,Myra Kapoor,Lucknow,North,Laptop Pro 14,Electronics,4,85000,0.1,306000.0,79569.77,340000,34000.0,0.26003192810457515,2024,8,August,Q3,Profitable
ORD02445,2024-11-24,C013,Reyansh Shah,Surat,West,Laptop Pro 14,Electronics,1,85000,0.1,76500.0,14742.93,85000,8500.0,0.19271803921568628,2024,11,November,Q4,Profitable
ORD02446,2024-07-13,C001,Aarav Sharma,Mumbai,West,File Organizer,Stationery,3,380,0.05,1083.0,391.57,1140,57.0,0.3615604801477378,2024,7,July,Q3,Profitable
ORD02447,2024-07-14,C017,Dev Malhotra,Chandigarh,North,Laptop Pro 14,Electronics,4,85000,0.05,323000.0,100404.43,340000,17000.0,0.3108496284829721,2024,7,July,Q3,Profitable
ORD02448,2024-08-03,C004,Ananya Singh,Delhi,North,Office Chair,Furniture,5,9500,0.1,42750.0,14708.42,47500,4750.0,0.3440566081871345,2024,8,August,Q3,Profitable
ORD02449,2025-04-28,C003,Rohan Deshmukh,Nashik,West,Bluetooth Headphones,Electronics,3,3200,0.05,9120.0,2099.62,9600,480.0,0.23022149122807017,2025,4,April,Q2,Profitable
ORD02450,2025-11-14,C016,Tara Menon,Kochi,South,Bluetooth Headphones,Electronics,2,3200,0.0,6400.0,2249.13,6400,0.0,0.35142656250000004,2025,11,November,Q4,Profitable
ORD02451,2025-11-01,C020,Sara Khan,Bhopal,Central,Bluetooth Headphones,Electronics,5,3200,0.15,13600.0,2218.49,16000,2400.0,0.16312426470588234,2025,11,November,Q4,Profitable
ORD02452,2025-07-01,C016,Tara Menon,Kochi,South,Study Desk,Furniture,5,7200,0.15,30600.0,8779.5,36000,5400.0,0.28691176470588237,2025,7,July,Q3,Profitable
ORD02453,2025-03-30,C014,Kiara Roy,Patna,East,Study Desk,Furniture,2,7200,0.1,12960.0,3278.0,14400,1440.0,0.2529320987654321,2025,3,March,Q1,Profitable
ORD02454,2025-02-05,C014,Kiara Roy,Patna,East,Notebook Pack,Stationery,2,450,0.15,765.0,128.87,900,135.0,0.16845751633986927,2025,2,February,Q1,Profitable
ORD02455,2024-02-15,C018,Aanya Iyer,Coimbatore,South,Backpack,Accessories,1,2200,0.0,2200.0,652.99,2200,0.0,0.2968136363636364,2024,2,February,Q1,Profitable
ORD02456,2025-10-18,C006,Meera Joshi,Bengaluru,South,USB-C Cable,Accessories,1,750,0.2,600.0,155.54,750,150.0,0.2592333333333333,2025,10,October,Q4,Profitable
ORD02457,2024-03-24,C015,Yash Kulkarni,Nagpur,West,Mechanical Keyboard,Electronics,1,4500,0.2,3600.0,730.86,4500,900.0,0.20301666666666668,2024,3,March,Q1,Profitable
ORD02458,2025-01-02,C015,Yash Kulkarni,Nagpur,West,Backpack,Accessories,2,2200,0.15,3740.0,492.58,4400,660.0,0.13170588235294117,2025,1,January,Q1,Profitable
ORD02459,2025-06-19,C008,Sanya Rao,Hyderabad,South,Travel Bottle,Accessories,4,900,0.1,3240.0,955.43,3600,360.0,0.29488580246913576,2025,6,June,Q2,Profitable
ORD02460,2024-03-29,C001,Aarav Sharma,Mumbai,West,LED Table Lamp,Furniture,2,1800,0.15,3060.0,296.31,3600,540.0,0.09683333333333334,2024,3,March,Q1,Profitable
ORD02461,2024-02-01,C004,Ananya Singh,Delhi,North,Bookshelf,Furniture,5,5800,0.1,26100.0,5627.9,29000,2900.0,0.21562835249042145,2024,2,February,Q1,Profitable
ORD02462,2024-05-27,C016,Tara Menon,Kochi,South,Mechanical Keyboard,Electronics,1,4500,0.05,4275.0,1103.02,4500,225.0,0.25801637426900587,2024,5,May,Q2,Profitable
ORD02463,2024-10-05,C012,Myra Kapoor,Lucknow,North,Premium Pen Set,Stationery,1,650,0.15,552.5,139.75,650,97.5,0.2529411764705882,2024,10,October,Q4,Profitable
ORD02464,2025-04-26,C017,Dev Malhotra,Chandigarh,North,Bluetooth Headphones,Electronics,2,3200,0.1,5760.0,2040.21,6400,640.0,0.354203125,2025,4,April,Q2,Profitable
ORD02465,2025-10-08,C014,Kiara Roy,Patna,East,Premium Pen Set,Stationery,1,650,0.0,650.0,241.3,650,0.0,0.37123076923076925,2025,10,October,Q4,Profitable
ORD02466,2025-05-16,C010,Diya Das,Bhubaneswar,East,Wireless Mouse,Electronics,3,1200,0.1,3240.0,1111.94,3600,360.0,0.34319135802469136,2025,5,May,Q2,Profitable
ORD02467,2025-12-04,C009,Vivaan Gupta,Kolkata,East,Laptop Pro 14,Electronics,5,85000,0.05,403750.0,151552.61,425000,21250.0,0.37536250154798756,2025,12,December,Q4,Profitable
ORD02468,2025-05-30,C011,Aditya Mehta,Ahmedabad,West,File Organizer,Stationery,2,380,0.1,684.0,142.41,760,76.0,0.20820175438596492,2025,5,May,Q2,Profitable
ORD02469,2025-09-28,C012,Myra Kapoor,Lucknow,North,Notebook Pack,Stationery,3,450,0.1,1215.0,221.41,1350,135.0,0.18223045267489713,2025,9,September,Q3,Profitable
ORD02470,2025-12-26,C015,Yash Kulkarni,Nagpur,West,Smartphone X,Electronics,4,42000,0.15,142800.0,21105.36,168000,25200.0,0.1477966386554622,2025,12,December,Q4,Profitable
ORD02471,2024-10-30,C018,Aanya Iyer,Coimbatore,South,File Organizer,Stationery,3,380,0.15,969.0,80.31,1140,171.0,0.08287925696594428,2024,10,October,Q4,Profitable
ORD02472,2024-09-24,C002,Isha Patel,Pune,West,Travel Bottle,Accessories,5,900,0.1,4050.0,1153.7,4500,450.0,0.2848641975308642,2024,9,September,Q3,Profitable
ORD02473,2025-01-22,C013,Reyansh Shah,Surat,West,Notebook Pack,Stationery,1,450,0.05,427.5,89.4,450,22.5,0.20912280701754388,2025,1,January,Q1,Profitable
ORD02474,2024-11-06,C018,Aanya Iyer,Coimbatore,South,Mechanical Keyboard,Electronics,1,4500,0.1,4050.0,1370.26,4500,450.0,0.3383358024691358,2024,11,November,Q4,Profitable
ORD02475,2025-06-02,C013,Reyansh Shah,Surat,West,Travel Bottle,Accessories,3,900,0.0,2700.0,706.2,2700,0.0,0.2615555555555556,2025,6,June,Q2,Profitable
ORD02476,2024-02-11,C013,Reyansh Shah,Surat,West,USB-C Cable,Accessories,2,750,0.05,1425.0,527.75,1500,75.0,0.37035087719298243,2024,2,February,Q1,Profitable
ORD02477,2024-10-14,C001,Aarav Sharma,Mumbai,West,Backpack,Accessories,5,2200,0.1,9900.0,2705.87,11000,1100.0,0.273320202020202,2024,10,October,Q4,Profitable
ORD02478,2024-12-26,C008,Sanya Rao,Hyderabad,South,Premium Pen Set,Stationery,5,650,0.05,3087.5,1114.01,3250,162.5,0.36081295546558706,2024,12,December,Q4,Profitable
ORD02479,2025-04-14,C018,Aanya Iyer,Coimbatore,South,Backpack,Accessories,3,2200,0.0,6600.0,1855.45,6600,0.0,0.28112878787878787,2025,4,April,Q2,Profitable
ORD02480,2025-05-29,C004,Ananya Singh,Delhi,North,Office Chair,Furniture,5,9500,0.0,47500.0,13252.78,47500,0.0,0.2790058947368421,2025,5,May,Q2,Profitable
ORD02481,2024-03-06,C012,Myra Kapoor,Lucknow,North,Premium Pen Set,Stationery,5,650,0.15,2762.5,676.16,3250,487.5,0.24476380090497737,2024,3,March,Q1,Profitable
ORD02482,2024-03-08,C012,Myra Kapoor,Lucknow,North,USB-C Cable,Accessories,4,750,0.0,3000.0,1105.36,3000,0.0,0.3684533333333333,2024,3,March,Q1,Profitable
ORD02483,2024-11-25,C017,Dev Malhotra,Chandigarh,North,Laptop Pro 14,Electronics,2,85000,0.05,161500.0,49736.72,170000,8500.0,0.307967306501548,2024,11,November,Q4,Profitable
ORD02484,2025-10-05,C019,Neil Bhat,Indore,West,Premium Pen Set,Stationery,1,650,0.15,552.5,117.32,650,97.5,0.21234389140271492,2025,10,October,Q4,Profitable
ORD02485,2024-03-24,C009,Vivaan Gupta,Kolkata,East,File Organizer,Stationery,5,380,0.0,1900.0,758.75,1900,0.0,0.3993421052631579,2024,3,March,Q1,Profitable
ORD02486,2024-09-02,C006,Meera Joshi,Bengaluru,South,Mechanical Keyboard,Electronics,5,4500,0.05,21375.0,8239.05,22500,1125.0,0.3854526315789473,2024,9,September,Q3,Profitable
ORD02487,2025-10-06,C011,Aditya Mehta,Ahmedabad,West,Backpack,Accessories,2,2200,0.0,4400.0,987.68,4400,0.0,0.22447272727272727,2025,10,October,Q4,Profitable
ORD02488,2024-12-25,C006,Meera Joshi,Bengaluru,South,Bookshelf,Furniture,2,5800,0.15,9860.0,2396.69,11600,1740.0,0.24307200811359028,2024,12,December,Q4,Profitable
ORD02489,2025-09-21,C020,Sara Khan,Bhopal,Central,Study Desk,Furniture,3,7200,0.0,21600.0,5729.71,21600,0.0,0.2652643518518519,2025,9,September,Q3,Profitable
ORD02490,2024-07-13,C008,Sanya Rao,Hyderabad,South,LED Table Lamp,Furniture,1,1800,0.05,1710.0,352.87,1800,90.0,0.20635672514619882,2024,7,July,Q3,Profitable
ORD02491,2025-08-03,C019,Neil Bhat,Indore,West,Backpack,Accessories,3,2200,0.15,5610.0,698.09,6600,990.0,0.1244367201426025,2025,8,August,Q3,Profitable
ORD02492,2024-06-02,C018,Aanya Iyer,Coimbatore,South,LED Table Lamp,Furniture,1,1800,0.1,1620.0,549.83,1800,180.0,0.3394012345679013,2024,6,June,Q2,Profitable
ORD02493,2024-04-16,C013,Reyansh Shah,Surat,West,Notebook Pack,Stationery,2,450,0.0,900.0,305.96,900,0.0,0.3399555555555555,2024,4,April,Q2,Profitable
ORD02494,2024-01-16,C012,Myra Kapoor,Lucknow,North,Premium Pen Set,Stationery,3,650,0.1,1755.0,613.76,1950,195.0,0.3497207977207977,2024,1,January,Q1,Profitable
ORD02495,2025-04-03,C003,Rohan Deshmukh,Nashik,West,Wireless Mouse,Electronics,1,1200,0.05,1140.0,262.32,1200,60.0,0.23010526315789473,2025,4,April,Q2,Profitable
ORD02496,2025-06-10,C005,Kabir Verma,Jaipur,North,Premium Pen Set,Stationery,3,650,0.0,1950.0,487.07,1950,0.0,0.24977948717948717,2025,6,June,Q2,Profitable
ORD02497,2024-04-05,C002,Isha Patel,Pune,West,Study Desk,Furniture,2,7200,0.1,12960.0,3288.72,14400,1440.0,0.25375925925925924,2024,4,April,Q2,Profitable
ORD02498,2024-07-24,C003,Rohan Deshmukh,Nashik,West,Travel Bottle,Accessories,3,900,0.05,2565.0,468.05,2700,135.0,0.18247563352826512,2024,7,July,Q3,Profitable
ORD02499,2024-09-05,C010,Diya Das,Bhubaneswar,East,Smartphone X,Electronics,2,42000,0.1,75600.0,11774.36,84000,8400.0,0.15574550264550266,2024,9,September,Q3,Profitable
ORD02500,2025-04-01,C014,Kiara Roy,Patna,East,Study Desk,Furniture,3,7200,0.05,20520.0,7014.37,21600,1080.0,0.34183089668615985,2025,4,April,Q2,Profitable
